2026-08-21T17:43:58.780Z HEARTBEAT
2026-08-21T17:46:29.654Z fetch retry 1: fetch failed
2026-08-21T17:46:29.708Z fetch retry 2: fetch failed
2026-08-21T17:46:29.757Z LOOP ERROR: fetch failed
2026-08-21T17:48:58.792Z HEARTBEAT
2026-08-21T17:50:00.411Z cycle: 29 pending, 1 due
2026-08-21T17:50:01.086Z OK 大贝壳 已停止刷新 (201)
2026-08-21T17:53:58.794Z HEARTBEAT
2026-08-21T17:58:58.807Z HEARTBEAT
2026-08-21T18:03:58.807Z HEARTBEAT
2026-08-21T18:08:58.808Z HEARTBEAT
2026-08-21T18:09:30.935Z cycle: 31 pending, 1 due
2026-08-21T18:09:31.763Z OK 夕阳花 已停止刷新 (201)
2026-08-21T18:13:58.808Z HEARTBEAT
2026-08-21T18:18:31.580Z cycle: 29 pending, 2 due
2026-08-21T18:18:32.179Z OK 水池龟 分身4 物资已刷新 (201)
2026-08-21T18:18:32.867Z OK 水池龟 分身4 物资已刷新 (201)
2026-08-21T18:18:58.810Z HEARTBEAT
2026-08-21T18:23:31.131Z cycle: 27 pending, 4 due
2026-08-21T18:23:31.765Z OK 水池龟 分身3 物资已刷新 (201)
2026-08-21T18:23:32.225Z OK 水池龟 分身3 物资已刷新 (201)
2026-08-21T18:23:32.665Z OK 水池龟 分身2 物资已刷新 (201)
2026-08-21T18:23:33.104Z OK 水池龟 分身2 物资已刷新 (201)
2026-08-21T18:23:58.810Z HEARTBEAT
2026-08-21T18:28:58.811Z HEARTBEAT
2026-08-21T18:33:58.813Z HEARTBEAT
2026-08-21T18:38:58.813Z HEARTBEAT
2026-08-21T18:41:30.196Z cycle: 24 pending, 1 due
2026-08-21T18:41:30.817Z OK 辣椒 物资已刷新 (201)
2026-08-21T18:43:58.814Z HEARTBEAT
2026-08-21T18:48:58.813Z HEARTBEAT
2026-08-21T18:53:58.814Z HEARTBEAT
2026-08-21T18:58:58.814Z HEARTBEAT
2026-08-21T19:03:58.814Z HEARTBEAT
2026-08-21T19:08:58.814Z HEARTBEAT
2026-08-21T19:13:58.814Z HEARTBEAT
2026-08-21T19:18:58.814Z HEARTBEAT
2026-08-21T19:23:58.815Z HEARTBEAT
2026-08-21T19:28:58.816Z HEARTBEAT
2026-08-21T19:33:58.823Z HEARTBEAT
2026-08-21T19:35:30.520Z cycle: 23 pending, 2 due
2026-08-21T19:35:31.144Z OK 大贝壳 刷新时间已到 (201)
2026-08-21T19:35:31.484Z OK 芙蕾雅宝箱 已停止刷新 (201)
2026-08-21T19:38:58.827Z HEARTBEAT
2026-08-21T19:43:58.829Z HEARTBEAT
2026-08-21T19:47:00.644Z cycle: 21 pending, 1 due
2026-08-21T19:47:01.461Z OK 瓦雷亚宝箱 刷新时间已到 (201)
2026-08-21T19:48:58.843Z HEARTBEAT
2026-08-21T19:50:00.712Z cycle: 20 pending, 2 due
2026-08-21T19:50:01.366Z OK 芙蕾雅宝箱 分身3 已停止刷新 (201)
2026-08-21T19:50:01.707Z OK 芙蕾雅宝箱 分身3 已停止刷新 (201)
2026-08-21T19:53:58.845Z HEARTBEAT
2026-08-21T19:56:30.752Z cycle: 18 pending, 1 due
2026-08-21T19:56:31.361Z OK 龙鱼王 刷新时间已到 (201)
2026-08-21T19:58:58.855Z HEARTBEAT
2026-08-21T20:03:58.857Z HEARTBEAT
2026-08-21T20:08:58.865Z HEARTBEAT
2026-08-21T20:13:58.880Z HEARTBEAT
2026-08-21T20:18:58.887Z HEARTBEAT
2026-08-21T20:23:58.892Z HEARTBEAT
2026-08-21T20:28:58.904Z HEARTBEAT
2026-08-21T20:33:01.317Z cycle: 17 pending, 1 due
2026-08-21T20:33:01.947Z OK 暴动矿源虫 刷新时间已到 (201)
2026-08-21T20:33:58.908Z HEARTBEAT
2026-08-21T20:38:58.910Z HEARTBEAT
2026-08-21T20:43:58.918Z HEARTBEAT
2026-08-21T20:48:58.923Z HEARTBEAT
2026-08-21T20:53:58.927Z HEARTBEAT
2026-08-21T20:58:58.929Z HEARTBEAT
2026-08-21T21:03:58.936Z HEARTBEAT
2026-08-21T21:08:58.949Z HEARTBEAT
2026-08-21T21:13:58.962Z HEARTBEAT
2026-08-21T21:18:58.975Z HEARTBEAT
2026-08-21T21:23:58.985Z HEARTBEAT
2026-08-21T21:28:58.999Z HEARTBEAT
2026-08-21T21:33:59.000Z HEARTBEAT
2026-08-21T21:38:59.001Z HEARTBEAT
2026-08-21T21:43:59.016Z HEARTBEAT
2026-08-21T21:47:06.500Z cycle: 19 pending, 1 due
2026-08-21T21:47:07.158Z OK 瓦雷亚宝箱 已停止刷新 (201)
2026-08-21T21:48:59.026Z HEARTBEAT
2026-08-21T21:53:59.027Z HEARTBEAT
2026-08-21T21:58:59.040Z HEARTBEAT
2026-08-21T22:03:59.042Z HEARTBEAT
2026-08-21T22:08:59.049Z HEARTBEAT
2026-08-21T22:13:59.057Z HEARTBEAT
2026-08-21T22:18:59.060Z HEARTBEAT
2026-08-21T22:23:59.064Z HEARTBEAT
2026-08-21T22:28:59.073Z HEARTBEAT
2026-08-21T22:33:03.278Z cycle: 20 pending, 1 due
2026-08-21T22:33:03.893Z OK 暴动矿源虫 已停止刷新 (201)
2026-08-21T22:33:59.082Z HEARTBEAT
2026-08-21T22:38:59.097Z HEARTBEAT
2026-08-21T22:43:59.108Z HEARTBEAT
2026-08-21T22:48:59.120Z HEARTBEAT
2026-08-21T22:53:59.124Z HEARTBEAT
2026-08-21T22:58:59.128Z HEARTBEAT
2026-08-21T23:03:59.139Z HEARTBEAT
2026-08-21T23:08:59.153Z HEARTBEAT
2026-08-21T23:13:59.165Z HEARTBEAT
2026-08-21T23:18:59.174Z HEARTBEAT
2026-08-21T23:23:59.174Z HEARTBEAT
2026-08-21T23:28:59.179Z HEARTBEAT
2026-08-21T23:33:59.196Z HEARTBEAT
2026-08-21T23:38:59.206Z HEARTBEAT
2026-08-21T23:43:59.210Z HEARTBEAT
2026-08-21T23:48:59.217Z HEARTBEAT
2026-08-21T23:53:59.220Z HEARTBEAT
2026-08-21T23:58:59.225Z HEARTBEAT
2026-08-22T00:03:59.240Z HEARTBEAT
2026-08-22T00:08:59.249Z HEARTBEAT
2026-08-22T00:10:38.661Z cycle: 27 pending, 1 due
2026-08-22T00:10:39.316Z OK 钻头 分身1 物资已刷新 (201)
2026-08-22T00:13:59.255Z HEARTBEAT
2026-08-22T00:18:59.260Z HEARTBEAT
2026-08-22T00:23:04.864Z cycle: 25 pending, 1 due
2026-08-22T00:23:05.551Z OK 龟壳珍宝 刷新时间已到 (201)
2026-08-22T00:23:59.266Z HEARTBEAT
2026-08-22T00:28:59.272Z HEARTBEAT
2026-08-22T00:33:59.278Z HEARTBEAT
2026-08-22T00:38:59.282Z HEARTBEAT
2026-08-22T00:43:59.297Z HEARTBEAT
2026-08-22T00:48:59.299Z HEARTBEAT
2026-08-22T00:52:35.219Z cycle: 24 pending, 1 due
2026-08-22T00:52:36.055Z OK 芙蕾雅宝箱 物资已刷新 (201)
2026-08-22T00:53:59.311Z HEARTBEAT
2026-08-22T00:58:59.314Z HEARTBEAT
2026-08-22T00:59:37.892Z cycle: 23 pending, 1 due
2026-08-22T00:59:38.698Z OK 深海珊瑚 物资已刷新 (201)
2026-08-22T01:03:59.328Z HEARTBEAT
2026-08-22T01:08:59.332Z HEARTBEAT
2026-08-22T01:13:59.345Z HEARTBEAT
2026-08-22T01:18:59.349Z HEARTBEAT
2026-08-22T01:23:59.361Z HEARTBEAT
2026-08-22T01:28:59.369Z HEARTBEAT
2026-08-22T01:32:36.044Z cycle: 22 pending, 1 due
2026-08-22T01:32:36.645Z OK 龟壳珍宝 刷新时间已到 (201)
2026-08-22T01:33:35.968Z cycle: 21 pending, 1 due
2026-08-22T01:33:36.539Z OK 真龙宝藏 刷新时间已到 (201)
2026-08-22T01:33:59.377Z HEARTBEAT
2026-08-22T01:38:59.385Z HEARTBEAT
2026-08-22T01:43:59.388Z HEARTBEAT
2026-08-22T01:48:59.392Z HEARTBEAT
2026-08-22T01:53:59.403Z HEARTBEAT
2026-08-22T01:58:59.410Z HEARTBEAT
2026-08-22T02:03:59.423Z HEARTBEAT
2026-08-22T02:08:59.429Z HEARTBEAT
2026-08-22T02:13:59.437Z HEARTBEAT
2026-08-22T02:18:59.439Z HEARTBEAT
2026-08-22T02:23:59.445Z HEARTBEAT
2026-08-22T02:28:59.453Z HEARTBEAT
2026-08-22T02:33:59.454Z HEARTBEAT
2026-08-22T02:38:59.457Z HEARTBEAT
2026-08-22T02:43:59.460Z HEARTBEAT
2026-08-22T02:48:59.466Z HEARTBEAT
2026-08-22T02:53:59.476Z HEARTBEAT
2026-08-22T02:58:59.481Z HEARTBEAT
2026-08-22T03:03:59.485Z HEARTBEAT
2026-08-22T03:08:59.488Z HEARTBEAT
2026-08-22T03:13:59.490Z HEARTBEAT
2026-08-22T03:18:59.501Z HEARTBEAT
2026-08-22T03:21:37.440Z cycle: 20 pending, 1 due
2026-08-22T03:21:38.059Z OK 大贝壳 物资已刷新 (201)
2026-08-22T03:23:59.505Z HEARTBEAT
2026-08-22T03:28:59.520Z HEARTBEAT
2026-08-22T03:33:59.526Z HEARTBEAT
2026-08-22T03:38:59.537Z HEARTBEAT
2026-08-22T03:43:59.552Z HEARTBEAT
2026-08-22T03:48:59.553Z HEARTBEAT
2026-08-22T03:53:59.560Z HEARTBEAT
2026-08-22T03:58:59.567Z HEARTBEAT
2026-08-22T04:03:59.571Z HEARTBEAT
2026-08-22T04:08:59.581Z HEARTBEAT
2026-08-22T04:13:59.595Z HEARTBEAT
2026-08-22T04:18:59.602Z HEARTBEAT
2026-08-22T04:22:42.387Z cycle: 19 pending, 1 due
2026-08-22T04:22:43.186Z OK 龟壳珍宝 已停止刷新 (201)
2026-08-22T04:23:59.612Z HEARTBEAT
2026-08-22T04:28:59.627Z HEARTBEAT
2026-08-22T04:33:59.633Z HEARTBEAT
2026-08-22T04:38:59.633Z HEARTBEAT
2026-08-22T04:43:59.645Z HEARTBEAT
2026-08-22T04:48:59.655Z HEARTBEAT
2026-08-22T04:53:59.667Z HEARTBEAT
2026-08-22T04:58:59.669Z HEARTBEAT
2026-08-22T05:03:59.674Z HEARTBEAT
2026-08-22T05:08:59.689Z HEARTBEAT
2026-08-22T05:10:09.086Z cycle: 18 pending, 1 due
2026-08-22T05:10:09.767Z OK 龙鱼王 刷新时间已到 (201)
2026-08-22T05:13:59.696Z HEARTBEAT
2026-08-22T05:18:59.697Z HEARTBEAT
2026-08-22T05:23:59.698Z HEARTBEAT
2026-08-22T05:28:59.703Z HEARTBEAT
2026-08-22T05:32:13.537Z cycle: 17 pending, 1 due
2026-08-22T05:32:14.343Z OK 龟壳珍宝 已停止刷新 (201)
2026-08-22T05:33:39.558Z cycle: 16 pending, 1 due
2026-08-22T05:33:40.315Z OK 真龙宝藏 已停止刷新 (201)
2026-08-22T05:33:59.708Z HEARTBEAT
2026-08-22T05:36:39.484Z cycle: 15 pending, 1 due
2026-08-22T05:36:40.165Z OK 霜冻龙涎草 刷新时间已到 (201)
2026-08-22T05:38:59.720Z HEARTBEAT
2026-08-22T05:43:59.722Z HEARTBEAT
2026-08-22T05:48:59.733Z HEARTBEAT
2026-08-22T05:53:59.743Z HEARTBEAT
2026-08-22T05:58:59.755Z HEARTBEAT
2026-08-22T06:03:59.760Z HEARTBEAT
2026-08-22T06:08:59.767Z HEARTBEAT
2026-08-22T06:13:59.782Z HEARTBEAT
2026-08-22T06:18:59.782Z HEARTBEAT
2026-08-22T06:23:59.785Z HEARTBEAT
2026-08-22T06:28:59.786Z HEARTBEAT
2026-08-22T06:33:59.798Z HEARTBEAT
2026-08-22T06:38:59.807Z HEARTBEAT
2026-08-22T06:43:59.821Z HEARTBEAT
2026-08-22T06:48:59.833Z HEARTBEAT
2026-08-22T06:53:59.842Z HEARTBEAT
2026-08-22T06:58:59.851Z HEARTBEAT
2026-08-22T07:03:59.855Z HEARTBEAT
2026-08-22T07:08:59.871Z HEARTBEAT
2026-08-22T07:13:59.881Z HEARTBEAT
2026-08-22T07:18:59.882Z HEARTBEAT
2026-08-22T07:23:59.885Z HEARTBEAT
2026-08-22T07:28:59.889Z HEARTBEAT
2026-08-22T07:33:59.904Z HEARTBEAT
2026-08-22T07:38:59.905Z HEARTBEAT
2026-08-22T07:43:59.912Z HEARTBEAT
2026-08-22T07:48:59.916Z HEARTBEAT
2026-08-22T07:53:59.915Z HEARTBEAT
2026-08-22T07:56:45.677Z cycle: 16 pending, 1 due
2026-08-22T07:56:46.921Z OK 龙鱼王 已停止刷新 (201)
2026-08-22T07:58:59.918Z HEARTBEAT
2026-08-22T08:03:59.920Z HEARTBEAT
2026-08-22T08:08:59.927Z HEARTBEAT
2026-08-22T08:13:15.735Z cycle: 15 pending, 1 due
2026-08-22T08:13:16.476Z OK 深海珊瑚 刷新时间已到 (201)
2026-08-22T08:13:59.938Z HEARTBEAT
2026-08-22T08:18:59.942Z HEARTBEAT
2026-08-22T08:23:59.949Z HEARTBEAT
2026-08-22T08:28:59.957Z HEARTBEAT
2026-08-22T08:33:59.970Z HEARTBEAT
2026-08-22T08:38:59.977Z HEARTBEAT
2026-08-22T08:43:59.982Z HEARTBEAT
2026-08-22T08:48:59.988Z HEARTBEAT
2026-08-22T08:53:59.999Z HEARTBEAT
2026-08-22T08:59:00.001Z HEARTBEAT
2026-08-22T09:04:00.001Z HEARTBEAT
2026-08-22T09:09:00.007Z HEARTBEAT
2026-08-22T09:14:00.011Z HEARTBEAT
2026-08-22T09:19:00.020Z HEARTBEAT
2026-08-22T09:24:00.033Z HEARTBEAT
2026-08-22T09:29:00.038Z HEARTBEAT
2026-08-22T09:34:00.047Z HEARTBEAT
2026-08-22T09:39:00.061Z HEARTBEAT
2026-08-22T09:44:00.065Z HEARTBEAT
2026-08-22T09:49:00.070Z HEARTBEAT
2026-08-22T09:54:00.082Z HEARTBEAT
2026-08-22T09:59:00.094Z HEARTBEAT
2026-08-22T10:04:00.105Z HEARTBEAT
2026-08-22T10:09:00.117Z HEARTBEAT
2026-08-22T10:14:00.128Z HEARTBEAT
2026-08-22T10:19:00.135Z HEARTBEAT
2026-08-22T10:24:00.144Z HEARTBEAT
2026-08-22T10:29:00.151Z HEARTBEAT
2026-08-22T10:34:00.163Z HEARTBEAT
2026-08-22T10:39:00.175Z HEARTBEAT
2026-08-22T10:44:00.177Z HEARTBEAT
2026-08-22T10:49:00.181Z HEARTBEAT
2026-08-22T10:54:00.195Z HEARTBEAT
2026-08-22T10:59:00.202Z HEARTBEAT
2026-08-22T11:04:00.216Z HEARTBEAT
2026-08-22T11:09:00.223Z HEARTBEAT
2026-08-22T11:14:00.228Z HEARTBEAT
2026-08-22T11:19:00.240Z HEARTBEAT
2026-08-22T11:24:00.247Z HEARTBEAT
2026-08-22T11:29:00.247Z HEARTBEAT
2026-08-22T11:34:00.248Z HEARTBEAT
2026-08-22T11:36:44.738Z cycle: 19 pending, 1 due
2026-08-22T11:36:45.365Z OK 霜冻龙涎草 已停止刷新 (201)
2026-08-22T11:39:00.250Z HEARTBEAT
2026-08-22T11:44:00.250Z HEARTBEAT
2026-08-22T11:49:00.250Z HEARTBEAT
2026-08-22T11:54:00.250Z HEARTBEAT
2026-08-22T11:59:00.250Z HEARTBEAT
2026-08-22T12:04:00.251Z HEARTBEAT
2026-08-22T12:09:00.250Z HEARTBEAT
2026-08-22T12:14:00.251Z HEARTBEAT
2026-08-22T12:19:00.250Z HEARTBEAT
2026-08-22T12:24:00.253Z HEARTBEAT
2026-08-22T12:29:00.254Z HEARTBEAT
2026-08-22T12:34:00.253Z HEARTBEAT
2026-08-22T12:39:00.252Z HEARTBEAT
2026-08-22T12:44:00.253Z HEARTBEAT
2026-08-22T12:46:44.818Z cycle: 22 pending, 1 due
2026-08-22T12:46:45.435Z OK 芙蕾雅宝箱 刷新时间已到 (201)
2026-08-22T12:49:00.253Z HEARTBEAT
2026-08-22T12:54:00.255Z HEARTBEAT
2026-08-22T12:59:00.255Z HEARTBEAT
2026-08-22T13:00:44.793Z cycle: 21 pending, 1 due
2026-08-22T13:00:45.465Z OK 收小麦 物资已刷新 (201)
2026-08-22T13:03:49.014Z cycle: 20 pending, 1 due
2026-08-22T13:03:50.000Z OK 芙蕾雅宝箱 分身2 刷新时间已到 (201)
2026-08-22T13:04:00.255Z HEARTBEAT
2026-08-22T13:09:00.255Z HEARTBEAT
2026-08-22T13:14:00.258Z HEARTBEAT
2026-08-22T13:19:00.258Z HEARTBEAT
2026-08-22T13:24:00.258Z HEARTBEAT
2026-08-22T13:29:00.259Z HEARTBEAT
2026-08-22T13:34:00.258Z HEARTBEAT
2026-08-22T13:39:00.259Z HEARTBEAT
2026-08-22T13:43:45.114Z cycle: 21 pending, 1 due
2026-08-22T13:43:46.942Z OK 龟壳珍宝 刷新时间已到 (201)
2026-08-22T13:44:00.260Z HEARTBEAT
2026-08-22T13:46:24.935Z fetch retry 1: fetch failed
2026-08-22T13:49:00.260Z HEARTBEAT
2026-08-22T13:51:45.253Z cycle: 20 pending, 1 due
2026-08-22T13:51:46.114Z OK 芙蕾雅宝箱 分身5 刷新时间已到 (201)
2026-08-22T13:54:00.263Z HEARTBEAT
2026-08-22T13:59:00.262Z HEARTBEAT
2026-08-22T14:04:00.262Z HEARTBEAT
2026-08-22T14:09:00.262Z HEARTBEAT
2026-08-22T14:12:49.032Z cycle: 19 pending, 1 due
2026-08-22T14:12:51.609Z OK 深海珊瑚 已停止刷新 (201)
2026-08-22T14:14:00.262Z HEARTBEAT
2026-08-22T14:19:00.263Z HEARTBEAT
2026-08-22T14:24:00.262Z HEARTBEAT
2026-08-22T14:29:00.265Z HEARTBEAT
2026-08-22T14:32:15.016Z cycle: 18 pending, 1 due
2026-08-22T14:32:15.709Z OK 从容花苞 刷新时间已到 (201)
2026-08-22T14:34:00.279Z HEARTBEAT
2026-08-22T14:39:00.278Z HEARTBEAT
2026-08-22T14:44:00.281Z HEARTBEAT
2026-08-22T14:48:58.935Z HEARTBEAT
2026-08-22T14:53:58.938Z HEARTBEAT
2026-08-22T14:58:58.944Z HEARTBEAT
2026-08-22T15:03:58.950Z HEARTBEAT
2026-08-22T15:08:58.952Z HEARTBEAT
2026-08-22T15:13:58.952Z HEARTBEAT
2026-08-22T15:18:58.959Z HEARTBEAT
2026-08-22T15:23:58.968Z HEARTBEAT
2026-08-22T15:28:58.979Z HEARTBEAT
2026-08-22T15:32:14.744Z cycle: 17 pending, 1 due
2026-08-22T15:32:15.971Z OK 从容花苞 已停止刷新 (201)
2026-08-22T15:33:58.985Z HEARTBEAT
2026-08-22T15:38:58.987Z HEARTBEAT
2026-08-22T15:43:59.000Z HEARTBEAT
2026-08-22T15:48:59.004Z HEARTBEAT
2026-08-22T15:53:59.006Z HEARTBEAT
2026-08-22T15:58:59.014Z HEARTBEAT
2026-08-22T16:03:59.024Z HEARTBEAT
2026-08-22T16:08:59.027Z HEARTBEAT
2026-08-22T16:13:59.028Z HEARTBEAT
2026-08-22T16:18:59.039Z HEARTBEAT
2026-08-22T16:23:59.052Z HEARTBEAT
2026-08-22T16:28:59.060Z HEARTBEAT
2026-08-22T16:33:59.075Z HEARTBEAT
2026-08-22T16:38:59.074Z HEARTBEAT
2026-08-22T16:43:59.081Z HEARTBEAT
2026-08-22T16:46:45.738Z cycle: 16 pending, 1 due
2026-08-22T16:46:47.361Z OK 芙蕾雅宝箱 已停止刷新 (201)
2026-08-22T16:48:59.085Z HEARTBEAT
2026-08-22T16:53:59.089Z HEARTBEAT
2026-08-22T16:58:59.104Z HEARTBEAT
2026-08-22T17:03:45.993Z cycle: 17 pending, 1 due
2026-08-22T17:03:46.820Z OK 芙蕾雅宝箱 分身2 已停止刷新 (201)
2026-08-22T17:03:59.115Z HEARTBEAT
2026-08-22T17:08:59.129Z HEARTBEAT
2026-08-22T17:09:46.206Z cycle: 16 pending, 1 due
2026-08-22T17:09:46.864Z OK 龙鱼王 已停止刷新 (201)
2026-08-22T17:13:59.133Z HEARTBEAT
2026-08-22T17:18:59.141Z HEARTBEAT
2026-08-22T17:23:59.154Z HEARTBEAT
2026-08-22T17:28:59.159Z HEARTBEAT
2026-08-22T17:33:59.172Z HEARTBEAT
2026-08-22T17:38:59.181Z HEARTBEAT
2026-08-22T17:43:50.754Z cycle: 15 pending, 1 due
2026-08-22T17:43:51.408Z OK 龟壳珍宝 已停止刷新 (201)
2026-08-22T17:43:59.190Z HEARTBEAT
2026-08-22T17:48:59.194Z HEARTBEAT
2026-08-22T17:51:46.839Z cycle: 15 pending, 1 due
2026-08-22T17:51:47.475Z OK 芙蕾雅宝箱 分身5 已停止刷新 (201)
2026-08-22T17:53:59.204Z HEARTBEAT
2026-08-22T17:58:59.218Z HEARTBEAT
2026-08-22T18:03:59.230Z HEARTBEAT
2026-08-22T18:08:59.235Z HEARTBEAT
2026-08-22T18:13:59.240Z HEARTBEAT
2026-08-22T18:16:47.221Z cycle: 15 pending, 1 due
2026-08-22T18:16:48.182Z OK 钻头 分身4 物资已刷新 (201)
2026-08-22T18:18:59.253Z HEARTBEAT
2026-08-22T18:23:47.319Z cycle: 15 pending, 1 due
2026-08-22T18:23:47.981Z OK 钻头 分身1 物资已刷新 (201)
2026-08-22T18:23:59.258Z HEARTBEAT
2026-08-22T18:24:47.141Z cycle: 14 pending, 1 due
2026-08-22T18:24:47.790Z OK 夕阳花 刷新时间已到 (201)
2026-08-22T18:27:17.174Z cycle: 14 pending, 1 due
2026-08-22T18:27:18.754Z OK 钻头 分身2 物资已刷新 (201)
2026-08-22T18:28:59.265Z HEARTBEAT
2026-08-22T18:33:59.274Z HEARTBEAT
2026-08-22T18:38:59.275Z HEARTBEAT
2026-08-22T18:43:59.282Z HEARTBEAT
2026-08-22T18:48:59.293Z HEARTBEAT
2026-08-22T18:53:47.766Z cycle: 13 pending, 1 due
2026-08-22T18:53:48.404Z OK 龟壳珍宝 刷新时间已到 (201)
2026-08-22T18:53:59.304Z HEARTBEAT
2026-08-22T18:58:59.312Z HEARTBEAT
2026-08-22T19:03:59.322Z HEARTBEAT
2026-08-22T19:08:59.337Z HEARTBEAT
2026-08-22T19:13:51.867Z cycle: 14 pending, 1 due
2026-08-22T19:13:52.488Z OK 钻头 物资已刷新 (201)
2026-08-22T19:13:59.348Z HEARTBEAT
2026-08-22T19:18:59.362Z HEARTBEAT
2026-08-22T19:23:59.363Z HEARTBEAT
2026-08-22T19:28:59.368Z HEARTBEAT
2026-08-22T19:33:59.369Z HEARTBEAT
2026-08-22T19:38:59.381Z HEARTBEAT
2026-08-22T19:43:59.383Z HEARTBEAT
2026-08-22T19:45:48.476Z cycle: 14 pending, 1 due
2026-08-22T19:45:49.087Z OK 龙涎草 物资已刷新 (201)
2026-08-22T19:48:59.385Z HEARTBEAT
2026-08-22T19:52:52.455Z cycle: 14 pending, 1 due
2026-08-22T19:52:53.072Z OK 钻头 分身4 物资已刷新 (201)
2026-08-22T19:53:59.386Z HEARTBEAT
2026-08-22T19:58:59.393Z HEARTBEAT
2026-08-22T20:03:59.395Z HEARTBEAT
2026-08-22T20:08:59.397Z HEARTBEAT
2026-08-22T20:13:59.406Z HEARTBEAT
2026-08-22T20:18:59.421Z HEARTBEAT
2026-08-22T20:20:18.778Z cycle: 13 pending, 1 due
2026-08-22T20:20:19.426Z OK 钻头 物资已刷新 (201)
2026-08-22T20:23:59.431Z HEARTBEAT
2026-08-22T20:28:59.441Z HEARTBEAT
2026-08-22T20:33:59.452Z HEARTBEAT
2026-08-22T20:38:59.457Z HEARTBEAT
2026-08-22T20:43:59.463Z HEARTBEAT
2026-08-22T20:48:59.475Z HEARTBEAT
2026-08-22T20:53:59.485Z HEARTBEAT
2026-08-22T20:58:59.493Z HEARTBEAT
2026-08-22T21:03:59.495Z HEARTBEAT
2026-08-22T21:08:59.502Z HEARTBEAT
2026-08-22T21:11:49.711Z cycle: 14 pending, 1 due
2026-08-22T21:11:50.373Z OK 大贝壳 刷新时间已到 (201)
2026-08-22T21:13:59.507Z HEARTBEAT
2026-08-22T21:18:59.509Z HEARTBEAT
2026-08-22T21:23:59.515Z HEARTBEAT
2026-08-22T21:28:59.529Z HEARTBEAT
2026-08-22T21:33:59.530Z HEARTBEAT
2026-08-22T21:38:59.530Z HEARTBEAT
2026-08-22T21:43:59.542Z HEARTBEAT
2026-08-22T21:48:59.542Z HEARTBEAT
2026-08-22T21:53:59.546Z HEARTBEAT
2026-08-22T21:58:59.547Z HEARTBEAT
2026-08-22T22:03:59.552Z HEARTBEAT
2026-08-22T22:08:59.568Z HEARTBEAT
2026-08-22T22:13:59.579Z HEARTBEAT
2026-08-22T22:18:59.593Z HEARTBEAT
2026-08-22T22:23:59.604Z HEARTBEAT
2026-08-22T22:24:50.683Z cycle: 15 pending, 1 due
2026-08-22T22:24:51.302Z OK 夕阳花 已停止刷新 (201)
2026-08-22T22:28:59.611Z HEARTBEAT
2026-08-22T22:33:59.621Z HEARTBEAT
2026-08-22T22:38:59.636Z HEARTBEAT
2026-08-22T22:43:59.649Z HEARTBEAT
2026-08-22T22:48:59.660Z HEARTBEAT
2026-08-22T22:53:51.072Z cycle: 14 pending, 2 due
2026-08-22T22:53:51.875Z OK 大贝壳 刷新时间已到 (201)
2026-08-22T22:53:52.505Z OK 龟壳珍宝 已停止刷新 (201)
2026-08-22T22:53:59.665Z HEARTBEAT
2026-08-22T22:58:59.676Z HEARTBEAT
2026-08-22T23:03:59.675Z HEARTBEAT
2026-08-22T23:08:59.675Z HEARTBEAT
2026-08-22T23:13:59.688Z HEARTBEAT
2026-08-22T23:18:59.696Z HEARTBEAT
2026-08-22T23:23:59.710Z HEARTBEAT
2026-08-22T23:28:59.711Z HEARTBEAT
2026-08-22T23:33:59.713Z HEARTBEAT
2026-08-22T23:38:59.719Z HEARTBEAT
2026-08-22T23:43:59.729Z HEARTBEAT
2026-08-22T23:48:59.732Z HEARTBEAT
2026-08-22T23:53:59.736Z HEARTBEAT
2026-08-22T23:58:59.750Z HEARTBEAT
2026-08-23T00:03:59.762Z HEARTBEAT
2026-08-23T00:08:59.779Z HEARTBEAT
2026-08-23T00:13:59.783Z HEARTBEAT
2026-08-23T00:18:59.783Z HEARTBEAT
2026-08-23T00:23:59.784Z HEARTBEAT
2026-08-23T00:28:59.791Z HEARTBEAT
2026-08-23T00:33:59.798Z HEARTBEAT
2026-08-23T00:38:59.801Z HEARTBEAT
2026-08-23T00:43:59.805Z HEARTBEAT
2026-08-23T00:48:59.810Z HEARTBEAT
2026-08-23T00:53:59.814Z HEARTBEAT
2026-08-23T00:58:59.829Z HEARTBEAT
2026-08-23T01:03:59.829Z HEARTBEAT
2026-08-23T01:08:59.829Z HEARTBEAT
2026-08-23T01:11:53.057Z cycle: 14 pending, 1 due
2026-08-23T01:11:53.699Z OK 大贝壳 已停止刷新 (201)
2026-08-23T01:13:59.844Z HEARTBEAT
2026-08-23T01:18:59.857Z HEARTBEAT
2026-08-23T01:23:59.860Z HEARTBEAT
2026-08-23T01:28:59.860Z HEARTBEAT
2026-08-23T01:33:59.864Z HEARTBEAT
2026-08-23T01:38:59.876Z HEARTBEAT
2026-08-23T01:43:59.875Z HEARTBEAT
2026-08-23T01:48:59.888Z HEARTBEAT
2026-08-23T01:53:59.895Z HEARTBEAT
2026-08-23T01:58:59.901Z HEARTBEAT
2026-08-23T02:03:59.909Z HEARTBEAT
2026-08-23T02:08:59.916Z HEARTBEAT
2026-08-23T02:13:59.923Z HEARTBEAT
2026-08-23T02:16:57.955Z cycle: 13 pending, 1 due
2026-08-23T02:16:58.690Z OK 水猴子 刷新时间已到 (201)
2026-08-23T02:18:59.924Z HEARTBEAT
2026-08-23T02:23:59.939Z HEARTBEAT
2026-08-23T02:28:59.949Z HEARTBEAT
2026-08-23T02:33:59.955Z HEARTBEAT
2026-08-23T02:38:59.964Z HEARTBEAT
2026-08-23T02:42:58.558Z cycle: 14 pending, 1 due
2026-08-23T02:42:59.231Z OK 芙蕾雅宝箱 刷新时间已到 (201)
2026-08-23T02:43:59.978Z HEARTBEAT
2026-08-23T02:48:59.981Z HEARTBEAT
2026-08-23T02:53:54.568Z cycle: 13 pending, 1 due
2026-08-23T02:53:56.096Z OK 大贝壳 已停止刷新 (201)
2026-08-23T02:53:59.983Z HEARTBEAT
2026-08-23T02:58:59.994Z HEARTBEAT
2026-08-23T03:03:59.997Z HEARTBEAT
2026-08-23T03:08:59.997Z HEARTBEAT
2026-08-23T03:14:00.001Z HEARTBEAT
2026-08-23T03:19:00.002Z HEARTBEAT
2026-08-23T03:24:00.015Z HEARTBEAT
2026-08-23T03:29:00.029Z HEARTBEAT
2026-08-23T03:34:00.030Z HEARTBEAT
2026-08-23T03:39:00.035Z HEARTBEAT
2026-08-23T03:44:00.040Z HEARTBEAT
2026-08-23T03:49:00.051Z HEARTBEAT
2026-08-23T03:54:00.062Z HEARTBEAT
2026-08-23T03:57:55.627Z cycle: 15 pending, 1 due
2026-08-23T03:57:56.532Z OK 辣椒 物资已刷新 (201)
2026-08-23T03:59:00.070Z HEARTBEAT
2026-08-23T04:04:00.074Z HEARTBEAT
2026-08-23T04:09:00.076Z HEARTBEAT
2026-08-23T04:14:00.082Z HEARTBEAT
2026-08-23T04:19:00.093Z HEARTBEAT
2026-08-23T04:24:00.096Z HEARTBEAT
2026-08-23T04:29:00.110Z HEARTBEAT
2026-08-23T04:34:00.109Z HEARTBEAT
2026-08-23T04:39:00.111Z HEARTBEAT
2026-08-23T04:41:26.223Z cycle: 14 pending, 1 due
2026-08-23T04:41:26.959Z OK 芙蕾雅宝箱 分身9 刷新时间已到 (201)
2026-08-23T04:44:00.111Z HEARTBEAT
2026-08-23T04:49:00.112Z HEARTBEAT
2026-08-23T04:54:00.111Z HEARTBEAT
2026-08-23T04:59:00.123Z HEARTBEAT
2026-08-23T05:01:56.285Z cycle: 13 pending, 1 due
2026-08-23T05:01:57.027Z OK 龟壳珍宝 刷新时间已到 (201)
2026-08-23T05:04:00.128Z HEARTBEAT
2026-08-23T05:09:00.132Z HEARTBEAT
2026-08-23T05:14:00.135Z HEARTBEAT
2026-08-23T05:19:00.150Z HEARTBEAT
2026-08-23T05:24:00.163Z HEARTBEAT
2026-08-23T05:24:06.833Z fetch retry 1: fetch failed
2026-08-23T05:24:17.503Z fetch retry 2: fetch failed
2026-08-23T05:24:26.159Z SKIP: previous cycle still running
2026-08-23T05:24:28.182Z LOOP ERROR: fetch failed
2026-08-23T05:29:00.176Z HEARTBEAT
2026-08-23T05:34:00.181Z HEARTBEAT
2026-08-23T05:39:00.190Z HEARTBEAT
2026-08-23T05:44:00.205Z HEARTBEAT
2026-08-23T05:49:00.217Z HEARTBEAT
2026-08-23T05:54:00.227Z HEARTBEAT
2026-08-23T05:59:00.229Z HEARTBEAT
2026-08-23T06:04:00.230Z HEARTBEAT
2026-08-23T06:09:00.240Z HEARTBEAT
2026-08-23T06:14:00.254Z HEARTBEAT
2026-08-23T06:16:57.443Z cycle: 20 pending, 1 due
2026-08-23T06:16:58.321Z OK 水猴子 已停止刷新 (201)
2026-08-23T06:19:00.260Z HEARTBEAT
2026-08-23T06:24:00.273Z HEARTBEAT
2026-08-23T06:29:00.282Z HEARTBEAT
2026-08-23T06:34:00.296Z HEARTBEAT
2026-08-23T06:39:00.301Z HEARTBEAT
2026-08-23T06:42:57.666Z cycle: 19 pending, 1 due
2026-08-23T06:42:59.513Z OK 芙蕾雅宝箱 已停止刷新 (201)
2026-08-23T06:44:00.307Z HEARTBEAT
2026-08-23T06:49:00.313Z HEARTBEAT
2026-08-23T06:54:00.323Z HEARTBEAT
2026-08-23T06:59:00.337Z HEARTBEAT
2026-08-23T07:04:00.343Z HEARTBEAT
2026-08-23T07:09:00.359Z HEARTBEAT
2026-08-23T07:14:00.363Z HEARTBEAT
2026-08-23T07:19:00.378Z HEARTBEAT
2026-08-23T07:24:00.384Z HEARTBEAT
2026-08-23T07:29:00.395Z HEARTBEAT
2026-08-23T07:34:00.406Z HEARTBEAT
2026-08-23T07:39:00.410Z HEARTBEAT
2026-08-23T07:44:00.421Z HEARTBEAT
2026-08-23T07:49:00.428Z HEARTBEAT
2026-08-23T07:49:02.603Z cycle: 19 pending, 1 due
2026-08-23T07:49:03.579Z OK 芙蕾雅宝箱 分身1 刷新时间已到 (201)
2026-08-23T07:54:00.443Z HEARTBEAT
2026-08-23T07:59:00.457Z HEARTBEAT
2026-08-23T08:00:02.965Z cycle: 18 pending, 1 due
2026-08-23T08:00:03.565Z OK 芙蕾雅宝箱 分身5 刷新时间已到 (201)
2026-08-23T08:04:00.468Z HEARTBEAT
2026-08-23T08:09:00.469Z HEARTBEAT
2026-08-23T08:14:00.476Z HEARTBEAT
2026-08-23T08:19:00.476Z HEARTBEAT
2026-08-23T08:24:00.492Z HEARTBEAT
2026-08-23T08:29:00.497Z HEARTBEAT
2026-08-23T08:34:00.506Z HEARTBEAT
2026-08-23T08:39:00.509Z HEARTBEAT
2026-08-23T08:44:00.521Z HEARTBEAT
2026-08-23T08:49:00.535Z HEARTBEAT
2026-08-23T08:54:00.550Z HEARTBEAT
2026-08-23T08:59:00.559Z HEARTBEAT
2026-08-23T09:01:59.669Z cycle: 18 pending, 1 due
2026-08-23T09:02:00.460Z OK 龟壳珍宝 已停止刷新 (201)
2026-08-23T09:04:00.573Z HEARTBEAT
2026-08-23T09:09:00.584Z HEARTBEAT
2026-08-23T09:14:00.586Z HEARTBEAT
2026-08-23T09:19:00.600Z HEARTBEAT
2026-08-23T09:19:59.979Z cycle: 17 pending, 1 due
2026-08-23T09:20:00.608Z OK 龙鱼王 物资已刷新 (201)
2026-08-23T09:24:00.606Z HEARTBEAT
2026-08-23T09:29:00.610Z HEARTBEAT
2026-08-23T09:34:00.621Z HEARTBEAT
2026-08-23T09:39:00.626Z HEARTBEAT
2026-08-23T09:44:00.638Z HEARTBEAT
2026-08-23T09:49:00.643Z HEARTBEAT
2026-08-23T09:54:00.647Z HEARTBEAT
2026-08-23T09:59:00.656Z HEARTBEAT
2026-08-23T10:04:00.660Z HEARTBEAT
2026-08-23T10:09:00.670Z HEARTBEAT
2026-08-23T10:14:00.684Z HEARTBEAT
2026-08-23T10:19:00.697Z HEARTBEAT
2026-08-23T10:21:00.911Z cycle: 18 pending, 1 due
2026-08-23T10:21:01.546Z OK 芙蕾雅宝箱 分身9 刷新时间已到 (201)
2026-08-23T10:23:00.991Z cycle: 18 pending, 1 due
2026-08-23T10:23:01.767Z OK 钻头 分身5 物资已刷新 (201)
2026-08-23T10:24:00.698Z HEARTBEAT
2026-08-23T10:29:00.704Z HEARTBEAT
2026-08-23T10:34:00.710Z HEARTBEAT
2026-08-23T10:39:00.717Z HEARTBEAT
2026-08-23T10:44:00.732Z HEARTBEAT
2026-08-23T10:49:00.743Z HEARTBEAT
2026-08-23T10:54:00.757Z HEARTBEAT
2026-08-23T10:57:01.494Z cycle: 18 pending, 1 due
2026-08-23T10:57:02.865Z OK 草莓 物资已刷新 (201)
2026-08-23T10:59:00.771Z HEARTBEAT
2026-08-23T11:04:00.780Z HEARTBEAT
2026-08-23T11:09:00.791Z HEARTBEAT
2026-08-23T11:13:02.022Z cycle: 17 pending, 1 due
2026-08-23T11:13:02.733Z OK 钻头 物资已刷新 (201)
2026-08-23T11:14:00.803Z HEARTBEAT
2026-08-23T11:19:00.811Z HEARTBEAT
2026-08-23T11:24:00.824Z HEARTBEAT
2026-08-23T11:29:00.830Z HEARTBEAT
2026-08-23T11:34:00.838Z HEARTBEAT
2026-08-23T11:39:00.845Z HEARTBEAT
2026-08-23T11:44:00.850Z HEARTBEAT
2026-08-23T11:46:42.437Z fetch retry 1: fetch failed
2026-08-23T11:49:00.853Z HEARTBEAT
2026-08-23T11:49:02.156Z cycle: 16 pending, 1 due
2026-08-23T11:49:04.156Z OK 芙蕾雅宝箱 分身1 已停止刷新 (201)
2026-08-23T11:54:00.859Z HEARTBEAT
2026-08-23T11:59:00.862Z HEARTBEAT
2026-08-23T11:59:32.525Z cycle: 15 pending, 1 due
2026-08-23T11:59:33.835Z OK 芙蕾雅宝箱 分身5 已停止刷新 (201)
2026-08-23T12:04:00.876Z HEARTBEAT
2026-08-23T12:09:00.881Z HEARTBEAT
2026-08-23T12:14:00.893Z HEARTBEAT
2026-08-23T12:19:00.904Z HEARTBEAT
2026-08-23T12:24:00.920Z HEARTBEAT
2026-08-23T12:24:12.954Z fetch retry 1: fetch failed
2026-08-23T12:29:00.922Z HEARTBEAT
2026-08-23T12:34:00.926Z HEARTBEAT
2026-08-23T12:39:00.940Z HEARTBEAT
2026-08-23T12:44:00.951Z HEARTBEAT
2026-08-23T12:49:00.964Z HEARTBEAT
2026-08-23T12:54:00.973Z HEARTBEAT
2026-08-23T12:59:00.983Z HEARTBEAT
2026-08-23T13:04:00.986Z HEARTBEAT
2026-08-23T13:09:00.998Z HEARTBEAT
2026-08-23T13:14:01.009Z HEARTBEAT
2026-08-23T13:19:01.016Z HEARTBEAT
2026-08-23T13:24:01.024Z HEARTBEAT
2026-08-23T13:29:01.037Z HEARTBEAT
2026-08-23T13:34:01.041Z HEARTBEAT
2026-08-23T13:39:01.051Z HEARTBEAT
2026-08-23T13:44:01.050Z HEARTBEAT
2026-08-23T13:49:01.061Z HEARTBEAT
2026-08-23T13:52:37.961Z cycle: 16 pending, 1 due
2026-08-23T13:52:38.570Z OK 收小麦 物资已刷新 (201)
2026-08-23T13:54:01.074Z HEARTBEAT
2026-08-23T13:59:01.076Z HEARTBEAT
2026-08-23T14:04:01.080Z HEARTBEAT
2026-08-23T14:09:01.085Z HEARTBEAT
2026-08-23T14:14:01.086Z HEARTBEAT
2026-08-23T14:19:01.092Z HEARTBEAT
2026-08-23T14:21:04.425Z cycle: 16 pending, 1 due
2026-08-23T14:21:05.260Z OK 芙蕾雅宝箱 分身9 已停止刷新 (201)
2026-08-23T14:24:01.094Z HEARTBEAT
2026-08-23T14:29:01.098Z HEARTBEAT
2026-08-23T14:34:01.111Z HEARTBEAT
2026-08-23T14:39:01.112Z HEARTBEAT
2026-08-23T14:44:01.125Z HEARTBEAT
2026-08-23T14:49:01.139Z HEARTBEAT
2026-08-23T14:53:35.026Z cycle: 15 pending, 1 due
2026-08-23T14:53:36.707Z OK 远古花苞 刷新时间已到 (201)
2026-08-23T14:54:01.152Z HEARTBEAT
2026-08-23T14:59:01.153Z HEARTBEAT
2026-08-23T15:04:01.164Z HEARTBEAT
2026-08-23T15:09:01.176Z HEARTBEAT
2026-08-23T15:14:01.184Z HEARTBEAT
2026-08-23T15:19:01.187Z HEARTBEAT
2026-08-23T15:24:01.196Z HEARTBEAT
2026-08-23T15:29:01.207Z HEARTBEAT
2026-08-23T15:34:01.210Z HEARTBEAT
2026-08-23T15:39:01.211Z HEARTBEAT
2026-08-23T15:44:01.212Z HEARTBEAT
2026-08-23T15:49:01.227Z HEARTBEAT
2026-08-23T15:54:01.241Z HEARTBEAT
2026-08-23T15:59:01.251Z HEARTBEAT
2026-08-23T16:04:01.257Z HEARTBEAT
2026-08-23T16:09:01.262Z HEARTBEAT
2026-08-23T16:14:01.267Z HEARTBEAT
2026-08-23T16:19:01.271Z HEARTBEAT
2026-08-23T16:24:01.273Z HEARTBEAT
2026-08-23T16:29:01.282Z HEARTBEAT
2026-08-23T16:34:01.289Z HEARTBEAT
2026-08-23T16:39:01.289Z HEARTBEAT
2026-08-23T16:41:06.374Z cycle: 19 pending, 1 due
2026-08-23T16:41:08.455Z OK 暴动矿源虫 刷新时间已到 (201)
2026-08-23T16:44:01.291Z HEARTBEAT
2026-08-23T16:49:01.296Z HEARTBEAT
2026-08-23T16:54:01.304Z HEARTBEAT
2026-08-23T16:59:01.309Z HEARTBEAT
2026-08-23T17:04:01.309Z HEARTBEAT
2026-08-23T17:09:01.318Z HEARTBEAT
2026-08-23T23:49:56.834Z === daemon starting ===
2026-08-23T23:49:56.840Z push daemon started (single instance)
2026-08-23T23:54:56.847Z HEARTBEAT
2026-08-23T23:56:01.329Z cycle: 31 pending, 1 due
2026-08-23T23:56:01.951Z OK 真龙宝藏 刷新时间已到 (201)
2026-08-23T23:56:27.472Z cycle: 30 pending, 1 due
2026-08-23T23:56:28.022Z OK 真龙宝藏 分身1 刷新时间已到 (201)
2026-08-23T23:59:56.849Z HEARTBEAT
2026-08-24T00:04:56.863Z HEARTBEAT
2026-08-24T00:04:57.545Z cycle: 29 pending, 1 due
2026-08-24T00:04:58.394Z OK 真龙宝藏 分身2 刷新时间已到 (201)
2026-08-24T00:09:56.870Z HEARTBEAT
2026-08-24T00:11:27.640Z cycle: 28 pending, 1 due
2026-08-24T00:11:28.295Z OK 真龙宝藏 分身3 刷新时间已到 (201)
2026-08-24T00:14:56.875Z HEARTBEAT
2026-08-24T00:19:56.877Z HEARTBEAT
2026-08-24T00:23:57.860Z cycle: 27 pending, 1 due
2026-08-24T00:23:58.683Z OK 真龙宝藏 分身4 刷新时间已到 (201)
2026-08-24T00:24:56.890Z HEARTBEAT
2026-08-24T00:29:56.890Z HEARTBEAT
2026-08-24T00:34:56.895Z HEARTBEAT
2026-08-24T00:39:56.901Z HEARTBEAT
2026-08-24T00:42:28.267Z cycle: 26 pending, 1 due
2026-08-24T00:42:28.948Z OK 芙蕾雅宝箱 刷新时间已到 (201)
2026-08-24T00:44:28.181Z cycle: 25 pending, 1 due
2026-08-24T00:44:28.829Z OK 龙鱼王 物资已刷新 (201)
2026-08-24T00:44:56.902Z HEARTBEAT
2026-08-24T00:49:56.908Z HEARTBEAT
2026-08-24T00:54:56.909Z HEARTBEAT
2026-08-24T00:59:56.915Z HEARTBEAT
2026-08-24T01:04:56.927Z HEARTBEAT
2026-08-24T01:09:56.930Z HEARTBEAT
2026-08-24T01:14:56.937Z HEARTBEAT
2026-08-24T01:19:56.950Z HEARTBEAT
2026-08-24T01:24:56.959Z HEARTBEAT
2026-08-24T01:29:56.972Z HEARTBEAT
2026-08-24T01:34:56.985Z HEARTBEAT
2026-08-24T01:39:56.988Z HEARTBEAT
2026-08-24T01:44:56.991Z HEARTBEAT
2026-08-24T01:49:57.006Z HEARTBEAT
2026-08-24T01:54:57.020Z HEARTBEAT
2026-08-24T01:59:57.031Z HEARTBEAT
2026-08-24T02:04:57.046Z HEARTBEAT
2026-08-24T02:09:57.058Z HEARTBEAT
2026-08-24T02:14:57.058Z HEARTBEAT
2026-08-24T02:19:57.070Z HEARTBEAT
2026-08-24T02:24:57.072Z HEARTBEAT
2026-08-24T02:29:57.079Z HEARTBEAT
2026-08-24T02:34:57.080Z HEARTBEAT
2026-08-24T02:39:57.092Z HEARTBEAT
2026-08-24T02:44:57.106Z HEARTBEAT
2026-08-24T02:49:57.116Z HEARTBEAT
2026-08-24T02:54:57.122Z HEARTBEAT
2026-08-24T02:59:57.127Z HEARTBEAT
2026-08-24T03:03:04.232Z cycle: 26 pending, 1 due
2026-08-24T03:03:05.067Z OK 勇猛勋章 刷新时间已到 (201)
2026-08-24T03:04:57.128Z HEARTBEAT
2026-08-24T03:09:57.134Z HEARTBEAT
2026-08-24T03:14:57.143Z HEARTBEAT
2026-08-24T03:19:57.149Z HEARTBEAT
2026-08-24T03:24:57.163Z HEARTBEAT
2026-08-24T03:29:57.173Z HEARTBEAT
2026-08-24T03:34:57.182Z HEARTBEAT
2026-08-24T03:36:00.685Z cycle: 25 pending, 1 due
2026-08-24T03:36:01.636Z OK 芙蕾雅宝箱 分身6 刷新时间已到 (201)
2026-08-24T03:39:57.187Z HEARTBEAT
2026-08-24T03:44:57.195Z HEARTBEAT
2026-08-24T03:49:57.196Z HEARTBEAT
2026-08-24T03:54:57.199Z HEARTBEAT
2026-08-24T03:56:00.893Z cycle: 26 pending, 1 due
2026-08-24T03:56:02.530Z OK 真龙宝藏 已停止刷新 (201)
2026-08-24T03:56:30.939Z cycle: 25 pending, 1 due
2026-08-24T03:56:31.568Z OK 真龙宝藏 分身1 已停止刷新 (201)
2026-08-24T03:59:57.208Z HEARTBEAT
2026-08-24T04:04:57.213Z HEARTBEAT
2026-08-24T04:05:01.274Z cycle: 26 pending, 1 due
2026-08-24T04:05:02.050Z OK 真龙宝藏 分身2 已停止刷新 (201)
2026-08-24T04:09:57.224Z HEARTBEAT
2026-08-24T04:11:31.217Z cycle: 25 pending, 1 due
2026-08-24T04:11:32.063Z OK 真龙宝藏 分身3 已停止刷新 (201)
2026-08-24T04:14:57.230Z HEARTBEAT
2026-08-24T04:19:57.238Z HEARTBEAT
2026-08-24T04:24:01.353Z cycle: 26 pending, 1 due
2026-08-24T04:24:02.168Z OK 真龙宝藏 分身4 已停止刷新 (201)
2026-08-24T04:24:57.245Z HEARTBEAT
2026-08-24T04:29:57.258Z HEARTBEAT
2026-08-24T04:34:57.262Z HEARTBEAT
2026-08-24T04:39:57.273Z HEARTBEAT
2026-08-24T04:42:06.114Z cycle: 25 pending, 1 due
2026-08-24T04:42:06.816Z OK 芙蕾雅宝箱 已停止刷新 (201)
2026-08-24T04:44:57.276Z HEARTBEAT
2026-08-24T04:49:57.281Z HEARTBEAT
2026-08-24T04:54:57.291Z HEARTBEAT
2026-08-24T04:59:57.299Z HEARTBEAT
2026-08-24T05:04:57.312Z HEARTBEAT
2026-08-24T05:09:57.318Z HEARTBEAT
2026-08-24T05:14:57.329Z HEARTBEAT
2026-08-24T05:19:57.331Z HEARTBEAT
2026-08-24T05:24:57.339Z HEARTBEAT
2026-08-24T05:29:57.344Z HEARTBEAT
2026-08-24T05:34:57.351Z HEARTBEAT
2026-08-24T05:39:57.353Z HEARTBEAT
2026-08-24T05:44:57.368Z HEARTBEAT
2026-08-24T05:49:57.381Z HEARTBEAT
2026-08-24T05:54:57.386Z HEARTBEAT
2026-08-24T05:59:57.402Z HEARTBEAT
2026-08-24T06:04:57.414Z HEARTBEAT
2026-08-24T06:09:57.420Z HEARTBEAT
2026-08-24T06:14:57.431Z HEARTBEAT
2026-08-24T06:19:57.445Z HEARTBEAT
2026-08-24T06:24:57.458Z HEARTBEAT
2026-08-24T06:29:57.468Z HEARTBEAT
2026-08-24T06:34:57.482Z HEARTBEAT
2026-08-24T06:38:03.973Z cycle: 26 pending, 1 due
2026-08-24T06:38:05.757Z OK 龙鱼王 分身1 刷新时间已到 (201)
2026-08-24T06:39:57.483Z HEARTBEAT
2026-08-24T06:44:57.492Z HEARTBEAT
2026-08-24T06:49:57.504Z HEARTBEAT
2026-08-24T06:54:57.518Z HEARTBEAT
2026-08-24T06:59:57.527Z HEARTBEAT
2026-08-24T07:03:03.972Z cycle: 25 pending, 1 due
2026-08-24T07:03:04.654Z OK 勇猛勋章 已停止刷新 (201)
2026-08-24T07:04:57.541Z HEARTBEAT
2026-08-24T07:09:57.548Z HEARTBEAT
2026-08-24T07:14:57.553Z HEARTBEAT
2026-08-24T07:19:57.554Z HEARTBEAT
2026-08-24T07:24:57.557Z HEARTBEAT
2026-08-24T07:29:57.569Z HEARTBEAT
2026-08-24T07:34:57.571Z HEARTBEAT
2026-08-24T07:36:04.452Z cycle: 24 pending, 1 due
2026-08-24T07:36:05.092Z OK 芙蕾雅宝箱 分身6 已停止刷新 (201)
2026-08-24T07:39:57.582Z HEARTBEAT
2026-08-24T07:44:57.597Z HEARTBEAT
2026-08-24T07:49:57.599Z HEARTBEAT
2026-08-24T07:54:57.608Z HEARTBEAT
2026-08-24T07:59:57.614Z HEARTBEAT
2026-08-24T08:04:34.905Z cycle: 22 pending, 1 due
2026-08-24T08:04:36.920Z OK 暴动矿源虫 刷新时间已到 (201)
2026-08-24T08:04:57.626Z HEARTBEAT
2026-08-24T08:09:57.630Z HEARTBEAT
2026-08-24T08:14:05.282Z cycle: 21 pending, 1 due
2026-08-24T08:14:06.005Z OK 水猴子 刷新时间已到 (201)
2026-08-24T08:14:57.631Z HEARTBEAT
2026-08-24T08:19:57.637Z HEARTBEAT
2026-08-24T08:24:57.645Z HEARTBEAT
2026-08-24T08:29:57.657Z HEARTBEAT
2026-08-24T08:34:57.659Z HEARTBEAT
2026-08-24T08:39:57.661Z HEARTBEAT
2026-08-24T08:44:57.674Z HEARTBEAT
2026-08-24T08:49:57.675Z HEARTBEAT
2026-08-24T08:54:57.683Z HEARTBEAT
2026-08-24T08:59:57.692Z HEARTBEAT
2026-08-24T09:04:57.696Z HEARTBEAT
2026-08-24T09:08:35.696Z cycle: 24 pending, 1 due
2026-08-24T09:08:36.361Z OK 松露 分身1 刷新时间已到 (201)
2026-08-24T09:09:57.695Z HEARTBEAT
2026-08-24T09:14:57.704Z HEARTBEAT
2026-08-24T09:19:57.716Z HEARTBEAT
2026-08-24T09:20:35.960Z cycle: 23 pending, 1 due
2026-08-24T09:20:37.137Z OK 钻头 物资已刷新 (201)
2026-08-24T09:24:57.728Z HEARTBEAT
2026-08-24T09:29:57.737Z HEARTBEAT
2026-08-24T09:34:57.748Z HEARTBEAT
2026-08-24T09:39:57.758Z HEARTBEAT
2026-08-24T09:44:57.761Z HEARTBEAT
2026-08-24T09:49:57.762Z HEARTBEAT
2026-08-24T09:54:57.772Z HEARTBEAT
2026-08-24T09:59:57.786Z HEARTBEAT
2026-08-24T10:02:36.504Z cycle: 22 pending, 1 due
2026-08-24T10:02:37.333Z OK 龙鱼王 分身2 刷新时间已到 (201)
2026-08-24T10:04:37.101Z cycle: 21 pending, 1 due
2026-08-24T10:04:38.790Z OK 暴动矿源虫 已停止刷新 (201)
2026-08-24T10:04:57.798Z HEARTBEAT
2026-08-24T10:08:36.541Z cycle: 20 pending, 1 due
2026-08-24T10:08:37.342Z OK 龙鱼王 分身10 刷新时间已到 (201)
2026-08-24T10:09:57.812Z HEARTBEAT
2026-08-24T10:14:57.815Z HEARTBEAT
2026-08-24T10:19:57.826Z HEARTBEAT
2026-08-24T10:24:57.835Z HEARTBEAT
2026-08-24T10:29:57.838Z HEARTBEAT
2026-08-24T10:34:57.841Z HEARTBEAT
2026-08-24T10:39:57.848Z HEARTBEAT
2026-08-24T10:44:57.862Z HEARTBEAT
2026-08-24T10:49:57.868Z HEARTBEAT
2026-08-24T10:54:57.881Z HEARTBEAT
2026-08-24T10:59:57.887Z HEARTBEAT
2026-08-24T11:04:57.902Z HEARTBEAT
2026-08-24T11:08:41.394Z cycle: 23 pending, 1 due
2026-08-24T11:08:42.221Z OK 松露 分身1 已停止刷新 (201)
2026-08-24T11:09:57.917Z HEARTBEAT
2026-08-24T11:14:57.925Z HEARTBEAT
2026-08-24T11:19:57.938Z HEARTBEAT
2026-08-24T11:24:57.940Z HEARTBEAT
2026-08-24T11:29:57.950Z HEARTBEAT
2026-08-24T11:34:57.952Z HEARTBEAT
2026-08-24T11:39:57.959Z HEARTBEAT
2026-08-24T11:44:57.968Z HEARTBEAT
2026-08-24T11:49:57.975Z HEARTBEAT
2026-08-24T11:54:57.989Z HEARTBEAT
2026-08-24T11:59:57.999Z HEARTBEAT
2026-08-24T12:04:58.004Z HEARTBEAT
2026-08-24T12:09:58.018Z HEARTBEAT
2026-08-24T12:14:08.489Z cycle: 25 pending, 1 due
2026-08-24T12:14:09.191Z OK 水猴子 已停止刷新 (201)
2026-08-24T12:14:58.029Z HEARTBEAT
2026-08-24T12:19:58.031Z HEARTBEAT
2026-08-24T12:24:58.036Z HEARTBEAT
2026-08-24T12:29:58.045Z HEARTBEAT
2026-08-24T12:34:58.058Z HEARTBEAT
2026-08-24T12:35:38.608Z cycle: 24 pending, 1 due
2026-08-24T12:35:39.458Z OK 松露 刷新时间已到 (201)
2026-08-24T12:39:58.070Z HEARTBEAT
2026-08-24T12:44:58.073Z HEARTBEAT
2026-08-24T12:49:58.086Z HEARTBEAT
2026-08-24T12:54:58.092Z HEARTBEAT
2026-08-24T12:59:58.098Z HEARTBEAT
2026-08-24T13:04:58.108Z HEARTBEAT
2026-08-24T13:09:58.117Z HEARTBEAT
2026-08-24T13:14:58.133Z HEARTBEAT
2026-08-24T13:19:58.134Z HEARTBEAT
2026-08-24T13:24:58.137Z HEARTBEAT
2026-08-24T13:29:58.149Z HEARTBEAT
2026-08-24T13:34:58.149Z HEARTBEAT
2026-08-24T13:39:58.151Z HEARTBEAT
2026-08-24T13:44:58.153Z HEARTBEAT
2026-08-24T13:49:58.155Z HEARTBEAT
2026-08-24T13:54:58.161Z HEARTBEAT
2026-08-24T13:59:39.979Z cycle: 25 pending, 1 due
2026-08-24T13:59:40.800Z OK 钻头 分身5 物资已刷新 (201)
2026-08-24T13:59:58.176Z HEARTBEAT
2026-08-24T14:04:58.188Z HEARTBEAT
2026-08-24T14:06:40.496Z cycle: 24 pending, 1 due
2026-08-24T14:06:41.606Z OK 钻头 物资已刷新 (201)
2026-08-24T21:13:22.700Z === daemon starting ===
2026-08-24T21:13:22.705Z push daemon started (single instance)
2026-08-24T21:18:22.713Z HEARTBEAT
2026-08-24T21:23:22.729Z HEARTBEAT
2026-08-24T21:28:22.740Z HEARTBEAT
2026-08-24T21:33:22.745Z HEARTBEAT
2026-08-24T21:38:22.750Z HEARTBEAT
2026-08-24T21:43:22.753Z HEARTBEAT
2026-08-24T21:48:22.762Z HEARTBEAT
2026-08-24T21:53:22.764Z HEARTBEAT
2026-08-24T21:58:22.778Z HEARTBEAT
2026-08-24T22:02:24.532Z cycle: 14 pending, 1 due
2026-08-24T22:02:25.222Z OK 龙鱼王 分身2 已停止刷新 (201)
2026-08-24T22:03:22.790Z HEARTBEAT
2026-08-24T22:08:22.799Z HEARTBEAT
2026-08-24T22:08:23.932Z cycle: 15 pending, 1 due
2026-08-24T22:08:24.605Z OK 龙鱼王 分身10 已停止刷新 (201)
2026-08-24T22:13:22.799Z HEARTBEAT
2026-08-24T22:18:22.811Z HEARTBEAT
2026-08-24T22:23:22.822Z HEARTBEAT
2026-08-24T22:28:22.836Z HEARTBEAT
2026-08-24T22:33:22.839Z HEARTBEAT
2026-08-24T22:38:22.844Z HEARTBEAT
2026-08-24T22:43:22.852Z HEARTBEAT
2026-08-24T22:48:22.858Z HEARTBEAT
2026-08-24T22:53:22.873Z HEARTBEAT
2026-08-24T22:58:22.877Z HEARTBEAT
2026-08-24T23:03:22.883Z HEARTBEAT
2026-08-24T23:08:22.889Z HEARTBEAT
2026-08-24T23:13:22.901Z HEARTBEAT
2026-08-24T23:18:22.910Z HEARTBEAT
2026-08-24T23:23:22.918Z HEARTBEAT
2026-08-24T23:28:22.923Z HEARTBEAT
2026-08-24T23:33:22.932Z HEARTBEAT
2026-08-24T23:38:22.937Z HEARTBEAT
2026-08-24T23:43:22.940Z HEARTBEAT
2026-08-24T23:48:22.945Z HEARTBEAT
2026-08-24T23:53:22.946Z HEARTBEAT
2026-08-24T23:58:22.960Z HEARTBEAT
2026-08-25T00:03:22.959Z HEARTBEAT
2026-08-25T00:03:55.759Z cycle: 14 pending, 1 due
2026-08-25T00:03:56.461Z OK 真龙宝藏 刷新时间已到 (201)
2026-08-25T00:08:22.960Z HEARTBEAT
2026-08-25T00:13:22.974Z HEARTBEAT
2026-08-25T00:18:22.978Z HEARTBEAT
2026-08-25T00:23:22.979Z HEARTBEAT
2026-08-25T00:28:22.980Z HEARTBEAT
2026-08-25T00:33:22.980Z HEARTBEAT
2026-08-25T00:38:22.983Z HEARTBEAT
2026-08-25T00:43:22.984Z HEARTBEAT
2026-08-25T00:48:22.996Z HEARTBEAT
2026-08-25T00:48:56.073Z cycle: 13 pending, 1 due
2026-08-25T00:48:56.899Z OK 水猴子 刷新时间已到 (201)
2026-08-25T00:53:23.004Z HEARTBEAT
2026-08-25T00:58:23.006Z HEARTBEAT
2026-08-25T01:03:23.013Z HEARTBEAT
2026-08-25T01:08:23.016Z HEARTBEAT
2026-08-25T01:13:23.017Z HEARTBEAT
2026-08-25T01:18:23.027Z HEARTBEAT
2026-08-25T01:23:23.041Z HEARTBEAT
2026-08-25T01:28:23.042Z HEARTBEAT
2026-08-25T01:33:23.053Z HEARTBEAT
2026-08-25T01:38:23.068Z HEARTBEAT
2026-08-25T01:43:23.069Z HEARTBEAT
2026-08-25T01:48:23.077Z HEARTBEAT
2026-08-25T01:53:23.077Z HEARTBEAT
2026-08-25T01:58:23.087Z HEARTBEAT
2026-08-25T02:03:23.089Z HEARTBEAT
2026-08-25T02:08:23.093Z HEARTBEAT
2026-08-25T02:13:23.097Z HEARTBEAT
2026-08-25T02:18:23.110Z HEARTBEAT
2026-08-25T02:23:23.120Z HEARTBEAT
2026-08-25T02:28:23.126Z HEARTBEAT
2026-08-25T02:33:23.132Z HEARTBEAT
2026-08-25T02:38:23.144Z HEARTBEAT
2026-08-25T02:43:23.154Z HEARTBEAT
2026-08-25T02:48:23.159Z HEARTBEAT
2026-08-25T02:53:23.172Z HEARTBEAT
2026-08-25T02:58:23.186Z HEARTBEAT
2026-08-25T03:03:23.195Z HEARTBEAT
2026-08-25T03:08:23.203Z HEARTBEAT
2026-08-25T03:13:23.213Z HEARTBEAT
2026-08-25T03:18:23.216Z HEARTBEAT
2026-08-25T03:23:23.225Z HEARTBEAT
2026-08-25T03:28:23.227Z HEARTBEAT
2026-08-25T03:33:23.228Z HEARTBEAT
2026-08-25T03:38:23.234Z HEARTBEAT
2026-08-25T03:43:23.235Z HEARTBEAT
2026-08-25T03:44:58.904Z cycle: 14 pending, 1 due
2026-08-25T03:44:59.558Z OK 真龙宝藏 分身2 刷新时间已到 (201)
2026-08-25T03:48:23.238Z HEARTBEAT
2026-08-25T03:53:23.245Z HEARTBEAT
2026-08-25T03:58:23.258Z HEARTBEAT
2026-08-25T04:03:23.269Z HEARTBEAT
2026-08-25T04:04:03.458Z cycle: 13 pending, 1 due
2026-08-25T04:04:04.280Z OK 真龙宝藏 已停止刷新 (201)
2026-08-25T04:08:23.275Z HEARTBEAT
2026-08-25T04:13:23.281Z HEARTBEAT
2026-08-25T04:18:23.292Z HEARTBEAT
2026-08-25T04:23:23.308Z HEARTBEAT
2026-08-25T04:28:23.316Z HEARTBEAT
2026-08-25T04:33:23.327Z HEARTBEAT
2026-08-25T04:38:23.331Z HEARTBEAT
2026-08-25T04:43:23.338Z HEARTBEAT
2026-08-25T04:48:23.346Z HEARTBEAT
2026-08-25T04:48:59.830Z cycle: 12 pending, 1 due
2026-08-25T04:49:00.760Z OK 水猴子 已停止刷新 (201)
2026-08-25T04:53:23.352Z HEARTBEAT
2026-08-25T04:58:23.364Z HEARTBEAT
2026-08-25T05:03:23.371Z HEARTBEAT
2026-08-25T05:08:23.384Z HEARTBEAT
2026-08-25T05:13:23.386Z HEARTBEAT
2026-08-25T05:18:23.392Z HEARTBEAT
2026-08-25T05:23:23.399Z HEARTBEAT
2026-08-25T05:28:23.404Z HEARTBEAT
2026-08-25T05:33:23.415Z HEARTBEAT
2026-08-25T05:38:23.426Z HEARTBEAT
2026-08-25T05:43:23.433Z HEARTBEAT
2026-08-25T05:48:23.442Z HEARTBEAT
2026-08-25T05:53:23.447Z HEARTBEAT
2026-08-25T05:58:23.449Z HEARTBEAT
2026-08-25T06:03:23.458Z HEARTBEAT
2026-08-25T06:08:23.462Z HEARTBEAT
2026-08-25T06:13:23.476Z HEARTBEAT
2026-08-25T06:18:23.480Z HEARTBEAT
2026-08-25T06:23:23.494Z HEARTBEAT
2026-08-25T06:28:23.500Z HEARTBEAT
2026-08-25T06:33:23.501Z HEARTBEAT
2026-08-25T06:38:23.503Z HEARTBEAT
2026-08-25T06:43:23.509Z HEARTBEAT
2026-08-25T06:48:23.521Z HEARTBEAT
2026-08-25T06:53:23.527Z HEARTBEAT
2026-08-25T06:58:23.529Z HEARTBEAT
2026-08-25T07:03:23.540Z HEARTBEAT
2026-08-25T07:08:23.545Z HEARTBEAT
2026-08-25T07:13:23.559Z HEARTBEAT
2026-08-25T07:18:23.566Z HEARTBEAT
2026-08-25T07:23:23.568Z HEARTBEAT
2026-08-25T07:28:23.582Z HEARTBEAT
2026-08-25T07:33:23.590Z HEARTBEAT
2026-08-25T07:38:23.595Z HEARTBEAT
2026-08-25T07:43:23.595Z HEARTBEAT
2026-08-25T07:45:06.259Z cycle: 11 pending, 1 due
2026-08-25T07:45:07.081Z OK 真龙宝藏 分身2 已停止刷新 (201)
2026-08-25T07:48:23.596Z HEARTBEAT
2026-08-25T07:53:23.602Z HEARTBEAT
2026-08-25T07:58:23.613Z HEARTBEAT
2026-08-25T08:03:23.622Z HEARTBEAT
2026-08-25T08:08:23.625Z HEARTBEAT
2026-08-25T08:13:23.630Z HEARTBEAT
2026-08-25T08:18:23.635Z HEARTBEAT
2026-08-25T08:23:23.643Z HEARTBEAT
2026-08-25T08:28:23.652Z HEARTBEAT
2026-08-25T08:33:23.657Z HEARTBEAT
2026-08-25T08:38:23.667Z HEARTBEAT
2026-08-25T08:43:23.674Z HEARTBEAT
2026-08-25T08:48:23.675Z HEARTBEAT
2026-08-25T08:53:23.685Z HEARTBEAT
2026-08-25T08:58:23.688Z HEARTBEAT
2026-08-25T09:03:23.702Z HEARTBEAT
2026-08-25T09:08:23.715Z HEARTBEAT
2026-08-25T09:13:23.717Z HEARTBEAT
2026-08-25T09:18:23.728Z HEARTBEAT
2026-08-25T09:23:23.740Z HEARTBEAT
2026-08-25T09:28:23.754Z HEARTBEAT
2026-08-25T09:33:23.762Z HEARTBEAT
2026-08-25T09:38:23.764Z HEARTBEAT
2026-08-25T09:43:23.768Z HEARTBEAT
2026-08-25T09:48:23.768Z HEARTBEAT
2026-08-25T09:53:23.782Z HEARTBEAT
2026-08-25T09:58:23.792Z HEARTBEAT
2026-08-25T10:01:44.590Z fetch retry 1: fetch failed
2026-08-25T10:03:23.792Z HEARTBEAT
2026-08-25T10:08:23.796Z HEARTBEAT
2026-08-25T10:13:23.811Z HEARTBEAT
2026-08-25T10:18:23.814Z HEARTBEAT
2026-08-25T10:23:23.815Z HEARTBEAT
2026-08-25T10:28:23.820Z HEARTBEAT
2026-08-25T10:28:38.996Z cycle: 14 pending, 1 due
2026-08-25T10:28:39.725Z OK 龟壳珍宝 刷新时间已到 (201)
2026-08-25T10:33:23.825Z HEARTBEAT
2026-08-25T10:38:23.828Z HEARTBEAT
2026-08-25T10:43:23.843Z HEARTBEAT
2026-08-25T10:48:23.849Z HEARTBEAT
2026-08-25T10:53:23.855Z HEARTBEAT
2026-08-25T10:58:23.858Z HEARTBEAT
2026-08-25T11:03:23.866Z HEARTBEAT
2026-08-25T11:04:15.656Z fetch retry 1: fetch failed
2026-08-25T11:08:23.869Z HEARTBEAT
2026-08-25T11:13:23.877Z HEARTBEAT
2026-08-25T11:18:23.878Z HEARTBEAT
2026-08-25T11:23:23.878Z HEARTBEAT
2026-08-25T11:28:23.887Z HEARTBEAT
2026-08-25T11:33:23.901Z HEARTBEAT
2026-08-25T11:38:23.907Z HEARTBEAT
2026-08-25T11:43:23.916Z HEARTBEAT
2026-08-25T11:48:23.927Z HEARTBEAT
2026-08-25T11:53:23.937Z HEARTBEAT
2026-08-25T11:58:23.940Z HEARTBEAT
2026-08-25T12:03:23.947Z HEARTBEAT
2026-08-25T12:08:23.948Z HEARTBEAT
2026-08-25T12:13:23.952Z HEARTBEAT
2026-08-25T12:18:23.965Z HEARTBEAT
2026-08-25T12:23:23.978Z HEARTBEAT
2026-08-25T12:28:23.984Z HEARTBEAT
2026-08-25T12:33:23.998Z HEARTBEAT
2026-08-25T12:38:24.008Z HEARTBEAT
2026-08-25T12:43:24.014Z HEARTBEAT
2026-08-25T12:48:24.015Z HEARTBEAT
2026-08-25T12:53:24.026Z HEARTBEAT
2026-08-25T12:58:24.034Z HEARTBEAT
2026-08-25T13:03:24.046Z HEARTBEAT
2026-08-25T13:08:24.057Z HEARTBEAT
2026-08-25T13:13:24.057Z HEARTBEAT
2026-08-25T13:18:24.066Z HEARTBEAT
2026-08-25T13:23:24.072Z HEARTBEAT
2026-08-25T13:28:24.076Z HEARTBEAT
2026-08-25T13:32:07.666Z cycle: 21 pending, 1 due
2026-08-25T13:32:09.237Z OK 暴动矿源虫 刷新时间已到 (201)
2026-08-25T13:33:24.084Z HEARTBEAT
2026-08-25T13:38:24.098Z HEARTBEAT
2026-08-25T13:39:41.842Z cycle: 20 pending, 1 due
2026-08-25T13:39:42.508Z OK 钻头 物资已刷新 (201)
2026-08-25T13:43:24.108Z HEARTBEAT
2026-08-25T13:48:24.111Z HEARTBEAT
2026-08-25T13:53:24.111Z HEARTBEAT
2026-08-25T13:58:24.115Z HEARTBEAT
2026-08-25T14:00:38.055Z cycle: 19 pending, 1 due
2026-08-25T14:00:38.834Z OK 小型法师 刷新时间已到 (201)
2026-08-25T14:03:24.123Z HEARTBEAT
2026-08-25T14:06:38.096Z cycle: 18 pending, 1 due
2026-08-25T14:06:39.022Z OK 小型法师 分身4 刷新时间已到 (201)
2026-08-25T14:07:08.467Z cycle: 17 pending, 1 due
2026-08-25T14:07:09.349Z OK 小型法师 分身1 刷新时间已到 (201)
2026-08-25T14:08:24.137Z HEARTBEAT
2026-08-25T14:13:24.139Z HEARTBEAT
2026-08-25T14:16:38.134Z cycle: 16 pending, 1 due
2026-08-25T14:16:38.768Z OK 小型法师 分身2 刷新时间已到 (201)
2026-08-25T14:18:24.152Z HEARTBEAT
2026-08-25T14:23:24.156Z HEARTBEAT
2026-08-25T14:28:24.161Z HEARTBEAT
2026-08-25T14:28:38.821Z cycle: 15 pending, 1 due
2026-08-25T14:28:39.500Z OK 龟壳珍宝 已停止刷新 (201)
2026-08-25T14:33:24.163Z HEARTBEAT
2026-08-25T14:38:24.179Z HEARTBEAT
2026-08-25T14:43:24.180Z HEARTBEAT
2026-08-25T14:48:24.191Z HEARTBEAT
2026-08-25T14:53:24.191Z HEARTBEAT
2026-08-25T14:58:24.197Z HEARTBEAT
2026-08-25T15:00:42.855Z cycle: 14 pending, 1 due
2026-08-25T15:00:43.583Z OK 小型法师 已停止刷新 (201)
2026-08-25T15:03:24.209Z HEARTBEAT
2026-08-25T15:07:09.435Z cycle: 13 pending, 1 due
2026-08-25T15:07:10.088Z OK 小型法师 分身1 已停止刷新 (201)
2026-08-25T15:08:24.213Z HEARTBEAT
2026-08-25T15:13:24.224Z HEARTBEAT
2026-08-25T15:16:13.524Z cycle: 12 pending, 1 due
2026-08-25T15:16:14.623Z OK 小型法师 分身2 已停止刷新 (201)
2026-08-25T15:18:24.236Z HEARTBEAT
2026-08-25T15:23:24.239Z HEARTBEAT
2026-08-25T15:28:24.239Z HEARTBEAT
2026-08-25T15:32:09.231Z cycle: 11 pending, 1 due
2026-08-25T15:32:09.953Z OK 暴动矿源虫 已停止刷新 (201)
2026-08-25T15:33:24.248Z HEARTBEAT
2026-08-25T15:38:23.196Z HEARTBEAT
2026-08-25T15:43:23.201Z HEARTBEAT
2026-08-25T15:48:23.202Z HEARTBEAT
2026-08-25T15:53:23.211Z HEARTBEAT
2026-08-25T15:58:23.216Z HEARTBEAT
2026-08-25T16:03:23.225Z HEARTBEAT
2026-08-25T16:08:23.227Z HEARTBEAT
2026-08-25T16:13:23.238Z HEARTBEAT
2026-08-25T16:18:23.247Z HEARTBEAT
2026-08-25T16:23:23.247Z HEARTBEAT
2026-08-25T16:28:23.248Z HEARTBEAT
2026-08-25T16:33:23.261Z HEARTBEAT
2026-08-25T16:38:23.274Z HEARTBEAT
2026-08-25T16:43:23.287Z HEARTBEAT
2026-08-25T16:48:23.293Z HEARTBEAT
2026-08-25T16:53:23.296Z HEARTBEAT
2026-08-25T16:58:23.298Z HEARTBEAT
2026-08-25T17:03:23.309Z HEARTBEAT
2026-08-25T17:08:23.323Z HEARTBEAT
2026-08-25T17:13:23.326Z HEARTBEAT
2026-08-25T17:18:23.326Z HEARTBEAT
2026-08-25T17:23:23.341Z HEARTBEAT
2026-08-25T17:28:23.344Z HEARTBEAT
2026-08-25T17:33:23.351Z HEARTBEAT
2026-08-25T17:38:23.367Z HEARTBEAT
2026-08-25T17:43:23.375Z HEARTBEAT
2026-08-25T17:48:23.378Z HEARTBEAT
2026-08-25T17:53:23.387Z HEARTBEAT
2026-08-25T17:58:23.392Z HEARTBEAT
2026-08-25T18:03:23.394Z HEARTBEAT
2026-08-25T18:08:23.409Z HEARTBEAT
2026-08-25T18:13:23.412Z HEARTBEAT
2026-08-25T18:18:23.415Z HEARTBEAT
2026-08-25T18:23:23.429Z HEARTBEAT
2026-08-25T18:28:23.436Z HEARTBEAT
2026-08-25T18:33:23.449Z HEARTBEAT
2026-08-25T18:38:23.453Z HEARTBEAT
2026-08-25T18:43:23.461Z HEARTBEAT
2026-08-25T18:48:23.473Z HEARTBEAT
2026-08-25T18:53:23.478Z HEARTBEAT
2026-08-25T18:58:23.491Z HEARTBEAT
2026-08-25T19:03:23.501Z HEARTBEAT
2026-08-25T19:08:23.506Z HEARTBEAT
2026-08-25T19:13:23.520Z HEARTBEAT
2026-08-25T19:18:23.535Z HEARTBEAT
2026-08-25T19:23:23.535Z HEARTBEAT
2026-08-25T19:28:23.535Z HEARTBEAT
2026-08-25T19:33:23.536Z HEARTBEAT
2026-08-25T19:38:23.546Z HEARTBEAT
2026-08-25T19:43:23.560Z HEARTBEAT
2026-08-25T19:48:23.575Z HEARTBEAT
2026-08-25T19:53:23.585Z HEARTBEAT
2026-08-25T19:58:23.599Z HEARTBEAT
2026-08-25T20:03:23.611Z HEARTBEAT
2026-08-25T20:08:23.613Z HEARTBEAT
2026-08-25T20:13:23.622Z HEARTBEAT
2026-08-25T20:18:23.621Z HEARTBEAT
2026-08-25T20:23:23.634Z HEARTBEAT
2026-08-25T20:24:31.695Z fetch retry 1: fetch failed
2026-08-25T20:28:23.646Z HEARTBEAT
2026-08-25T20:33:23.647Z HEARTBEAT
2026-08-25T20:38:23.655Z HEARTBEAT
2026-08-25T20:43:23.666Z HEARTBEAT
2026-08-25T20:48:23.681Z HEARTBEAT
2026-08-25T20:53:23.697Z HEARTBEAT
2026-08-25T20:58:23.699Z HEARTBEAT
2026-08-25T21:03:23.709Z HEARTBEAT
2026-08-25T21:08:23.710Z HEARTBEAT
2026-08-25T21:13:23.723Z HEARTBEAT
2026-08-25T21:18:23.730Z HEARTBEAT
2026-08-25T21:23:23.732Z HEARTBEAT
2026-08-25T21:28:23.743Z HEARTBEAT
2026-08-25T21:33:23.750Z HEARTBEAT
2026-08-25T21:38:23.759Z HEARTBEAT
2026-08-25T21:43:23.768Z HEARTBEAT
2026-08-25T21:48:23.772Z HEARTBEAT
2026-08-25T21:53:23.776Z HEARTBEAT
2026-08-25T21:58:23.780Z HEARTBEAT
2026-08-25T22:03:23.780Z HEARTBEAT
2026-08-25T22:08:23.785Z HEARTBEAT
2026-08-25T22:13:23.794Z HEARTBEAT
2026-08-25T22:18:23.797Z HEARTBEAT
2026-08-25T22:23:23.806Z HEARTBEAT
2026-08-25T22:28:23.819Z HEARTBEAT
2026-08-25T22:33:23.830Z HEARTBEAT
2026-08-25T22:38:23.831Z HEARTBEAT
2026-08-25T22:43:23.835Z HEARTBEAT
2026-08-25T22:48:23.834Z HEARTBEAT
2026-08-25T22:53:23.848Z HEARTBEAT
2026-08-25T22:58:23.862Z HEARTBEAT
2026-08-25T23:03:23.869Z HEARTBEAT
2026-08-25T23:08:23.874Z HEARTBEAT
2026-08-25T23:13:23.880Z HEARTBEAT
2026-08-25T23:18:23.880Z HEARTBEAT
2026-08-25T23:23:23.893Z HEARTBEAT
2026-08-25T23:28:23.895Z HEARTBEAT
2026-08-25T23:33:23.910Z HEARTBEAT
2026-08-25T23:38:23.918Z HEARTBEAT
2026-08-25T23:43:23.919Z HEARTBEAT
2026-08-25T23:48:23.919Z HEARTBEAT
2026-08-25T23:53:23.933Z HEARTBEAT
2026-08-25T23:58:23.938Z HEARTBEAT
2026-08-26T00:03:23.944Z HEARTBEAT
2026-08-26T00:08:23.952Z HEARTBEAT
2026-08-26T00:13:23.959Z HEARTBEAT
2026-08-26T00:18:23.973Z HEARTBEAT
2026-08-26T00:23:23.983Z HEARTBEAT
2026-08-26T00:28:23.985Z HEARTBEAT
2026-08-26T00:33:23.998Z HEARTBEAT
2026-08-26T00:38:24.012Z HEARTBEAT
2026-08-26T00:43:24.015Z HEARTBEAT
2026-08-26T00:48:24.024Z HEARTBEAT
2026-08-26T00:53:24.031Z HEARTBEAT
2026-08-26T00:55:50.629Z cycle: 20 pending, 1 due
2026-08-26T00:55:51.277Z OK 暴动矿源虫 刷新时间已到 (201)
2026-08-26T00:58:16.892Z cycle: 19 pending, 1 due
2026-08-26T00:58:17.722Z OK 帝王蟹 刷新时间已到 (201)
2026-08-26T00:58:24.038Z HEARTBEAT
2026-08-26T01:01:46.749Z cycle: 17 pending, 1 due
2026-08-26T01:01:47.411Z OK 暴动矿源虫 分身2 刷新时间已到 (201)
2026-08-26T01:03:24.048Z HEARTBEAT
2026-08-26T01:08:24.060Z HEARTBEAT
2026-08-26T01:13:24.075Z HEARTBEAT
2026-08-26T01:18:24.090Z HEARTBEAT
2026-08-26T01:23:24.090Z HEARTBEAT
2026-08-26T01:28:24.103Z HEARTBEAT
2026-08-26T01:33:24.111Z HEARTBEAT
2026-08-26T01:38:24.119Z HEARTBEAT
2026-08-26T01:43:24.123Z HEARTBEAT
2026-08-26T01:48:24.128Z HEARTBEAT
2026-08-26T01:53:24.143Z HEARTBEAT
2026-08-26T01:58:24.151Z HEARTBEAT
2026-08-26T02:03:24.162Z HEARTBEAT
2026-08-26T02:08:24.173Z HEARTBEAT
2026-08-26T02:13:24.173Z HEARTBEAT
2026-08-26T02:18:24.183Z HEARTBEAT
2026-08-26T02:23:24.185Z HEARTBEAT
2026-08-26T02:28:24.190Z HEARTBEAT
2026-08-26T02:33:24.199Z HEARTBEAT
2026-08-26T02:38:24.202Z HEARTBEAT
2026-08-26T02:43:24.212Z HEARTBEAT
2026-08-26T02:48:24.214Z HEARTBEAT
2026-08-26T02:53:24.226Z HEARTBEAT
2026-08-26T02:55:48.537Z cycle: 16 pending, 1 due
2026-08-26T02:55:49.371Z OK 暴动矿源虫 已停止刷新 (201)
2026-08-26T02:58:24.232Z HEARTBEAT
2026-08-26T03:01:49.143Z cycle: 15 pending, 1 due
2026-08-26T03:01:49.808Z OK 暴动矿源虫 分身2 已停止刷新 (201)
2026-08-26T03:03:24.239Z HEARTBEAT
2026-08-26T03:08:24.252Z HEARTBEAT
2026-08-26T03:13:24.261Z HEARTBEAT
2026-08-26T03:18:24.266Z HEARTBEAT
2026-08-26T03:19:49.109Z cycle: 14 pending, 1 due
2026-08-26T03:19:49.761Z OK 水猴子 刷新时间已到 (201)
2026-08-26T03:23:24.271Z HEARTBEAT
2026-08-26T03:28:24.284Z HEARTBEAT
2026-08-26T03:33:24.292Z HEARTBEAT
2026-08-26T03:38:24.298Z HEARTBEAT
2026-08-26T03:43:24.306Z HEARTBEAT
2026-08-26T03:48:24.311Z HEARTBEAT
2026-08-26T03:53:24.322Z HEARTBEAT
2026-08-26T03:58:24.329Z HEARTBEAT
2026-08-26T04:03:24.331Z HEARTBEAT
2026-08-26T04:08:24.331Z HEARTBEAT
2026-08-26T04:13:24.332Z HEARTBEAT
2026-08-26T04:18:24.344Z HEARTBEAT
2026-08-26T04:23:24.359Z HEARTBEAT
2026-08-26T04:28:24.364Z HEARTBEAT
2026-08-26T04:33:24.380Z HEARTBEAT
2026-08-26T04:35:20.207Z cycle: 18 pending, 1 due
2026-08-26T04:35:21.551Z OK 钻头 物资已刷新 (201)
2026-08-26T04:38:24.387Z HEARTBEAT
2026-08-26T04:43:24.397Z HEARTBEAT
2026-08-26T04:48:24.410Z HEARTBEAT
2026-08-26T04:53:24.411Z HEARTBEAT
2026-08-26T04:58:24.426Z HEARTBEAT
2026-08-26T04:58:24.533Z cycle: 17 pending, 1 due
2026-08-26T04:58:25.250Z OK 帝王蟹 已停止刷新 (201)
2026-08-26T04:59:54.340Z cycle: 16 pending, 1 due
2026-08-26T04:59:55.261Z OK 龟壳珍宝 已停止刷新 (201)
2026-08-26T05:03:24.428Z HEARTBEAT
2026-08-26T05:08:24.432Z HEARTBEAT
2026-08-26T05:13:24.443Z HEARTBEAT
2026-08-26T05:18:24.458Z HEARTBEAT
2026-08-26T05:23:24.459Z HEARTBEAT
2026-08-26T05:28:24.462Z HEARTBEAT
2026-08-26T05:33:24.477Z HEARTBEAT
2026-08-26T05:38:24.488Z HEARTBEAT
2026-08-26T05:43:24.489Z HEARTBEAT
2026-08-26T05:48:24.495Z HEARTBEAT
2026-08-26T05:53:24.501Z HEARTBEAT
2026-08-26T05:58:24.501Z HEARTBEAT
2026-08-26T06:03:24.506Z HEARTBEAT
2026-08-26T06:04:55.733Z cycle: 15 pending, 1 due
2026-08-26T06:04:56.856Z OK 苍穹幻龙 刷新时间已到 (201)
2026-08-26T06:08:24.510Z HEARTBEAT
2026-08-26T06:13:24.518Z HEARTBEAT
2026-08-26T06:18:24.531Z HEARTBEAT
2026-08-26T06:23:24.535Z HEARTBEAT
2026-08-26T06:28:24.548Z HEARTBEAT
2026-08-26T06:33:24.553Z HEARTBEAT
2026-08-26T06:38:24.561Z HEARTBEAT
2026-08-26T06:43:24.568Z HEARTBEAT
2026-08-26T06:48:24.582Z HEARTBEAT
2026-08-26T06:53:24.582Z HEARTBEAT
2026-08-26T06:58:24.591Z HEARTBEAT
2026-08-26T07:03:24.594Z HEARTBEAT
2026-08-26T07:08:24.609Z HEARTBEAT
2026-08-26T07:13:24.620Z HEARTBEAT
2026-08-26T07:18:24.624Z HEARTBEAT
2026-08-26T07:19:52.395Z cycle: 16 pending, 1 due
2026-08-26T07:19:53.037Z OK 水猴子 已停止刷新 (201)
2026-08-26T07:23:24.631Z HEARTBEAT
2026-08-26T07:28:24.638Z HEARTBEAT
2026-08-26T07:33:24.648Z HEARTBEAT
2026-08-26T07:38:24.654Z HEARTBEAT
2026-08-26T07:43:24.654Z HEARTBEAT
2026-08-26T07:48:24.656Z HEARTBEAT
2026-08-26T07:53:24.660Z HEARTBEAT
2026-08-26T07:58:24.661Z HEARTBEAT
2026-08-26T08:03:24.672Z HEARTBEAT
2026-08-26T08:08:24.674Z HEARTBEAT
2026-08-26T08:13:24.685Z HEARTBEAT
2026-08-26T08:18:24.693Z HEARTBEAT
2026-08-26T08:18:53.236Z cycle: 15 pending, 1 due
2026-08-26T08:18:54.148Z OK 黑曜石宝箱 刷新时间已到 (201)
2026-08-26T08:21:23.363Z cycle: 14 pending, 1 due
2026-08-26T08:21:26.061Z OK 勇猛勋章 刷新时间已到 (201)
2026-08-26T08:23:24.697Z HEARTBEAT
2026-08-26T08:28:24.704Z HEARTBEAT
2026-08-26T08:33:24.705Z HEARTBEAT
2026-08-26T08:38:24.707Z HEARTBEAT
2026-08-26T08:43:24.709Z HEARTBEAT
2026-08-26T08:48:24.714Z HEARTBEAT
2026-08-26T08:53:24.725Z HEARTBEAT
2026-08-26T08:58:24.740Z HEARTBEAT
2026-08-26T09:03:24.752Z HEARTBEAT
2026-08-26T09:08:24.760Z HEARTBEAT
2026-08-26T09:13:24.770Z HEARTBEAT
2026-08-26T09:18:24.784Z HEARTBEAT
2026-08-26T09:23:24.798Z HEARTBEAT
2026-08-26T09:28:24.808Z HEARTBEAT
2026-08-26T09:33:24.817Z HEARTBEAT
2026-08-26T09:38:24.828Z HEARTBEAT
2026-08-26T09:43:24.842Z HEARTBEAT
2026-08-26T09:48:24.845Z HEARTBEAT
2026-08-26T09:53:24.857Z HEARTBEAT
2026-08-26T09:58:24.867Z HEARTBEAT
2026-08-26T10:00:28.942Z cycle: 19 pending, 1 due
2026-08-26T10:00:29.630Z OK 钻头 分身4 物资已刷新 (201)
2026-08-26T10:03:24.877Z HEARTBEAT
2026-08-26T10:08:24.878Z HEARTBEAT
2026-08-26T10:11:05.344Z fetch retry 1: fetch failed
2026-08-26T10:11:16.042Z fetch retry 2: fetch failed
2026-08-26T10:11:35.341Z fetch retry 1: fetch failed
2026-08-26T10:13:24.888Z HEARTBEAT
2026-08-26T10:18:24.891Z HEARTBEAT
2026-08-26T10:18:55.203Z cycle: 18 pending, 1 due
2026-08-26T10:18:55.877Z OK 黑曜石宝箱 已停止刷新 (201)
2026-08-26T10:23:24.895Z HEARTBEAT
2026-08-26T10:28:24.907Z HEARTBEAT
2026-08-26T10:33:24.917Z HEARTBEAT
2026-08-26T10:38:24.917Z HEARTBEAT
2026-08-26T10:43:24.924Z HEARTBEAT
2026-08-26T10:47:55.548Z cycle: 18 pending, 1 due
2026-08-26T10:47:56.400Z OK 钻头 分身4 物资已刷新 (201)
2026-08-26T10:48:24.935Z HEARTBEAT
2026-08-26T10:53:24.939Z HEARTBEAT
2026-08-26T10:58:23.833Z HEARTBEAT
2026-08-26T11:03:23.837Z HEARTBEAT
2026-08-26T11:03:24.912Z cycle: 17 pending, 1 due
2026-08-26T11:03:25.512Z OK 真龙宝藏 刷新时间已到 (201)
2026-08-26T11:08:23.851Z HEARTBEAT
2026-08-26T11:13:23.858Z HEARTBEAT
2026-08-26T11:13:24.751Z cycle: 16 pending, 1 due
2026-08-26T11:13:25.363Z OK 钻头 物资已刷新 (201)
2026-08-26T11:18:23.858Z HEARTBEAT
2026-08-26T11:23:23.868Z HEARTBEAT
2026-08-26T11:24:35.252Z fetch retry 1: fetch failed
2026-08-26T11:26:05.287Z fetch retry 1: fetch failed
2026-08-26T11:28:23.874Z HEARTBEAT
2026-08-26T11:33:23.883Z HEARTBEAT
2026-08-26T11:34:35.450Z fetch retry 1: fetch failed
2026-08-26T11:38:23.895Z HEARTBEAT
2026-08-26T11:43:23.904Z HEARTBEAT
2026-08-26T11:48:23.917Z HEARTBEAT
2026-08-26T11:53:23.922Z HEARTBEAT
2026-08-26T11:58:23.933Z HEARTBEAT
2026-08-26T12:03:23.941Z HEARTBEAT
2026-08-26T12:08:23.950Z HEARTBEAT
2026-08-26T12:13:23.951Z HEARTBEAT
2026-08-26T12:18:23.966Z HEARTBEAT
2026-08-26T12:23:23.976Z HEARTBEAT
2026-08-26T12:28:23.985Z HEARTBEAT
2026-08-26T12:33:23.991Z HEARTBEAT
2026-08-26T12:38:23.992Z HEARTBEAT
2026-08-26T12:43:23.995Z HEARTBEAT
2026-08-26T12:48:24.001Z HEARTBEAT
2026-08-26T12:53:24.005Z HEARTBEAT
2026-08-26T12:58:24.018Z HEARTBEAT
2026-08-26T12:59:06.572Z fetch retry 1: fetch failed
2026-08-26T13:03:24.019Z HEARTBEAT
2026-08-26T13:08:24.025Z HEARTBEAT
2026-08-26T13:13:24.031Z HEARTBEAT
2026-08-26T13:13:56.673Z cycle: 15 pending, 2 due
2026-08-26T13:13:57.865Z OK 勇猛勋章 分身3 刷新时间已到 (201)
2026-08-26T13:13:58.300Z OK 勇猛勋章 刷新时间已到 (201)
2026-08-26T13:18:24.037Z HEARTBEAT
2026-08-26T13:23:24.046Z HEARTBEAT
2026-08-26T13:28:24.060Z HEARTBEAT
2026-08-26T13:33:24.064Z HEARTBEAT
2026-08-26T13:38:24.078Z HEARTBEAT
2026-08-26T13:43:24.091Z HEARTBEAT
2026-08-26T13:48:24.095Z HEARTBEAT
2026-08-26T13:53:24.098Z HEARTBEAT
2026-08-26T13:58:24.105Z HEARTBEAT
2026-08-26T14:03:24.121Z HEARTBEAT
2026-08-26T14:08:24.124Z HEARTBEAT
2026-08-26T14:13:24.131Z HEARTBEAT
2026-08-26T14:18:24.134Z HEARTBEAT
2026-08-26T14:23:24.141Z HEARTBEAT
2026-08-26T14:28:24.153Z HEARTBEAT
2026-08-26T14:33:24.164Z HEARTBEAT
2026-08-26T14:38:24.173Z HEARTBEAT
2026-08-26T14:43:24.175Z HEARTBEAT
2026-08-26T14:48:24.178Z HEARTBEAT
2026-08-26T14:53:24.190Z HEARTBEAT
2026-08-26T14:58:24.194Z HEARTBEAT
2026-08-26T15:03:24.199Z HEARTBEAT
2026-08-26T15:03:28.784Z cycle: 15 pending, 1 due
2026-08-26T15:03:30.117Z OK 真龙宝藏 已停止刷新 (201)
2026-08-26T15:08:24.208Z HEARTBEAT
2026-08-26T15:13:24.214Z HEARTBEAT
2026-08-26T15:18:24.216Z HEARTBEAT
2026-08-26T15:23:24.225Z HEARTBEAT
2026-08-26T15:28:24.238Z HEARTBEAT
2026-08-26T15:33:24.249Z HEARTBEAT
2026-08-26T15:38:24.264Z HEARTBEAT
2026-08-26T15:43:24.268Z HEARTBEAT
2026-08-26T15:48:24.274Z HEARTBEAT
2026-08-26T15:53:24.280Z HEARTBEAT
2026-08-26T15:58:24.292Z HEARTBEAT
2026-08-26T16:03:24.303Z HEARTBEAT
2026-08-26T16:08:24.311Z HEARTBEAT
2026-08-26T16:13:24.317Z HEARTBEAT
2026-08-26T16:18:24.327Z HEARTBEAT
2026-08-26T16:23:24.338Z HEARTBEAT
2026-08-26T16:28:24.351Z HEARTBEAT
2026-08-26T16:33:24.353Z HEARTBEAT
2026-08-26T16:38:24.357Z HEARTBEAT
2026-08-26T16:43:24.369Z HEARTBEAT
2026-08-26T16:48:24.371Z HEARTBEAT
2026-08-26T16:53:24.378Z HEARTBEAT
2026-08-26T16:58:24.385Z HEARTBEAT
2026-08-26T17:03:24.392Z HEARTBEAT
2026-08-26T17:08:24.401Z HEARTBEAT
2026-08-27T01:29:47.100Z === daemon starting ===
2026-08-27T01:29:47.104Z push daemon started (single instance)
2026-08-27T01:34:47.109Z HEARTBEAT
2026-08-27T01:39:47.117Z HEARTBEAT
2026-08-27T01:44:47.124Z HEARTBEAT
2026-08-27T01:49:47.129Z HEARTBEAT
2026-08-27T01:52:18.039Z cycle: 21 pending, 1 due
2026-08-27T01:52:18.674Z OK 大贝壳 已停止刷新 (201)
2026-08-27T01:54:47.142Z HEARTBEAT
2026-08-27T01:59:47.155Z HEARTBEAT
2026-08-27T02:04:47.168Z HEARTBEAT
2026-08-27T02:09:47.169Z HEARTBEAT
2026-08-27T02:14:47.171Z HEARTBEAT
2026-08-27T02:19:47.183Z HEARTBEAT
2026-08-27T02:24:47.187Z HEARTBEAT
2026-08-27T02:29:47.197Z HEARTBEAT
2026-08-27T02:34:47.199Z HEARTBEAT
2026-08-27T02:39:47.206Z HEARTBEAT
2026-08-27T02:44:47.207Z HEARTBEAT
2026-08-27T02:49:47.218Z HEARTBEAT
2026-08-27T02:51:18.867Z cycle: 20 pending, 1 due
2026-08-27T02:51:19.515Z OK 龟壳珍宝 已停止刷新 (201)
2026-08-27T02:54:47.230Z HEARTBEAT
2026-08-27T02:59:47.230Z HEARTBEAT
2026-08-27T03:04:47.234Z HEARTBEAT
2026-08-27T03:09:47.248Z HEARTBEAT
2026-08-27T03:14:47.262Z HEARTBEAT
2026-08-27T03:19:47.273Z HEARTBEAT
2026-08-27T03:24:47.277Z HEARTBEAT
2026-08-27T03:29:47.292Z HEARTBEAT
2026-08-27T03:34:47.298Z HEARTBEAT
2026-08-27T03:39:47.310Z HEARTBEAT
2026-08-27T03:44:47.316Z HEARTBEAT
2026-08-27T03:49:47.327Z HEARTBEAT
2026-08-27T03:54:47.336Z HEARTBEAT
2026-08-27T03:59:47.346Z HEARTBEAT
2026-08-27T04:04:47.346Z HEARTBEAT
2026-08-27T04:09:47.349Z HEARTBEAT
2026-08-27T04:14:47.351Z HEARTBEAT
2026-08-27T04:19:47.356Z HEARTBEAT
2026-08-27T04:24:47.362Z HEARTBEAT
2026-08-27T04:29:47.372Z HEARTBEAT
2026-08-27T04:34:47.378Z HEARTBEAT
2026-08-27T04:39:47.390Z HEARTBEAT
2026-08-27T04:44:47.398Z HEARTBEAT
2026-08-27T04:49:47.404Z HEARTBEAT
2026-08-27T04:54:47.411Z HEARTBEAT
2026-08-27T04:58:50.048Z SKIP: previous cycle still running
2026-08-27T04:59:20.062Z SKIP: previous cycle still running
2026-08-27T04:59:47.416Z HEARTBEAT
2026-08-27T05:04:47.416Z HEARTBEAT
2026-08-27T05:09:47.427Z HEARTBEAT
2026-08-27T05:14:47.429Z HEARTBEAT
2026-08-27T05:19:47.429Z HEARTBEAT
2026-08-27T05:24:47.433Z HEARTBEAT
2026-08-27T05:29:47.447Z HEARTBEAT
2026-08-27T05:34:47.452Z HEARTBEAT
2026-08-27T05:39:47.451Z HEARTBEAT
2026-08-27T05:44:47.461Z HEARTBEAT
2026-08-27T05:49:47.466Z HEARTBEAT
2026-08-27T05:54:47.473Z HEARTBEAT
2026-08-27T05:59:47.479Z HEARTBEAT
2026-08-27T06:04:47.484Z HEARTBEAT
2026-08-27T06:09:47.494Z HEARTBEAT
2026-08-27T06:14:47.496Z HEARTBEAT
2026-08-27T06:19:47.510Z HEARTBEAT
2026-08-27T06:24:47.518Z HEARTBEAT
2026-08-27T06:29:47.518Z HEARTBEAT
2026-08-27T06:34:47.521Z HEARTBEAT
2026-08-27T06:39:47.528Z HEARTBEAT
2026-08-27T06:40:22.055Z cycle: 19 pending, 1 due
2026-08-27T06:40:23.154Z OK 聚变矿源虫 刷新时间已到 (201)
2026-08-27T06:44:47.540Z HEARTBEAT
2026-08-27T06:47:22.630Z cycle: 20 pending, 1 due
2026-08-27T06:47:23.548Z OK 柱子法师 刷新时间已到 (201)
2026-08-27T06:49:47.545Z HEARTBEAT
2026-08-27T06:54:47.552Z HEARTBEAT
2026-08-27T06:54:52.444Z cycle: 19 pending, 1 due
2026-08-27T06:54:55.661Z OK 柱子法师 分身1 刷新时间已到 (201)
2026-08-27T06:59:21.871Z SKIP: previous cycle still running
2026-08-27T06:59:47.566Z HEARTBEAT
2026-08-27T07:04:47.575Z HEARTBEAT
2026-08-27T07:09:47.586Z HEARTBEAT
2026-08-27T07:14:47.589Z HEARTBEAT
2026-08-27T07:15:58.503Z cycle: 21 pending, 1 due
2026-08-27T07:15:59.199Z OK 柱子法师 分身2 刷新时间已到 (201)
2026-08-27T07:19:22.202Z SKIP: previous cycle still running
2026-08-27T07:19:47.596Z HEARTBEAT
2026-08-27T07:22:52.265Z SKIP: previous cycle still running
2026-08-27T07:24:47.603Z HEARTBEAT
2026-08-27T07:29:47.614Z HEARTBEAT
2026-08-27T07:34:47.616Z HEARTBEAT
2026-08-27T07:39:47.621Z HEARTBEAT
2026-08-27T07:44:47.624Z HEARTBEAT
2026-08-27T07:45:57.614Z cycle: 20 pending, 1 due
2026-08-27T07:45:58.915Z OK 柱子法师 分身2 已停止刷新 (201)
2026-08-27T07:49:47.632Z HEARTBEAT
2026-08-27T07:54:47.646Z HEARTBEAT
2026-08-27T07:59:47.656Z HEARTBEAT
2026-08-27T08:04:47.668Z HEARTBEAT
2026-08-27T08:09:47.683Z HEARTBEAT
2026-08-27T08:14:47.687Z HEARTBEAT
2026-08-27T08:19:47.689Z HEARTBEAT
2026-08-27T08:24:47.693Z HEARTBEAT
2026-08-27T08:29:47.706Z HEARTBEAT
2026-08-27T08:34:47.716Z HEARTBEAT
2026-08-27T08:39:47.728Z HEARTBEAT
2026-08-27T08:44:47.734Z HEARTBEAT
2026-08-27T08:49:47.744Z HEARTBEAT
2026-08-27T08:54:47.747Z HEARTBEAT
2026-08-27T08:59:47.748Z HEARTBEAT
2026-08-27T09:01:04.479Z fetch retry 1: fetch failed
2026-08-27T09:01:15.186Z fetch retry 2: fetch failed
2026-08-27T09:01:23.761Z SKIP: previous cycle still running
2026-08-27T09:01:25.906Z LOOP ERROR: fetch failed
2026-08-27T09:04:47.756Z HEARTBEAT
2026-08-27T09:09:47.761Z HEARTBEAT
2026-08-27T09:14:34.652Z fetch retry 1: fetch failed
2026-08-27T09:14:47.769Z HEARTBEAT
2026-08-27T09:19:47.784Z HEARTBEAT
2026-08-27T09:20:02.741Z cycle: 29 pending, 1 due
2026-08-27T09:20:03.469Z OK 异星宝箱 刷新时间已到 (201)
2026-08-27T09:22:24.980Z cycle: 28 pending, 1 due
2026-08-27T09:22:25.743Z OK 异星宝箱 分身2 刷新时间已到 (201)
2026-08-27T09:24:47.785Z HEARTBEAT
2026-08-27T09:29:47.786Z HEARTBEAT
2026-08-27T09:34:47.798Z HEARTBEAT
2026-08-27T09:39:34.971Z fetch retry 1: fetch failed
2026-08-27T09:39:47.810Z HEARTBEAT
2026-08-27T09:44:47.824Z HEARTBEAT
2026-08-27T09:49:47.833Z HEARTBEAT
2026-08-27T09:54:47.841Z HEARTBEAT
2026-08-27T09:54:55.705Z cycle: 27 pending, 1 due
2026-08-27T09:54:56.409Z OK 钻头 物资已刷新 (201)
2026-08-27T09:59:47.849Z HEARTBEAT
2026-08-27T10:04:47.855Z HEARTBEAT
2026-08-27T10:09:47.871Z HEARTBEAT
2026-08-27T10:14:47.876Z HEARTBEAT
2026-08-27T10:19:47.877Z HEARTBEAT
2026-08-27T10:24:47.890Z HEARTBEAT
2026-08-27T10:29:47.896Z HEARTBEAT
2026-08-27T10:34:47.897Z HEARTBEAT
2026-08-27T10:39:47.899Z HEARTBEAT
2026-08-27T10:44:47.905Z HEARTBEAT
2026-08-27T10:49:47.921Z HEARTBEAT
2026-08-27T10:54:47.927Z HEARTBEAT
2026-08-27T10:59:47.928Z HEARTBEAT
2026-08-27T11:04:47.934Z HEARTBEAT
2026-08-27T11:09:47.938Z HEARTBEAT
2026-08-27T11:12:27.752Z cycle: 28 pending, 1 due
2026-08-27T11:12:28.487Z OK 芙蕾雅宝箱 分身2 刷新时间已到 (201)
2026-08-27T11:12:56.255Z cycle: 27 pending, 1 due
2026-08-27T11:12:57.713Z OK 芙蕾雅宝箱 分身1 刷新时间已到 (201)
2026-08-27T11:14:47.941Z HEARTBEAT
2026-08-27T11:15:01.109Z cycle: 26 pending, 2 due
2026-08-27T11:15:02.031Z OK 异星宝箱 分身2 刷新时间已到 (201)
2026-08-27T11:15:02.758Z OK 异星宝箱 分身1 刷新时间已到 (201)
2026-08-27T11:16:27.878Z cycle: 24 pending, 1 due
2026-08-27T11:16:29.227Z OK 异星宝箱 分身2 刷新时间已到 (201)
2026-08-27T11:16:56.856Z cycle: 23 pending, 1 due
2026-08-27T11:16:57.505Z OK 异星宝箱 分身1 刷新时间已到 (201)
2026-08-27T11:19:47.941Z HEARTBEAT
2026-08-27T11:24:47.946Z HEARTBEAT
2026-08-27T11:29:47.947Z HEARTBEAT
2026-08-27T11:34:47.957Z HEARTBEAT
2026-08-27T11:39:47.960Z HEARTBEAT
2026-08-27T11:44:47.969Z HEARTBEAT
2026-08-27T11:49:47.974Z HEARTBEAT
2026-08-27T11:54:47.976Z HEARTBEAT
2026-08-27T11:59:47.981Z HEARTBEAT
2026-08-27T12:04:47.982Z HEARTBEAT
2026-08-27T12:09:47.985Z HEARTBEAT
2026-08-27T12:14:47.993Z HEARTBEAT
2026-08-27T12:19:48.008Z HEARTBEAT
2026-08-27T12:24:48.020Z HEARTBEAT
2026-08-27T12:29:48.026Z HEARTBEAT
2026-08-27T12:31:59.526Z cycle: 22 pending, 1 due
2026-08-27T12:32:00.480Z OK 聚变矿源虫 刷新时间已到 (201)
2026-08-27T12:32:27.726Z cycle: 21 pending, 1 due
2026-08-27T12:32:28.604Z OK 柱子法师 分身3 刷新时间已到 (201)
2026-08-27T12:34:48.035Z HEARTBEAT
2026-08-27T12:39:48.050Z HEARTBEAT
2026-08-27T12:42:57.724Z cycle: 20 pending, 1 due
2026-08-27T12:42:58.389Z OK 柱子法师 分身4 刷新时间已到 (201)
2026-08-27T12:44:48.064Z HEARTBEAT
2026-08-27T12:49:48.064Z HEARTBEAT
2026-08-27T12:54:48.074Z HEARTBEAT
2026-08-27T12:59:48.087Z HEARTBEAT
2026-08-27T13:00:58.328Z cycle: 19 pending, 1 due
2026-08-27T13:01:00.489Z OK 柱子法师 分身1 刷新时间已到 (201)
2026-08-27T13:02:32.157Z cycle: 18 pending, 1 due
2026-08-27T13:02:32.998Z OK 柱子法师 分身3 已停止刷新 (201)
2026-08-27T13:04:48.090Z HEARTBEAT
2026-08-27T13:09:48.102Z HEARTBEAT
2026-08-27T13:12:58.066Z cycle: 21 pending, 1 due
2026-08-27T13:12:58.804Z OK 柱子法师 分身4 已停止刷新 (201)
2026-08-27T13:14:48.104Z HEARTBEAT
2026-08-27T13:19:48.108Z HEARTBEAT
2026-08-27T13:24:48.121Z HEARTBEAT
2026-08-27T13:29:48.125Z HEARTBEAT
2026-08-27T13:30:58.264Z cycle: 20 pending, 1 due
2026-08-27T13:30:58.918Z OK 柱子法师 分身1 已停止刷新 (201)
2026-08-27T13:32:02.340Z cycle: 19 pending, 1 due
2026-08-27T13:32:03.874Z OK 聚变矿源虫 已停止刷新 (201)
2026-08-27T13:34:48.140Z HEARTBEAT
2026-08-27T13:39:48.147Z HEARTBEAT
2026-08-27T13:44:48.152Z HEARTBEAT
2026-08-27T13:49:48.161Z HEARTBEAT
2026-08-27T13:54:48.165Z HEARTBEAT
2026-08-27T13:55:08.944Z fetch retry 1: fetch failed
2026-08-27T13:59:48.169Z HEARTBEAT
2026-08-27T14:04:48.168Z HEARTBEAT
2026-08-27T14:09:48.168Z HEARTBEAT
2026-08-27T14:14:48.176Z HEARTBEAT
2026-08-27T14:19:48.189Z HEARTBEAT
2026-08-27T14:24:48.198Z HEARTBEAT
2026-08-27T14:29:48.198Z HEARTBEAT
2026-08-27T14:34:48.208Z HEARTBEAT
2026-08-27T14:39:48.220Z HEARTBEAT
2026-08-27T14:44:48.225Z HEARTBEAT
2026-08-27T14:49:48.237Z HEARTBEAT
2026-08-27T14:54:48.237Z HEARTBEAT
2026-08-27T23:27:44.803Z === daemon starting ===
2026-08-27T23:27:44.809Z push daemon started (single instance)
2026-08-27T23:32:44.818Z HEARTBEAT
2026-08-27T23:37:44.825Z HEARTBEAT
2026-08-27T23:42:44.834Z HEARTBEAT
2026-08-27T23:47:44.845Z HEARTBEAT
2026-08-27T23:52:44.851Z HEARTBEAT
2026-08-27T23:57:44.855Z HEARTBEAT
2026-08-28T00:02:44.864Z HEARTBEAT
2026-08-28T00:07:44.863Z HEARTBEAT
2026-08-28T00:12:44.870Z HEARTBEAT
2026-08-28T00:17:44.883Z HEARTBEAT
2026-08-28T00:22:44.885Z HEARTBEAT
2026-08-28T00:27:44.893Z HEARTBEAT
2026-08-28T00:32:44.893Z HEARTBEAT
2026-08-28T00:37:44.901Z HEARTBEAT
2026-08-28T00:42:44.907Z HEARTBEAT
2026-08-28T00:47:44.920Z HEARTBEAT
2026-08-28T00:52:44.920Z HEARTBEAT
2026-08-28T00:57:44.929Z HEARTBEAT
2026-08-28T01:02:44.942Z HEARTBEAT
2026-08-28T01:07:44.946Z HEARTBEAT
2026-08-28T01:12:44.948Z HEARTBEAT
2026-08-28T01:12:47.000Z cycle: 12 pending, 1 due
2026-08-28T01:12:47.931Z OK 异星宝箱 刷新时间已到 (201)
2026-08-28T01:16:46.916Z cycle: 14 pending, 1 due
2026-08-28T01:16:47.959Z OK 异星宝箱 刷新时间已到 (201)
2026-08-28T01:17:44.948Z HEARTBEAT
2026-08-28T01:20:51.121Z cycle: 13 pending, 1 due
2026-08-28T01:20:52.203Z OK 异星宝箱 已停止刷新 (201)
2026-08-28T01:22:44.960Z HEARTBEAT
2026-08-28T01:27:44.959Z HEARTBEAT
2026-08-28T01:32:44.962Z HEARTBEAT
2026-08-28T01:37:44.974Z HEARTBEAT
2026-08-28T01:42:44.978Z HEARTBEAT
2026-08-28T01:47:44.990Z HEARTBEAT
2026-08-28T01:52:45.002Z HEARTBEAT
2026-08-28T01:57:45.009Z HEARTBEAT
2026-08-28T02:02:45.017Z HEARTBEAT
2026-08-28T02:07:45.031Z HEARTBEAT
2026-08-28T02:12:45.032Z HEARTBEAT
2026-08-28T02:17:45.037Z HEARTBEAT
2026-08-28T02:22:45.040Z HEARTBEAT
2026-08-28T02:27:45.044Z HEARTBEAT
2026-08-28T02:32:45.048Z HEARTBEAT
2026-08-28T02:37:45.048Z HEARTBEAT
2026-08-28T02:42:45.052Z HEARTBEAT
2026-08-28T02:47:45.067Z HEARTBEAT
2026-08-28T02:52:45.073Z HEARTBEAT
2026-08-28T02:57:45.076Z HEARTBEAT
2026-08-28T03:02:45.081Z HEARTBEAT
2026-08-28T03:07:45.085Z HEARTBEAT
2026-08-28T03:12:45.093Z HEARTBEAT
2026-08-28T03:15:18.557Z cycle: 14 pending, 1 due
2026-08-28T03:15:19.821Z OK 异星宝箱 刷新时间已到 (201)
2026-08-28T03:17:45.095Z HEARTBEAT
2026-08-28T03:22:45.102Z HEARTBEAT
2026-08-28T03:22:52.651Z cycle: 13 pending, 1 due
2026-08-28T03:22:53.533Z OK 异星宝箱 分身5 刷新时间已到 (201)
2026-08-28T03:27:45.106Z HEARTBEAT
2026-08-28T03:32:45.114Z HEARTBEAT
2026-08-28T03:37:45.119Z HEARTBEAT
2026-08-28T03:42:45.121Z HEARTBEAT
2026-08-28T03:47:45.126Z HEARTBEAT
2026-08-28T03:52:45.139Z HEARTBEAT
2026-08-28T03:57:45.147Z HEARTBEAT
2026-08-28T04:02:45.149Z HEARTBEAT
2026-08-28T04:07:45.154Z HEARTBEAT
2026-08-28T04:12:45.161Z HEARTBEAT
2026-08-28T04:17:45.169Z HEARTBEAT
2026-08-28T04:22:45.172Z HEARTBEAT
2026-08-28T04:27:45.179Z HEARTBEAT
2026-08-28T04:32:45.187Z HEARTBEAT
2026-08-28T04:37:45.196Z HEARTBEAT
2026-08-28T04:42:45.205Z HEARTBEAT
2026-08-28T04:47:45.207Z HEARTBEAT
2026-08-28T04:50:00.226Z fetch retry 1: fetch failed
2026-08-28T04:52:45.207Z HEARTBEAT
2026-08-28T04:57:45.211Z HEARTBEAT
2026-08-28T05:02:45.224Z HEARTBEAT
2026-08-28T05:07:45.237Z HEARTBEAT
2026-08-28T05:12:45.245Z HEARTBEAT
2026-08-28T05:17:45.245Z HEARTBEAT
2026-08-28T05:22:45.248Z HEARTBEAT
2026-08-28T05:27:45.251Z HEARTBEAT
2026-08-28T05:32:45.262Z HEARTBEAT
2026-08-28T05:37:45.263Z HEARTBEAT
2026-08-28T05:38:01.035Z fetch retry 1: fetch failed
2026-08-28T05:38:11.763Z fetch retry 2: fetch failed
2026-08-28T05:38:20.341Z SKIP: previous cycle still running
2026-08-28T05:38:22.506Z LOOP ERROR: fetch failed
2026-08-28T05:42:45.265Z HEARTBEAT
2026-08-28T05:47:45.278Z HEARTBEAT
2026-08-28T05:52:45.281Z HEARTBEAT
2026-08-28T05:57:45.284Z HEARTBEAT
2026-08-28T06:02:45.289Z HEARTBEAT
2026-08-28T06:06:51.321Z cycle: 16 pending, 1 due
2026-08-28T06:06:52.687Z OK 龟壳珍宝 刷新时间已到 (201)
2026-08-28T06:07:45.292Z HEARTBEAT
2026-08-28T06:12:45.305Z HEARTBEAT
2026-08-28T06:17:45.318Z HEARTBEAT
2026-08-28T06:22:45.333Z HEARTBEAT
2026-08-28T06:27:45.346Z HEARTBEAT
2026-08-28T06:28:01.726Z fetch retry 1: fetch failed
2026-08-28T06:32:45.360Z HEARTBEAT
2026-08-28T06:37:45.362Z HEARTBEAT
2026-08-28T06:42:45.366Z HEARTBEAT
2026-08-28T06:47:45.366Z HEARTBEAT
2026-08-28T06:52:45.376Z HEARTBEAT
2026-08-28T06:57:45.392Z HEARTBEAT
2026-08-28T07:02:45.406Z HEARTBEAT
2026-08-28T07:07:45.413Z HEARTBEAT
2026-08-28T07:12:45.417Z HEARTBEAT
2026-08-28T07:15:22.686Z cycle: 17 pending, 1 due
2026-08-28T07:15:23.572Z OK 异星宝箱 已停止刷新 (201)
2026-08-28T07:17:45.430Z HEARTBEAT
2026-08-28T07:22:45.440Z HEARTBEAT
2026-08-28T07:22:52.459Z cycle: 16 pending, 1 due
2026-08-28T07:22:53.388Z OK 异星宝箱 分身5 已停止刷新 (201)
2026-08-28T07:27:45.447Z HEARTBEAT
2026-08-28T07:32:45.458Z HEARTBEAT
2026-08-28T07:37:45.468Z HEARTBEAT
2026-08-28T07:42:45.482Z HEARTBEAT
2026-08-28T07:45:22.772Z cycle: 16 pending, 1 due
2026-08-28T07:45:24.195Z OK 水猴子 刷新时间已到 (201)
2026-08-28T07:47:45.495Z HEARTBEAT
2026-08-28T07:52:45.504Z HEARTBEAT
2026-08-28T07:57:45.517Z HEARTBEAT
2026-08-28T07:58:53.255Z cycle: 15 pending, 1 due
2026-08-28T07:58:54.906Z OK 海鳄龙 已停止刷新 (201)
2026-08-28T08:02:45.517Z HEARTBEAT
2026-08-28T08:07:45.527Z HEARTBEAT
2026-08-28T08:12:45.542Z HEARTBEAT
2026-08-28T08:17:45.549Z HEARTBEAT
2026-08-28T08:22:45.551Z HEARTBEAT
2026-08-28T08:27:45.556Z HEARTBEAT
2026-08-28T08:32:45.559Z HEARTBEAT
2026-08-28T08:37:45.562Z HEARTBEAT
2026-08-28T08:42:45.568Z HEARTBEAT
2026-08-28T08:47:45.581Z HEARTBEAT
2026-08-28T08:52:45.587Z HEARTBEAT
2026-08-28T08:57:45.593Z HEARTBEAT
2026-08-28T08:57:57.944Z cycle: 16 pending, 1 due
2026-08-28T08:57:58.945Z OK 龟壳珍宝 刷新时间已到 (201)
2026-08-28T09:02:45.603Z HEARTBEAT
2026-08-28T09:07:45.619Z HEARTBEAT
2026-08-28T09:11:54.265Z cycle: 15 pending, 1 due
2026-08-28T09:11:55.080Z OK 水猴子 物资已刷新 (201)
2026-08-28T09:12:45.620Z HEARTBEAT
2026-08-28T09:17:45.628Z HEARTBEAT
2026-08-28T09:22:45.635Z HEARTBEAT
2026-08-28T09:27:45.639Z HEARTBEAT
2026-08-28T09:32:45.654Z HEARTBEAT
2026-08-28T09:37:45.669Z HEARTBEAT
2026-08-28T09:42:45.671Z HEARTBEAT
2026-08-28T09:47:45.673Z HEARTBEAT
2026-08-28T09:52:45.678Z HEARTBEAT
2026-08-28T09:57:45.679Z HEARTBEAT
2026-08-28T10:02:45.684Z HEARTBEAT
2026-08-28T10:06:34.982Z fetch retry 1: fetch failed
2026-08-28T10:06:45.669Z fetch retry 2: fetch failed
2026-08-28T10:06:54.277Z SKIP: previous cycle still running
2026-08-28T10:06:56.397Z LOOP ERROR: fetch failed
2026-08-28T10:07:24.715Z cycle: 14 pending, 1 due
2026-08-28T10:07:25.521Z OK 龟壳珍宝 已停止刷新 (201)
2026-08-28T10:07:45.696Z HEARTBEAT
2026-08-28T10:12:45.705Z HEARTBEAT
2026-08-28T10:17:45.717Z HEARTBEAT
2026-08-28T10:22:45.718Z HEARTBEAT
2026-08-28T10:27:45.721Z HEARTBEAT
2026-08-28T10:32:45.734Z HEARTBEAT
2026-08-28T10:37:45.748Z HEARTBEAT
2026-08-28T10:42:45.759Z HEARTBEAT
2026-08-28T10:47:45.768Z HEARTBEAT
2026-08-28T10:52:45.769Z HEARTBEAT
2026-08-28T10:57:45.773Z HEARTBEAT
2026-08-28T11:02:25.469Z cycle: 14 pending, 1 due
2026-08-28T11:02:26.290Z OK 海底精英怪 刷新时间已到 (201)
2026-08-28T11:02:45.781Z HEARTBEAT
2026-08-28T11:07:45.782Z HEARTBEAT
2026-08-28T11:12:25.786Z cycle: 13 pending, 1 due
2026-08-28T11:12:26.589Z OK 水猴子 物资已刷新 (201)
2026-08-28T11:12:45.796Z HEARTBEAT
2026-08-28T11:17:45.803Z HEARTBEAT
2026-08-28T11:22:45.814Z HEARTBEAT
2026-08-28T11:27:45.816Z HEARTBEAT
2026-08-28T11:32:45.817Z HEARTBEAT
2026-08-28T11:37:45.828Z HEARTBEAT
2026-08-28T11:42:45.836Z HEARTBEAT
2026-08-28T11:45:26.426Z cycle: 12 pending, 1 due
2026-08-28T11:45:27.096Z OK 水猴子 已停止刷新 (201)
2026-08-28T11:47:45.847Z HEARTBEAT
2026-08-28T11:52:45.846Z HEARTBEAT
2026-08-28T11:57:45.855Z HEARTBEAT
2026-08-28T12:02:26.386Z cycle: 11 pending, 1 due
2026-08-28T12:02:27.970Z OK 海底精英怪 已停止刷新 (201)
2026-08-28T12:02:45.856Z HEARTBEAT
2026-08-28T12:07:45.856Z HEARTBEAT
2026-08-28T12:12:45.865Z HEARTBEAT
2026-08-28T12:17:06.806Z fetch retry 1: fetch failed
2026-08-28T12:17:45.866Z HEARTBEAT
2026-08-28T12:22:45.881Z HEARTBEAT
2026-08-28T12:27:45.884Z HEARTBEAT
2026-08-28T12:32:45.898Z HEARTBEAT
2026-08-28T12:37:45.902Z HEARTBEAT
2026-08-28T12:42:45.917Z HEARTBEAT
2026-08-28T12:47:45.917Z HEARTBEAT
2026-08-28T12:52:45.931Z HEARTBEAT
2026-08-28T12:57:45.935Z HEARTBEAT
2026-08-28T12:57:57.396Z cycle: 12 pending, 1 due
2026-08-28T12:57:58.098Z OK 龟壳珍宝 已停止刷新 (201)
2026-08-28T13:02:45.943Z HEARTBEAT
2026-08-28T13:07:45.944Z HEARTBEAT
2026-08-28T13:12:45.945Z HEARTBEAT
2026-08-28T13:17:45.953Z HEARTBEAT
2026-08-28T13:22:45.953Z HEARTBEAT
2026-08-28T13:27:45.965Z HEARTBEAT
2026-08-28T13:32:45.965Z HEARTBEAT
2026-08-28T13:37:45.980Z HEARTBEAT
2026-08-28T13:42:45.982Z HEARTBEAT
2026-08-28T13:47:45.989Z HEARTBEAT
2026-08-28T13:52:45.998Z HEARTBEAT
2026-08-28T13:57:46.006Z HEARTBEAT
2026-08-28T14:02:46.019Z HEARTBEAT
2026-08-28T14:07:46.025Z HEARTBEAT
2026-08-28T14:12:46.037Z HEARTBEAT
2026-08-28T14:17:46.043Z HEARTBEAT
2026-08-28T14:22:46.048Z HEARTBEAT
2026-08-28T14:27:46.051Z HEARTBEAT
2026-08-28T14:32:46.059Z HEARTBEAT
2026-08-28T14:37:46.070Z HEARTBEAT
2026-08-28T14:42:46.075Z HEARTBEAT
2026-08-28T14:47:46.079Z HEARTBEAT
2026-08-28T14:52:46.084Z HEARTBEAT
2026-08-29T00:12:05.894Z === daemon starting ===
2026-08-29T00:12:05.903Z push daemon started (single instance)
2026-08-29T00:17:05.915Z HEARTBEAT
2026-08-29T00:22:05.923Z HEARTBEAT
2026-08-29T00:27:05.932Z HEARTBEAT
2026-08-29T00:32:05.937Z HEARTBEAT
2026-08-29T00:35:40.788Z cycle: 12 pending, 1 due
2026-08-29T00:35:41.514Z OK 帝王蟹 已停止刷新 (201)
2026-08-29T00:37:05.945Z HEARTBEAT
2026-08-29T00:42:05.953Z HEARTBEAT
2026-08-29T00:47:05.959Z HEARTBEAT
2026-08-29T00:52:05.970Z HEARTBEAT
2026-08-29T00:57:05.979Z HEARTBEAT
2026-08-29T01:02:05.980Z HEARTBEAT
2026-08-29T01:07:05.994Z HEARTBEAT
2026-08-29T01:12:06.006Z HEARTBEAT
2026-08-29T01:17:06.015Z HEARTBEAT
2026-08-29T01:22:06.016Z HEARTBEAT
2026-08-29T01:27:06.025Z HEARTBEAT
2026-08-29T01:32:06.026Z HEARTBEAT
2026-08-29T01:37:06.037Z HEARTBEAT
2026-08-29T01:42:06.045Z HEARTBEAT
2026-08-29T01:47:06.058Z HEARTBEAT
2026-08-29T01:52:06.067Z HEARTBEAT
2026-08-29T01:57:06.068Z HEARTBEAT
2026-08-29T02:02:06.079Z HEARTBEAT
2026-08-29T02:07:06.088Z HEARTBEAT
2026-08-29T02:12:06.099Z HEARTBEAT
2026-08-29T02:17:06.105Z HEARTBEAT
2026-08-29T02:22:06.118Z HEARTBEAT
2026-08-29T02:27:06.128Z HEARTBEAT
2026-08-29T02:30:12.608Z cycle: 11 pending, 1 due
2026-08-29T02:30:13.321Z OK 龙鱼王 刷新时间已到 (201)
2026-08-29T02:32:06.137Z HEARTBEAT
2026-08-29T02:37:06.153Z HEARTBEAT
2026-08-29T02:42:06.160Z HEARTBEAT
2026-08-29T02:47:06.173Z HEARTBEAT
2026-08-29T02:52:06.179Z HEARTBEAT
2026-08-29T02:57:06.186Z HEARTBEAT
2026-08-29T03:02:06.194Z HEARTBEAT
2026-08-29T03:07:06.204Z HEARTBEAT
2026-08-29T03:12:06.217Z HEARTBEAT
2026-08-29T03:17:06.227Z HEARTBEAT
2026-08-29T03:22:06.229Z HEARTBEAT
2026-08-29T03:27:06.235Z HEARTBEAT
2026-08-29T03:32:06.244Z HEARTBEAT
2026-08-29T03:37:06.248Z HEARTBEAT
2026-08-29T03:42:06.249Z HEARTBEAT
2026-08-29T03:47:06.253Z HEARTBEAT
2026-08-29T03:52:06.256Z HEARTBEAT
2026-08-29T03:57:06.270Z HEARTBEAT
2026-08-29T04:02:06.273Z HEARTBEAT
2026-08-29T04:02:09.936Z cycle: 12 pending, 1 due
2026-08-29T04:02:10.619Z OK 苍穹幻龙 刷新时间已到 (201)
2026-08-29T04:07:06.287Z HEARTBEAT
2026-08-29T04:12:06.289Z HEARTBEAT
2026-08-29T04:17:06.289Z HEARTBEAT
2026-08-29T04:22:06.302Z HEARTBEAT
2026-08-29T04:27:06.309Z HEARTBEAT
2026-08-29T04:32:06.309Z HEARTBEAT
2026-08-29T04:37:06.315Z HEARTBEAT
2026-08-29T04:42:06.317Z HEARTBEAT
2026-08-29T04:47:06.321Z HEARTBEAT
2026-08-29T04:50:50.946Z fetch retry 1: fetch failed
2026-08-29T04:52:06.329Z HEARTBEAT
2026-08-29T04:57:06.336Z HEARTBEAT
2026-08-29T05:02:06.337Z HEARTBEAT
2026-08-29T05:07:06.339Z HEARTBEAT
2026-08-29T05:12:06.353Z HEARTBEAT
2026-08-29T05:17:06.361Z HEARTBEAT
2026-08-29T05:22:06.375Z HEARTBEAT
2026-08-29T05:27:06.382Z HEARTBEAT
2026-08-29T05:32:06.396Z HEARTBEAT
2026-08-29T05:37:06.399Z HEARTBEAT
2026-08-29T05:42:06.401Z HEARTBEAT
2026-08-29T05:45:41.460Z cycle: 21 pending, 1 due
2026-08-29T05:45:42.625Z OK 水晶宝箱 刷新时间已到 (201)
2026-08-29T05:47:06.409Z HEARTBEAT
2026-08-29T05:49:42.067Z cycle: 20 pending, 1 due
2026-08-29T05:49:42.774Z OK 从容花苞 刷新时间已到 (201)
2026-08-29T05:52:06.411Z HEARTBEAT
2026-08-29T05:57:06.418Z HEARTBEAT
2026-08-29T05:58:15.627Z cycle: 18 pending, 1 due
2026-08-29T05:58:17.142Z OK 从容花苞 分身3 刷新时间已到 (201)
2026-08-29T06:02:06.431Z HEARTBEAT
2026-08-29T06:07:06.443Z HEARTBEAT
2026-08-29T06:12:06.445Z HEARTBEAT
2026-08-29T06:17:06.457Z HEARTBEAT
2026-08-29T06:22:06.459Z HEARTBEAT
2026-08-29T06:27:06.464Z HEARTBEAT
2026-08-29T06:32:06.477Z HEARTBEAT
2026-08-29T06:37:06.481Z HEARTBEAT
2026-08-29T06:38:42.516Z cycle: 17 pending, 1 due
2026-08-29T06:38:43.766Z OK 从容花苞 分身1 刷新时间已到 (201)
2026-08-29T06:42:06.489Z HEARTBEAT
2026-08-29T06:47:06.493Z HEARTBEAT
2026-08-29T06:49:46.472Z cycle: 16 pending, 1 due
2026-08-29T06:49:48.497Z OK 从容花苞 已停止刷新 (201)
2026-08-29T06:50:16.648Z cycle: 15 pending, 1 due
2026-08-29T06:50:17.289Z OK 水猴子 刷新时间已到 (201)
2026-08-29T06:52:06.498Z HEARTBEAT
2026-08-29T06:57:06.508Z HEARTBEAT
2026-08-29T06:58:12.512Z cycle: 14 pending, 1 due
2026-08-29T06:58:14.083Z OK 从容花苞 分身3 已停止刷新 (201)
2026-08-29T07:02:06.509Z HEARTBEAT
2026-08-29T07:07:06.517Z HEARTBEAT
2026-08-29T07:12:06.524Z HEARTBEAT
2026-08-29T07:17:06.524Z HEARTBEAT
2026-08-29T07:22:06.530Z HEARTBEAT
2026-08-29T07:27:06.531Z HEARTBEAT
2026-08-29T07:32:06.543Z HEARTBEAT
2026-08-29T07:37:06.556Z HEARTBEAT
2026-08-29T07:41:53.506Z fetch retry 1: fetch failed
2026-08-29T07:42:06.567Z HEARTBEAT
2026-08-29T07:47:06.579Z HEARTBEAT
2026-08-29T07:52:06.589Z HEARTBEAT
2026-08-29T07:57:06.605Z HEARTBEAT
2026-08-29T08:02:06.610Z HEARTBEAT
2026-08-29T08:07:06.621Z HEARTBEAT
2026-08-29T08:12:06.626Z HEARTBEAT
2026-08-29T08:17:06.635Z HEARTBEAT
2026-08-29T08:22:06.648Z HEARTBEAT
2026-08-29T08:27:06.649Z HEARTBEAT
2026-08-29T08:32:06.663Z HEARTBEAT
2026-08-29T08:37:06.675Z HEARTBEAT
2026-08-29T08:38:54.242Z fetch retry 1: fetch failed
2026-08-29T08:42:06.690Z HEARTBEAT
2026-08-29T08:47:06.693Z HEARTBEAT
2026-08-29T08:52:06.702Z HEARTBEAT
2026-08-29T08:57:06.706Z HEARTBEAT
2026-08-29T09:02:06.719Z HEARTBEAT
2026-08-29T09:07:06.730Z HEARTBEAT
2026-08-29T09:12:06.742Z HEARTBEAT
2026-08-29T09:17:06.751Z HEARTBEAT
2026-08-29T09:22:06.761Z HEARTBEAT
2026-08-29T09:27:06.772Z HEARTBEAT
2026-08-29T09:32:06.782Z HEARTBEAT
2026-08-29T09:37:06.785Z HEARTBEAT
2026-08-29T09:42:06.797Z HEARTBEAT
2026-08-29T09:47:06.802Z HEARTBEAT
2026-08-29T09:52:06.807Z HEARTBEAT
2026-08-29T09:57:06.819Z HEARTBEAT
2026-08-29T10:02:06.829Z HEARTBEAT
2026-08-29T10:07:06.841Z HEARTBEAT
2026-08-29T10:12:06.853Z HEARTBEAT
2026-08-29T10:17:06.855Z HEARTBEAT
2026-08-29T10:22:06.869Z HEARTBEAT
2026-08-29T10:27:06.872Z HEARTBEAT
2026-08-29T10:32:06.882Z HEARTBEAT
2026-08-29T10:37:06.892Z HEARTBEAT
2026-08-29T10:42:06.894Z HEARTBEAT
2026-08-29T10:47:06.894Z HEARTBEAT
2026-08-29T10:50:16.156Z cycle: 12 pending, 1 due
2026-08-29T10:50:16.823Z OK 水猴子 已停止刷新 (201)
2026-08-29T10:52:06.900Z HEARTBEAT
2026-08-29T10:57:06.902Z HEARTBEAT
2026-08-29T11:01:56.436Z fetch retry 1: fetch failed
2026-08-29T11:02:06.910Z HEARTBEAT
2026-08-29T11:02:56.463Z fetch retry 1: fetch failed
2026-08-29T11:07:06.910Z HEARTBEAT
2026-08-29T11:12:06.909Z HEARTBEAT
2026-08-29T11:17:06.911Z HEARTBEAT
2026-08-29T11:22:06.912Z HEARTBEAT
2026-08-29T11:27:06.914Z HEARTBEAT
2026-08-29T11:32:06.914Z HEARTBEAT
2026-08-29T11:37:06.914Z HEARTBEAT
2026-08-29T11:42:06.915Z HEARTBEAT
2026-08-29T11:47:06.915Z HEARTBEAT
2026-08-29T11:52:06.915Z HEARTBEAT
2026-08-29T11:57:06.916Z HEARTBEAT
2026-08-29T12:02:06.919Z HEARTBEAT
2026-08-29T12:07:06.918Z HEARTBEAT
2026-08-29T12:12:06.918Z HEARTBEAT
2026-08-29T12:17:06.919Z HEARTBEAT
2026-08-29T12:22:06.922Z HEARTBEAT
2026-08-29T12:27:06.921Z HEARTBEAT
2026-08-29T12:32:06.921Z HEARTBEAT
2026-08-29T12:37:06.921Z HEARTBEAT
2026-08-29T12:42:06.921Z HEARTBEAT
2026-08-29T12:47:06.922Z HEARTBEAT
2026-08-29T12:52:06.921Z HEARTBEAT
2026-08-29T12:57:06.923Z HEARTBEAT
2026-08-29T13:02:06.922Z HEARTBEAT
2026-08-29T13:07:06.922Z HEARTBEAT
2026-08-29T13:12:06.922Z HEARTBEAT
2026-08-29T13:17:06.922Z HEARTBEAT
2026-08-29T13:22:06.922Z HEARTBEAT
2026-08-29T13:27:06.923Z HEARTBEAT
2026-08-29T13:32:06.922Z HEARTBEAT
2026-08-29T13:33:46.504Z cycle: 17 pending, 1 due
2026-08-29T13:33:47.170Z OK 从容花苞 刷新时间已到 (201)
2026-08-29T13:37:06.925Z HEARTBEAT
2026-08-29T13:42:06.926Z HEARTBEAT
2026-08-29T13:47:06.928Z HEARTBEAT
2026-08-29T13:52:06.927Z HEARTBEAT
2026-08-29T13:57:06.927Z HEARTBEAT
2026-08-29T14:02:06.927Z HEARTBEAT
2026-08-29T14:07:06.927Z HEARTBEAT
2026-08-29T14:12:06.929Z HEARTBEAT
2026-08-29T14:17:06.929Z HEARTBEAT
2026-08-29T14:17:20.062Z cycle: 16 pending, 1 due
2026-08-29T14:17:20.748Z OK 霜冻龙涎草 刷新时间已到 (201)
2026-08-29T14:22:06.929Z HEARTBEAT
2026-08-29T14:27:06.929Z HEARTBEAT
2026-08-29T14:29:50.659Z cycle: 15 pending, 1 due
2026-08-29T14:29:51.385Z OK 龙鱼王 已停止刷新 (201)
2026-08-29T14:32:06.930Z HEARTBEAT
2026-08-29T14:33:46.653Z cycle: 14 pending, 1 due
2026-08-29T14:33:47.330Z OK 从容花苞 已停止刷新 (201)
2026-08-29T14:37:06.930Z HEARTBEAT
2026-08-29T14:42:06.933Z HEARTBEAT
2026-08-29T14:42:16.366Z cycle: 13 pending, 1 due
2026-08-29T14:42:17.107Z OK 龟壳珍宝 刷新时间已到 (201)
2026-08-29T14:45:16.728Z cycle: 12 pending, 1 due
2026-08-29T14:45:17.428Z OK 龟壳珍宝 分身5 刷新时间已到 (201)
2026-08-29T14:47:06.936Z HEARTBEAT
2026-08-29T14:52:06.935Z HEARTBEAT
2026-08-29T14:57:06.936Z HEARTBEAT
2026-08-29T15:02:06.939Z HEARTBEAT
2026-08-29T15:05:26.501Z fetch retry 1: fetch failed
2026-08-29T15:07:06.939Z HEARTBEAT
2026-08-29T15:12:06.940Z HEARTBEAT
2026-08-29T15:17:06.942Z HEARTBEAT
2026-08-29T15:22:06.943Z HEARTBEAT
2026-08-29T15:27:06.943Z HEARTBEAT
2026-08-29T15:32:06.944Z HEARTBEAT
2026-08-29T15:37:06.943Z HEARTBEAT
2026-08-30T00:21:46.834Z === daemon starting ===
2026-08-30T00:21:46.841Z push daemon started (single instance)
2026-08-30T00:26:46.847Z HEARTBEAT
2026-08-30T00:31:46.847Z HEARTBEAT
2026-08-30T00:36:46.856Z HEARTBEAT
2026-08-30T00:41:46.864Z HEARTBEAT
2026-08-30T00:46:46.874Z HEARTBEAT
2026-08-30T00:49:47.585Z cycle: 11 pending, 1 due
2026-08-30T00:49:48.220Z OK 龟壳珍宝 刷新时间已到 (201)
2026-08-30T00:51:46.885Z HEARTBEAT
2026-08-30T00:56:46.887Z HEARTBEAT
2026-08-30T01:01:46.890Z HEARTBEAT
2026-08-30T01:06:46.892Z HEARTBEAT
2026-08-30T01:11:46.900Z HEARTBEAT
2026-08-30T01:16:46.905Z HEARTBEAT
2026-08-30T01:21:46.906Z HEARTBEAT
2026-08-30T01:26:46.905Z HEARTBEAT
2026-08-30T01:26:48.326Z cycle: 10 pending, 1 due
2026-08-30T01:26:48.958Z OK 真龙印 物资已刷新 (201)
2026-08-30T01:31:46.907Z HEARTBEAT
2026-08-30T01:36:46.908Z HEARTBEAT
2026-08-30T01:41:46.910Z HEARTBEAT
2026-08-30T01:46:46.911Z HEARTBEAT
2026-08-30T01:51:46.911Z HEARTBEAT
2026-08-30T01:56:46.910Z HEARTBEAT
2026-08-30T02:01:46.911Z HEARTBEAT
2026-08-30T02:06:46.910Z HEARTBEAT
2026-08-30T02:11:46.996Z HEARTBEAT
2026-08-30T02:16:46.981Z HEARTBEAT
2026-08-30T02:21:46.982Z HEARTBEAT
2026-08-30T02:26:46.982Z HEARTBEAT
2026-08-30T02:31:46.982Z HEARTBEAT
2026-08-30T02:36:46.983Z HEARTBEAT
2026-08-30T02:41:46.984Z HEARTBEAT
2026-08-30T02:46:46.984Z HEARTBEAT
2026-08-30T02:51:46.983Z HEARTBEAT
2026-08-30T02:56:46.995Z HEARTBEAT
2026-08-30T03:01:47.002Z HEARTBEAT
2026-08-30T03:06:47.017Z HEARTBEAT
2026-08-30T03:11:47.020Z HEARTBEAT
2026-08-30T03:16:47.023Z HEARTBEAT
2026-08-30T03:21:47.033Z HEARTBEAT
2026-08-30T03:26:47.034Z HEARTBEAT
2026-08-30T03:31:47.046Z HEARTBEAT
2026-08-30T03:36:47.046Z HEARTBEAT
2026-08-30T03:41:47.059Z HEARTBEAT
2026-08-30T03:46:47.063Z HEARTBEAT
2026-08-30T03:51:47.072Z HEARTBEAT
2026-08-30T03:56:47.078Z HEARTBEAT
2026-08-30T04:01:47.089Z HEARTBEAT
2026-08-30T04:06:47.092Z HEARTBEAT
2026-08-30T04:11:47.100Z HEARTBEAT
2026-08-30T04:16:47.104Z HEARTBEAT
2026-08-30T04:21:47.119Z HEARTBEAT
2026-08-30T04:26:47.132Z HEARTBEAT
2026-08-30T04:31:47.144Z HEARTBEAT
2026-08-30T04:36:47.147Z HEARTBEAT
2026-08-30T04:41:47.154Z HEARTBEAT
2026-08-30T04:46:47.165Z HEARTBEAT
2026-08-30T04:49:50.090Z cycle: 11 pending, 1 due
2026-08-30T04:49:50.806Z OK 龟壳珍宝 已停止刷新 (201)
2026-08-30T04:51:47.180Z HEARTBEAT
2026-08-30T04:56:47.195Z HEARTBEAT
2026-08-30T05:01:47.198Z HEARTBEAT
2026-08-30T05:06:47.210Z HEARTBEAT
2026-08-30T05:11:47.220Z HEARTBEAT
2026-08-30T05:16:47.227Z HEARTBEAT
2026-08-30T05:21:47.234Z HEARTBEAT
2026-08-30T05:26:47.243Z HEARTBEAT
2026-08-30T05:31:47.252Z HEARTBEAT
2026-08-30T05:36:47.253Z HEARTBEAT
2026-08-30T05:41:47.255Z HEARTBEAT
2026-08-30T05:46:47.270Z HEARTBEAT
2026-08-30T05:51:47.274Z HEARTBEAT
2026-08-30T05:56:47.290Z HEARTBEAT
2026-08-30T06:01:47.302Z HEARTBEAT
2026-08-30T06:06:47.305Z HEARTBEAT
2026-08-30T06:11:47.309Z HEARTBEAT
2026-08-30T06:16:47.320Z HEARTBEAT
2026-08-30T06:21:47.330Z HEARTBEAT
2026-08-30T06:26:47.344Z HEARTBEAT
2026-08-30T06:31:47.355Z HEARTBEAT
2026-08-30T06:36:47.364Z HEARTBEAT
2026-08-30T06:41:47.373Z HEARTBEAT
2026-08-30T06:46:47.384Z HEARTBEAT
2026-08-30T06:51:47.389Z HEARTBEAT
2026-08-30T06:56:47.392Z HEARTBEAT
2026-08-30T07:00:02.246Z fetch retry 1: fetch failed
2026-08-30T07:00:32.268Z fetch retry 1: fetch failed
2026-08-30T07:01:02.256Z fetch retry 1: fetch failed
2026-08-30T07:01:12.950Z fetch retry 2: fetch failed
2026-08-30T07:01:21.550Z SKIP: previous cycle still running
2026-08-30T07:01:23.673Z LOOP ERROR: fetch failed
2026-08-30T07:01:47.399Z HEARTBEAT
2026-08-30T07:06:47.407Z HEARTBEAT
2026-08-30T07:11:47.407Z HEARTBEAT
2026-08-30T07:16:47.407Z HEARTBEAT
2026-08-30T07:21:47.421Z HEARTBEAT
2026-08-30T07:26:47.434Z HEARTBEAT
2026-08-30T07:31:47.447Z HEARTBEAT
2026-08-30T07:36:47.453Z HEARTBEAT
2026-08-30T07:44:20.953Z === daemon starting ===
2026-08-30T07:44:20.960Z push daemon started (single instance)
2026-08-30T07:49:20.967Z HEARTBEAT
2026-08-30T07:53:31.733Z fetch retry 1: fetch failed
2026-08-30T07:53:42.388Z fetch retry 2: fetch failed
2026-08-30T07:54:20.974Z HEARTBEAT
2026-08-30T07:54:31.837Z fetch retry 1: fetch failed
2026-08-30T07:54:42.571Z fetch retry 2: fetch failed
2026-08-30T07:54:51.123Z SKIP: previous cycle still running
2026-08-30T07:54:53.285Z LOOP ERROR: fetch failed
2026-08-30T07:59:20.987Z HEARTBEAT
2026-08-30T08:04:20.989Z HEARTBEAT
2026-08-30T08:09:21.004Z HEARTBEAT
2026-08-30T08:14:21.015Z HEARTBEAT
2026-08-30T08:19:21.019Z HEARTBEAT
2026-08-30T08:24:21.025Z HEARTBEAT
2026-08-30T08:29:21.029Z HEARTBEAT
2026-08-30T08:34:21.033Z HEARTBEAT
2026-08-30T08:35:22.162Z cycle: 15 pending, 1 due
2026-08-30T08:35:23.133Z OK 龟壳珍宝 刷新时间已到 (201)
2026-08-30T08:38:32.486Z fetch retry 1: fetch failed
2026-08-30T08:38:43.167Z fetch retry 2: fetch failed
2026-08-30T08:39:21.045Z HEARTBEAT
2026-08-30T08:44:21.059Z HEARTBEAT
2026-08-30T08:44:22.352Z cycle: 14 pending, 1 due
2026-08-30T08:44:23.308Z OK 芙蕾雅宝箱 刷新时间已到 (201)
2026-08-30T08:49:21.060Z HEARTBEAT
2026-08-30T08:54:21.070Z HEARTBEAT
2026-08-30T08:59:21.071Z HEARTBEAT
2026-08-30T09:04:21.077Z HEARTBEAT
2026-08-30T09:09:21.088Z HEARTBEAT
2026-08-30T09:14:21.101Z HEARTBEAT
2026-08-30T09:19:21.107Z HEARTBEAT
2026-08-30T09:24:21.113Z HEARTBEAT
2026-08-30T09:29:21.123Z HEARTBEAT
2026-08-30T09:34:21.138Z HEARTBEAT
2026-08-30T09:39:21.139Z HEARTBEAT
2026-08-30T09:41:33.458Z fetch retry 1: fetch failed
2026-08-30T09:41:44.172Z fetch retry 2: fetch failed
2026-08-30T09:41:52.738Z SKIP: previous cycle still running
2026-08-30T09:41:54.931Z LOOP ERROR: fetch failed
2026-08-30T09:42:33.474Z fetch retry 1: fetch failed
2026-08-30T09:43:03.498Z fetch retry 1: fetch failed
2026-08-30T09:44:21.144Z HEARTBEAT
2026-08-30T09:49:21.159Z HEARTBEAT
2026-08-30T09:54:21.164Z HEARTBEAT
2026-08-30T09:56:33.707Z fetch retry 1: fetch failed
2026-08-30T09:59:21.168Z HEARTBEAT
2026-08-30T09:59:33.727Z fetch retry 1: fetch failed
2026-08-30T10:01:03.728Z fetch retry 1: fetch failed
2026-08-30T10:04:21.177Z HEARTBEAT
2026-08-30T10:08:53.586Z cycle: 15 pending, 1 due
2026-08-30T10:08:54.217Z OK 大贝壳 物资已刷新 (201)
2026-08-30T10:09:21.192Z HEARTBEAT
2026-08-30T10:14:21.204Z HEARTBEAT
2026-08-30T10:19:21.207Z HEARTBEAT
2026-08-30T10:24:21.217Z HEARTBEAT
2026-08-30T10:29:21.228Z HEARTBEAT
2026-08-30T10:34:21.243Z HEARTBEAT
2026-08-30T10:35:34.263Z fetch retry 1: fetch failed
2026-08-30T10:39:21.257Z HEARTBEAT
2026-08-30T10:44:21.263Z HEARTBEAT
2026-08-30T10:49:21.271Z HEARTBEAT
2026-08-30T10:54:21.277Z HEARTBEAT
2026-08-30T10:59:21.278Z HEARTBEAT
2026-08-30T11:04:21.282Z HEARTBEAT
2026-08-30T11:09:21.287Z HEARTBEAT
2026-08-30T11:14:21.301Z HEARTBEAT
2026-08-30T11:19:21.308Z HEARTBEAT
2026-08-30T11:24:21.320Z HEARTBEAT
2026-08-30T11:29:21.330Z HEARTBEAT
2026-08-30T11:33:35.188Z fetch retry 1: fetch failed
2026-08-30T11:34:05.214Z fetch retry 1: fetch failed
2026-08-30T11:34:15.877Z fetch retry 2: fetch failed
2026-08-30T11:34:21.341Z HEARTBEAT
2026-08-30T11:34:24.505Z SKIP: previous cycle still running
2026-08-30T11:34:26.598Z LOOP ERROR: fetch failed
2026-08-30T11:39:21.355Z HEARTBEAT
2026-08-30T11:44:21.365Z HEARTBEAT
2026-08-30T11:49:21.371Z HEARTBEAT
2026-08-30T11:54:21.376Z HEARTBEAT
2026-08-30T11:59:21.381Z HEARTBEAT
2026-08-30T12:04:21.385Z HEARTBEAT
2026-08-30T12:09:21.399Z HEARTBEAT
2026-08-30T12:14:21.399Z HEARTBEAT
2026-08-30T12:19:21.411Z HEARTBEAT
2026-08-30T12:24:21.416Z HEARTBEAT
2026-08-30T12:29:21.416Z HEARTBEAT
2026-08-30T12:34:21.426Z HEARTBEAT
2026-08-30T12:35:26.012Z cycle: 14 pending, 1 due
2026-08-30T12:35:26.962Z OK 龟壳珍宝 已停止刷新 (201)
2026-08-30T12:39:21.439Z HEARTBEAT
2026-08-30T12:44:21.441Z HEARTBEAT
2026-08-30T12:44:26.018Z cycle: 13 pending, 1 due
2026-08-30T12:44:27.008Z OK 芙蕾雅宝箱 已停止刷新 (201)
2026-08-30T12:49:21.449Z HEARTBEAT
2026-08-30T12:54:21.453Z HEARTBEAT
2026-08-30T12:59:21.469Z HEARTBEAT
2026-08-30T13:04:21.479Z HEARTBEAT
2026-08-30T13:09:21.491Z HEARTBEAT
2026-08-30T13:14:21.505Z HEARTBEAT
2026-08-30T13:19:21.513Z HEARTBEAT
2026-08-30T13:24:21.522Z HEARTBEAT
2026-08-30T13:29:21.533Z HEARTBEAT
2026-08-30T13:34:21.536Z HEARTBEAT
2026-08-30T13:39:21.541Z HEARTBEAT
2026-08-30T13:44:21.551Z HEARTBEAT
2026-08-30T13:49:21.558Z HEARTBEAT
2026-08-30T13:54:21.565Z HEARTBEAT
2026-08-30T13:59:21.580Z HEARTBEAT
2026-08-30T14:04:21.587Z HEARTBEAT
2026-08-30T14:09:21.589Z HEARTBEAT
2026-08-30T14:14:21.589Z HEARTBEAT
2026-08-30T14:19:21.598Z HEARTBEAT
2026-08-30T14:24:21.603Z HEARTBEAT
2026-08-30T14:29:21.612Z HEARTBEAT
2026-08-30T14:34:21.612Z HEARTBEAT
2026-08-30T14:39:21.617Z HEARTBEAT
2026-08-30T14:44:21.629Z HEARTBEAT
2026-08-30T14:49:21.632Z HEARTBEAT
2026-08-30T14:54:21.639Z HEARTBEAT
2026-08-30T14:59:21.641Z HEARTBEAT
2026-08-31T01:32:24.202Z === daemon starting ===
2026-08-31T01:32:24.212Z push daemon started (single instance)
2026-08-31T01:37:24.214Z HEARTBEAT
2026-08-31T01:42:24.224Z HEARTBEAT
2026-08-31T01:47:24.230Z HEARTBEAT
2026-08-31T01:52:24.239Z HEARTBEAT
2026-08-31T01:57:24.242Z HEARTBEAT
2026-08-31T02:02:24.257Z HEARTBEAT
2026-08-31T02:07:24.271Z HEARTBEAT
2026-08-31T02:12:24.278Z HEARTBEAT
2026-08-31T02:17:24.293Z HEARTBEAT
2026-08-31T02:22:24.307Z HEARTBEAT
2026-08-31T02:27:24.313Z HEARTBEAT
2026-08-31T02:32:24.316Z HEARTBEAT
2026-08-31T02:37:24.325Z HEARTBEAT
2026-08-31T02:42:24.334Z HEARTBEAT
2026-08-31T02:47:24.338Z HEARTBEAT
2026-08-31T02:52:24.342Z HEARTBEAT
2026-08-31T02:57:24.347Z HEARTBEAT
2026-08-31T03:02:24.352Z HEARTBEAT
2026-08-31T03:07:24.367Z HEARTBEAT
2026-08-31T03:12:24.372Z HEARTBEAT
2026-08-31T03:17:24.382Z HEARTBEAT
2026-08-31T03:17:26.237Z cycle: 18 pending, 1 due
2026-08-31T03:17:26.922Z OK 聚变矿源虫 刷新时间已到 (201)
2026-08-31T03:22:24.382Z HEARTBEAT
2026-08-31T03:25:56.411Z cycle: 17 pending, 1 due
2026-08-31T03:25:57.213Z OK 弥莲 刷新时间已到 (201)
2026-08-31T03:27:24.387Z HEARTBEAT
2026-08-31T03:32:24.391Z HEARTBEAT
2026-08-31T03:37:24.401Z HEARTBEAT
2026-08-31T03:42:24.413Z HEARTBEAT
2026-08-31T03:47:24.413Z HEARTBEAT
2026-08-31T03:52:24.425Z HEARTBEAT
2026-08-31T03:57:24.435Z HEARTBEAT
2026-08-31T04:02:24.445Z HEARTBEAT
2026-08-31T04:06:57.000Z cycle: 16 pending, 1 due
2026-08-31T04:06:58.252Z OK 龟壳珍宝 分身2 刷新时间已到 (201)
2026-08-31T04:07:24.445Z HEARTBEAT
2026-08-31T04:12:24.446Z HEARTBEAT
2026-08-31T04:17:24.452Z HEARTBEAT
2026-08-31T04:17:27.249Z cycle: 15 pending, 1 due
2026-08-31T04:17:28.915Z OK 聚变矿源虫 已停止刷新 (201)
2026-08-31T04:22:24.463Z HEARTBEAT
2026-08-31T04:27:24.464Z HEARTBEAT
2026-08-31T04:32:24.478Z HEARTBEAT
2026-08-31T04:37:24.485Z HEARTBEAT
2026-08-31T04:42:24.484Z HEARTBEAT
2026-08-31T04:47:24.489Z HEARTBEAT
2026-08-31T04:52:24.500Z HEARTBEAT
2026-08-31T04:57:24.509Z HEARTBEAT
2026-08-31T05:02:24.511Z HEARTBEAT
2026-08-31T05:07:24.521Z HEARTBEAT
2026-08-31T05:12:24.530Z HEARTBEAT
2026-08-31T05:17:24.537Z HEARTBEAT
2026-08-31T05:22:24.545Z HEARTBEAT
2026-08-31T05:27:24.547Z HEARTBEAT
2026-08-31T05:32:24.552Z HEARTBEAT
2026-08-31T05:37:24.566Z HEARTBEAT
2026-08-31T05:42:24.571Z HEARTBEAT
2026-08-31T05:47:24.572Z HEARTBEAT
2026-08-31T05:52:24.578Z HEARTBEAT
2026-08-31T05:57:24.580Z HEARTBEAT
2026-08-31T06:02:24.587Z HEARTBEAT
2026-08-31T06:07:24.589Z HEARTBEAT
2026-08-31T06:12:24.590Z HEARTBEAT
2026-08-31T06:17:24.593Z HEARTBEAT
2026-08-31T06:22:24.608Z HEARTBEAT
2026-08-31T06:27:24.621Z HEARTBEAT
2026-08-31T06:32:24.633Z HEARTBEAT
2026-08-31T06:37:24.646Z HEARTBEAT
2026-08-31T06:42:24.657Z HEARTBEAT
2026-08-31T06:47:24.659Z HEARTBEAT
2026-08-31T06:52:24.673Z HEARTBEAT
2026-08-31T06:57:24.676Z HEARTBEAT
2026-08-31T07:02:24.692Z HEARTBEAT
2026-08-31T07:07:24.702Z HEARTBEAT
2026-08-31T07:12:24.712Z HEARTBEAT
2026-08-31T07:17:24.712Z HEARTBEAT
2026-08-31T07:18:40.307Z fetch retry 1: fetch failed
2026-08-31T07:18:51.030Z fetch retry 2: fetch failed
2026-08-31T07:22:24.716Z HEARTBEAT
2026-08-31T07:25:10.394Z fetch retry 1: fetch failed
2026-08-31T07:27:24.729Z HEARTBEAT
2026-08-31T07:32:24.733Z HEARTBEAT
2026-08-31T07:37:24.742Z HEARTBEAT
2026-08-31T07:42:24.756Z HEARTBEAT
2026-08-31T07:47:24.768Z HEARTBEAT
2026-08-31T07:52:24.771Z HEARTBEAT
2026-08-31T07:57:24.771Z HEARTBEAT
2026-08-31T08:02:24.776Z HEARTBEAT
2026-08-31T08:07:00.906Z cycle: 24 pending, 1 due
2026-08-31T08:07:02.161Z OK 龟壳珍宝 分身2 已停止刷新 (201)
2026-08-31T08:07:24.777Z HEARTBEAT
2026-08-31T08:12:24.781Z HEARTBEAT
2026-08-31T08:17:24.785Z HEARTBEAT
2026-08-31T08:22:24.787Z HEARTBEAT
2026-08-31T08:27:24.798Z HEARTBEAT
2026-08-31T08:32:24.810Z HEARTBEAT
2026-08-31T08:37:24.820Z HEARTBEAT
2026-08-31T08:42:24.823Z HEARTBEAT
2026-08-31T08:47:24.837Z HEARTBEAT
2026-08-31T08:52:24.845Z HEARTBEAT
2026-08-31T08:57:24.855Z HEARTBEAT
2026-08-31T09:02:24.868Z HEARTBEAT
2026-08-31T09:04:11.838Z fetch retry 1: fetch failed
2026-08-31T09:07:24.874Z HEARTBEAT
2026-08-31T09:08:31.640Z cycle: 25 pending, 1 due
2026-08-31T09:08:32.472Z OK 芙蕾雅宝箱 刷新时间已到 (201)
2026-08-31T09:12:24.881Z HEARTBEAT
2026-08-31T09:17:24.883Z HEARTBEAT
2026-08-31T09:18:35.721Z cycle: 24 pending, 1 due
2026-08-31T09:18:36.362Z OK 芙蕾雅宝箱 分身9 刷新时间已到 (201)
2026-08-31T09:22:24.891Z HEARTBEAT
2026-08-31T09:26:02.025Z cycle: 17 pending, 1 due
2026-08-31T09:26:03.151Z OK 弥莲 已停止刷新 (201)
2026-08-31T09:27:24.894Z HEARTBEAT
2026-08-31T09:30:42.182Z fetch retry 1: fetch failed
2026-08-31T09:30:42.555Z cycle: 16 pending, 1 due
2026-08-31T09:30:43.506Z OK 星梦之匣 物资已刷新 (201)
2026-08-31T09:31:42.175Z fetch retry 1: fetch failed
2026-08-31T09:32:24.903Z HEARTBEAT
2026-08-31T09:37:24.912Z HEARTBEAT
2026-08-31T09:42:24.919Z HEARTBEAT
2026-08-31T09:47:24.927Z HEARTBEAT
2026-08-31T09:52:24.930Z HEARTBEAT
2026-08-31T09:57:24.944Z HEARTBEAT
2026-08-31T10:02:24.953Z HEARTBEAT
2026-08-31T10:07:24.964Z HEARTBEAT
2026-08-31T10:12:24.978Z HEARTBEAT
2026-08-31T10:17:24.992Z HEARTBEAT
2026-08-31T10:22:25.007Z HEARTBEAT
2026-08-31T10:27:25.010Z HEARTBEAT
2026-08-31T10:32:25.011Z HEARTBEAT
2026-08-31T10:33:02.933Z cycle: 25 pending, 1 due
2026-08-31T10:33:03.558Z OK 星梦之匣 物资已刷新 (201)
2026-08-31T10:36:32.750Z cycle: 29 pending, 1 due
2026-08-31T10:36:33.484Z OK 星梦之匣 物资已刷新 (201)
2026-08-31T10:37:25.022Z HEARTBEAT
2026-08-31T10:40:06.796Z cycle: 29 pending, 1 due
2026-08-31T10:40:07.436Z OK 星梦之匣 物资已刷新 (201)
2026-08-31T10:42:25.026Z HEARTBEAT
2026-08-31T10:44:02.877Z cycle: 30 pending, 1 due
2026-08-31T10:44:03.488Z OK 芙蕾雅宝箱 分身1 刷新时间已到 (201)
2026-08-31T10:47:25.037Z HEARTBEAT
2026-08-31T10:52:25.050Z HEARTBEAT
2026-08-31T10:57:25.051Z HEARTBEAT
2026-08-31T11:01:13.458Z fetch retry 1: fetch failed
2026-08-31T11:02:25.054Z HEARTBEAT
2026-08-31T11:07:25.067Z HEARTBEAT
2026-08-31T11:12:25.077Z HEARTBEAT
2026-08-31T11:13:07.571Z cycle: 31 pending, 1 due
2026-08-31T11:13:08.356Z OK 勇猛勋章 分身8 刷新时间已到 (201)
2026-08-31T11:17:25.089Z HEARTBEAT
2026-08-31T11:22:25.100Z HEARTBEAT
2026-08-31T11:27:25.110Z HEARTBEAT
2026-08-31T11:32:25.116Z HEARTBEAT
2026-08-31T11:37:25.128Z HEARTBEAT
2026-08-31T11:41:03.986Z cycle: 32 pending, 1 due
2026-08-31T11:41:04.649Z OK 芙蕾雅宝箱 物资已刷新 (201)
2026-08-31T11:42:25.133Z HEARTBEAT
2026-08-31T11:47:25.138Z HEARTBEAT
2026-08-31T11:52:25.147Z HEARTBEAT
2026-08-31T11:57:25.157Z HEARTBEAT
2026-08-31T12:02:25.163Z HEARTBEAT
2026-08-31T12:03:14.372Z fetch retry 1: fetch failed
2026-08-31T12:07:25.172Z HEARTBEAT
2026-08-31T12:12:25.182Z HEARTBEAT
2026-08-31T12:17:25.189Z HEARTBEAT
2026-08-31T12:22:25.198Z HEARTBEAT
2026-08-31T12:27:08.746Z cycle: 31 pending, 1 due
2026-08-31T12:27:09.430Z OK 芙蕾雅宝箱 分身3 刷新时间已到 (201)
2026-08-31T12:27:25.202Z HEARTBEAT
2026-08-31T12:32:25.205Z HEARTBEAT
2026-08-31T12:36:34.581Z cycle: 24 pending, 1 due
2026-08-31T12:36:35.246Z OK 芙蕾雅宝箱 分身1 刷新时间已到 (201)
2026-08-31T12:37:25.216Z HEARTBEAT
2026-08-31T12:42:25.231Z HEARTBEAT
2026-08-31T12:47:25.234Z HEARTBEAT
2026-08-31T12:52:25.244Z HEARTBEAT
2026-08-31T12:54:35.060Z cycle: 23 pending, 1 due
2026-08-31T12:54:36.013Z OK 芙蕾雅宝箱 分身5 刷新时间已到 (201)
2026-08-31T12:57:25.253Z HEARTBEAT
2026-08-31T12:59:05.129Z cycle: 22 pending, 1 due
2026-08-31T12:59:06.343Z OK 真龙宝藏 刷新时间已到 (201)
2026-08-31T13:00:34.959Z cycle: 21 pending, 1 due
2026-08-31T13:00:35.579Z OK 芙蕾雅宝箱 分身7 刷新时间已到 (201)
2026-08-31T13:02:25.257Z HEARTBEAT
2026-08-31T13:07:25.263Z HEARTBEAT
2026-08-31T13:12:25.272Z HEARTBEAT
2026-08-31T13:17:25.273Z HEARTBEAT
2026-08-31T13:22:25.282Z HEARTBEAT
2026-08-31T13:27:25.287Z HEARTBEAT
2026-08-31T13:32:25.302Z HEARTBEAT
2026-08-31T13:34:15.695Z fetch retry 1: fetch failed
2026-08-31T13:34:35.527Z cycle: 20 pending, 1 due
2026-08-31T13:34:36.189Z OK 龟壳珍宝 刷新时间已到 (201)
2026-08-31T13:37:25.315Z HEARTBEAT
2026-08-31T13:42:25.316Z HEARTBEAT
2026-08-31T13:47:25.319Z HEARTBEAT
2026-08-31T13:52:25.319Z HEARTBEAT
2026-08-31T13:57:25.320Z HEARTBEAT
2026-08-31T14:02:25.325Z HEARTBEAT
2026-08-31T14:07:25.325Z HEARTBEAT
2026-08-31T14:09:40.001Z cycle: 19 pending, 1 due
2026-08-31T14:09:40.660Z OK 勇猛勋章 分身8 刷新时间已到 (201)
2026-08-31T14:12:25.326Z HEARTBEAT
2026-08-31T14:17:25.328Z HEARTBEAT
2026-08-31T14:22:25.330Z HEARTBEAT
2026-08-31T14:27:25.334Z HEARTBEAT
2026-08-31T14:30:36.365Z cycle: 18 pending, 1 due
2026-08-31T14:30:37.027Z OK 勇猛勋章 分身2 刷新时间已到 (201)
2026-08-31T14:32:25.336Z HEARTBEAT
2026-08-31T14:34:36.514Z cycle: 17 pending, 1 due
2026-08-31T14:34:38.101Z OK 勇猛勋章 分身1 刷新时间已到 (201)
2026-08-31T14:37:25.340Z HEARTBEAT
2026-08-31T14:42:06.472Z cycle: 16 pending, 1 due
2026-08-31T14:42:07.164Z OK 勇猛勋章 分身9 刷新时间已到 (201)
2026-08-31T14:42:25.350Z HEARTBEAT
2026-08-31T14:44:06.495Z cycle: 15 pending, 1 due
2026-08-31T14:44:07.167Z OK 芙蕾雅宝箱 分身1 已停止刷新 (201)
2026-08-31T14:47:25.350Z HEARTBEAT
2026-08-31T14:52:25.359Z HEARTBEAT
2026-08-31T14:57:25.363Z HEARTBEAT
2026-08-31T15:02:25.367Z HEARTBEAT
2026-09-01T02:21:47.995Z === daemon starting ===
2026-09-01T02:21:48.008Z push daemon started (single instance)
2026-09-01T02:26:48.004Z HEARTBEAT
2026-09-01T02:31:48.008Z HEARTBEAT
2026-09-01T02:36:48.012Z HEARTBEAT
2026-09-01T02:41:48.013Z HEARTBEAT
2026-09-01T02:46:48.026Z HEARTBEAT
2026-09-01T02:51:48.029Z HEARTBEAT
2026-09-01T02:56:48.037Z HEARTBEAT
2026-09-01T03:01:48.043Z HEARTBEAT
2026-09-01T03:06:48.049Z HEARTBEAT
2026-09-01T03:11:48.059Z HEARTBEAT
2026-09-01T03:16:48.066Z HEARTBEAT
2026-09-01T03:21:48.080Z HEARTBEAT
2026-09-01T03:26:48.090Z HEARTBEAT
2026-09-01T03:31:48.104Z HEARTBEAT
2026-09-01T03:36:48.105Z HEARTBEAT
2026-09-01T03:41:48.108Z HEARTBEAT
2026-09-01T03:46:48.122Z HEARTBEAT
2026-09-01T03:51:48.130Z HEARTBEAT
2026-09-01T03:56:48.138Z HEARTBEAT
2026-09-01T04:01:48.141Z HEARTBEAT
2026-09-01T04:06:48.152Z HEARTBEAT
2026-09-01T04:11:48.165Z HEARTBEAT
2026-09-01T04:16:48.166Z HEARTBEAT
2026-09-01T04:20:20.279Z cycle: 19 pending, 1 due
2026-09-01T04:20:21.159Z OK 真龙宝藏 分身2 刷新时间已到 (201)
2026-09-01T04:21:48.174Z HEARTBEAT
2026-09-01T04:26:48.176Z HEARTBEAT
2026-09-01T04:31:48.185Z HEARTBEAT
2026-09-01T04:36:48.197Z HEARTBEAT
2026-09-01T04:41:48.206Z HEARTBEAT
2026-09-01T04:46:48.210Z HEARTBEAT
2026-09-01T04:51:48.217Z HEARTBEAT
2026-09-01T04:56:48.231Z HEARTBEAT
2026-09-01T05:01:48.236Z HEARTBEAT
2026-09-01T05:06:48.249Z HEARTBEAT
2026-09-01T05:11:48.258Z HEARTBEAT
2026-09-01T05:16:48.267Z HEARTBEAT
2026-09-01T05:21:25.116Z cycle: 21 pending, 1 due
2026-09-01T05:21:25.800Z OK 瓦雷亚宝箱 刷新时间已到 (201)
2026-09-01T05:21:48.276Z HEARTBEAT
2026-09-01T05:26:48.290Z HEARTBEAT
2026-09-01T05:31:48.304Z HEARTBEAT
2026-09-01T05:33:55.432Z cycle: 20 pending, 1 due
2026-09-01T05:33:56.324Z OK 真龙宝藏 已停止刷新 (201)
2026-09-01T05:34:25.387Z cycle: 19 pending, 1 due
2026-09-01T05:34:25.994Z OK 真龙宝藏 分身1 已停止刷新 (201)
2026-09-01T05:36:48.303Z HEARTBEAT
2026-09-01T05:41:48.316Z HEARTBEAT
2026-09-01T05:46:48.319Z HEARTBEAT
2026-09-01T05:51:48.333Z HEARTBEAT
2026-09-01T05:56:48.344Z HEARTBEAT
2026-09-01T06:01:48.349Z HEARTBEAT
2026-09-01T06:06:48.349Z HEARTBEAT
2026-09-01T06:11:48.349Z HEARTBEAT
2026-09-01T06:16:48.361Z HEARTBEAT
2026-09-01T06:21:48.367Z HEARTBEAT
2026-09-01T06:26:48.376Z HEARTBEAT
2026-09-01T06:31:48.379Z HEARTBEAT
2026-09-01T06:36:48.391Z HEARTBEAT
2026-09-01T06:41:48.393Z HEARTBEAT
2026-09-01T06:46:48.396Z HEARTBEAT
2026-09-01T06:51:48.401Z HEARTBEAT
2026-09-01T06:55:22.474Z cycle: 27 pending, 1 due
2026-09-01T06:55:23.275Z OK 水猴子 物资已刷新 (201)
2026-09-01T06:56:48.410Z HEARTBEAT
2026-09-01T06:56:52.479Z cycle: 26 pending, 1 due
2026-09-01T06:56:53.276Z OK 龟壳珍宝 刷新时间已到 (201)
2026-09-01T07:01:48.425Z HEARTBEAT
2026-09-01T07:06:48.427Z HEARTBEAT
2026-09-01T07:11:48.429Z HEARTBEAT
2026-09-01T07:13:56.994Z cycle: 26 pending, 1 due
2026-09-01T07:13:58.571Z OK 希乌奈斯花 物资已刷新 (201)
2026-09-01T07:16:48.432Z HEARTBEAT
2026-09-01T07:21:22.729Z cycle: 29 pending, 1 due
2026-09-01T07:21:23.887Z OK 瓦雷亚宝箱 已停止刷新 (201)
2026-09-01T07:21:48.447Z HEARTBEAT
2026-09-01T07:26:48.457Z HEARTBEAT
2026-09-01T07:29:33.202Z fetch retry 1: fetch failed
2026-09-01T07:29:43.879Z fetch retry 2: fetch failed
2026-09-01T07:31:48.470Z HEARTBEAT
2026-09-01T07:36:48.477Z HEARTBEAT
2026-09-01T07:41:48.480Z HEARTBEAT
2026-09-01T07:46:48.485Z HEARTBEAT
2026-09-01T07:51:48.485Z HEARTBEAT
2026-09-01T07:56:48.491Z HEARTBEAT
2026-09-01T08:01:48.495Z HEARTBEAT
2026-09-01T08:06:48.499Z HEARTBEAT
2026-09-01T08:11:48.500Z HEARTBEAT
2026-09-01T08:16:48.511Z HEARTBEAT
2026-09-01T08:19:53.765Z cycle: 41 pending, 1 due
2026-09-01T08:19:54.393Z OK 真龙宝藏 分身2 已停止刷新 (201)
2026-09-01T08:21:48.512Z HEARTBEAT
2026-09-01T08:24:53.868Z cycle: 40 pending, 1 due
2026-09-01T08:24:55.367Z OK 小海豚 刷新时间已到 (201)
2026-09-01T08:26:48.517Z HEARTBEAT
2026-09-01T08:31:48.528Z HEARTBEAT
2026-09-01T08:36:48.541Z HEARTBEAT
2026-09-01T08:41:48.541Z HEARTBEAT
2026-09-01T08:46:48.550Z HEARTBEAT
2026-09-01T08:51:48.559Z HEARTBEAT
2026-09-01T08:56:48.562Z HEARTBEAT
2026-09-01T09:01:48.564Z HEARTBEAT
2026-09-01T09:03:54.453Z cycle: 39 pending, 1 due
2026-09-01T09:03:55.106Z OK 邓氏鱼 分身3 刷新时间已到 (201)
2026-09-01T09:04:54.431Z cycle: 38 pending, 1 due
2026-09-01T09:04:55.058Z OK 邓氏鱼 刷新时间已到 (201)
2026-09-01T09:06:48.570Z HEARTBEAT
2026-09-01T09:11:48.584Z HEARTBEAT
2026-09-01T09:16:48.590Z HEARTBEAT
2026-09-01T09:21:48.593Z HEARTBEAT
2026-09-01T09:25:24.650Z cycle: 36 pending, 1 due
2026-09-01T09:25:25.621Z OK 天空岛精英怪 刷新时间已到 (201)
2026-09-01T09:26:48.603Z HEARTBEAT
2026-09-01T09:31:48.609Z HEARTBEAT
2026-09-01T09:36:48.610Z HEARTBEAT
2026-09-01T09:37:05.237Z fetch retry 1: fetch failed
2026-09-01T09:37:15.934Z fetch retry 2: fetch failed
2026-09-01T09:37:24.539Z SKIP: previous cycle still running
2026-09-01T09:37:26.649Z LOOP ERROR: fetch failed
2026-09-01T09:37:54.548Z fetch retry 1: fetch failed
2026-09-01T09:37:54.550Z fetch retry 2: fetch failed
2026-09-01T09:37:54.551Z LOOP ERROR: fetch failed
2026-09-01T09:41:48.625Z HEARTBEAT
2026-09-01T09:46:48.633Z HEARTBEAT
2026-09-01T09:51:48.636Z HEARTBEAT
2026-09-01T09:54:55.261Z cycle: 38 pending, 1 due
2026-09-01T09:54:56.199Z OK 小型法师 分身4 刷新时间已到 (201)
2026-09-01T09:56:48.644Z HEARTBEAT
2026-09-01T10:01:48.649Z HEARTBEAT
2026-09-01T10:03:25.499Z cycle: 36 pending, 1 due
2026-09-01T10:03:26.328Z OK 小型法师 分身7 刷新时间已到 (201)
2026-09-01T10:06:48.660Z HEARTBEAT
2026-09-01T10:11:48.668Z HEARTBEAT
2026-09-01T10:16:48.674Z HEARTBEAT
2026-09-01T10:21:48.681Z HEARTBEAT
2026-09-01T10:24:55.697Z cycle: 36 pending, 1 due
2026-09-01T10:24:56.389Z OK 小海豚 已停止刷新 (201)
2026-09-01T10:26:48.690Z HEARTBEAT
2026-09-01T10:31:48.705Z HEARTBEAT
2026-09-01T10:36:48.715Z HEARTBEAT
2026-09-01T10:41:48.721Z HEARTBEAT
2026-09-01T10:46:48.731Z HEARTBEAT
2026-09-01T10:51:48.744Z HEARTBEAT
2026-09-01T10:54:56.118Z cycle: 36 pending, 2 due
2026-09-01T10:54:56.946Z OK 小型法师 分身4 已停止刷新 (201)
2026-09-01T10:54:57.420Z OK 水猴子 刷新时间已到 (201)
2026-09-01T10:56:48.745Z HEARTBEAT
2026-09-01T10:57:00.119Z cycle: 33 pending, 1 due
2026-09-01T10:57:00.803Z OK 龟壳珍宝 已停止刷新 (201)
2026-09-01T10:58:56.187Z cycle: 32 pending, 1 due
2026-09-01T10:58:56.880Z OK 1 物资已刷新 (201)
2026-09-01T11:01:48.753Z HEARTBEAT
2026-09-01T11:06:48.758Z HEARTBEAT
2026-09-01T11:11:48.760Z HEARTBEAT
2026-09-01T11:16:48.767Z HEARTBEAT
2026-09-01T11:21:48.769Z HEARTBEAT
2026-09-01T11:26:48.782Z HEARTBEAT
2026-09-01T11:31:48.787Z HEARTBEAT
2026-09-01T11:35:26.679Z cycle: 32 pending, 1 due
2026-09-01T11:35:27.900Z OK 龟壳珍宝 刷新时间已到 (201)
2026-09-01T11:36:48.795Z HEARTBEAT
2026-09-01T11:41:48.799Z HEARTBEAT
2026-09-01T11:46:48.813Z HEARTBEAT
2026-09-01T11:51:48.825Z HEARTBEAT
2026-09-01T11:56:48.838Z HEARTBEAT
2026-09-01T11:57:01.109Z cycle: 32 pending, 1 due
2026-09-01T11:57:01.793Z OK 1 物资已刷新 (201)
2026-09-01T11:58:57.096Z cycle: 31 pending, 1 due
2026-09-01T11:58:57.756Z OK 龟壳珍宝 刷新时间已到 (201)
2026-09-01T12:01:48.843Z HEARTBEAT
2026-09-01T12:06:48.854Z HEARTBEAT
2026-09-01T12:11:48.860Z HEARTBEAT
2026-09-01T12:16:48.872Z HEARTBEAT
2026-09-01T12:21:48.879Z HEARTBEAT
2026-09-01T12:26:48.893Z HEARTBEAT
2026-09-01T12:31:48.899Z HEARTBEAT
2026-09-01T12:36:48.900Z HEARTBEAT
2026-09-01T12:36:57.710Z cycle: 28 pending, 1 due
2026-09-01T12:36:58.366Z OK 深海珊瑚 物资已刷新 (201)
2026-09-01T12:41:48.899Z HEARTBEAT
2026-09-01T12:46:48.912Z HEARTBEAT
2026-09-01T12:51:48.926Z HEARTBEAT
2026-09-01T12:56:48.939Z HEARTBEAT
2026-09-01T13:00:58.060Z cycle: 29 pending, 1 due
2026-09-01T13:00:58.702Z OK 柱子法师 刷新时间已到 (201)
2026-09-01T13:01:48.943Z HEARTBEAT
2026-09-01T13:06:28.153Z cycle: 28 pending, 1 due
2026-09-01T13:06:30.267Z OK 柱子法师 分身3 刷新时间已到 (201)
2026-09-01T13:06:48.952Z HEARTBEAT
2026-09-01T13:11:48.965Z HEARTBEAT
2026-09-01T13:14:58.269Z cycle: 34 pending, 1 due
2026-09-01T13:14:59.686Z OK 龟壳珍宝 刷新时间已到 (201)
2026-09-01T13:16:48.964Z HEARTBEAT
2026-09-01T13:17:02.334Z cycle: 33 pending, 1 due
2026-09-01T13:17:03.163Z OK 柱子法师 分身6 刷新时间已到 (201)
2026-09-01T13:17:28.391Z cycle: 32 pending, 1 due
2026-09-01T13:17:29.154Z OK 柱子法师 分身7 刷新时间已到 (201)
2026-09-01T13:17:58.345Z cycle: 31 pending, 2 due
2026-09-01T13:17:58.943Z OK 水猴子 分身1 刷新时间已到 (201)
2026-09-01T13:18:00.024Z OK 水猴子 分身2 刷新时间已到 (201)
2026-09-01T13:18:28.322Z cycle: 29 pending, 1 due
2026-09-01T13:18:28.960Z OK 水猴子 分身3 刷新时间已到 (201)
2026-09-01T13:18:58.246Z cycle: 28 pending, 1 due
2026-09-01T13:18:59.043Z OK 龟壳珍宝 已停止刷新 (201)
2026-09-01T13:21:48.973Z HEARTBEAT
2026-09-01T13:21:58.386Z cycle: 27 pending, 2 due
2026-09-01T13:21:59.603Z OK 水猴子 分身1 已停止刷新 (201)
2026-09-01T13:21:59.988Z OK 水猴子 分身2 已停止刷新 (201)
2026-09-01T13:23:28.429Z cycle: 25 pending, 1 due
2026-09-01T13:23:29.068Z OK 海底大触手精英怪 已停止刷新 (201)
2026-09-01T13:26:48.978Z HEARTBEAT
2026-09-01T13:31:02.559Z cycle: 30 pending, 1 due
2026-09-01T13:31:03.918Z OK 柱子法师 已停止刷新 (201)
2026-09-01T13:31:48.985Z HEARTBEAT
2026-09-01T13:36:28.783Z cycle: 31 pending, 1 due
2026-09-01T13:36:29.457Z OK 柱子法师 分身3 已停止刷新 (201)
2026-09-01T13:36:48.995Z HEARTBEAT
2026-09-01T13:41:49.003Z HEARTBEAT
2026-09-01T13:46:49.014Z HEARTBEAT
2026-09-01T13:46:58.964Z cycle: 30 pending, 1 due
2026-09-01T13:46:59.896Z OK 柱子法师 分身6 已停止刷新 (201)
2026-09-01T13:49:02.926Z cycle: 31 pending, 1 due
2026-09-01T13:49:04.408Z OK 水猴子 物资已刷新 (201)
2026-09-01T13:51:28.990Z cycle: 30 pending, 1 due
2026-09-01T13:51:29.833Z OK 水猴子 物资已刷新 (201)
2026-09-01T13:51:49.026Z HEARTBEAT
2026-09-01T13:56:49.034Z HEARTBEAT
2026-09-01T14:01:49.041Z HEARTBEAT
2026-09-01T14:06:49.042Z HEARTBEAT
2026-09-01T14:11:49.047Z HEARTBEAT
2026-09-01T14:16:49.059Z HEARTBEAT
2026-09-01T14:21:49.070Z HEARTBEAT
2026-09-01T14:24:59.678Z cycle: 33 pending, 3 due
2026-09-01T14:25:00.506Z OK 从容花苞 分身2 刷新时间已到 (201)
2026-09-01T14:25:01.174Z OK 从容花苞 分身3 刷新时间已到 (201)
2026-09-01T14:25:01.621Z OK 从容花苞 分身4 刷新时间已到 (201)
2026-09-01T14:26:49.082Z HEARTBEAT
2026-09-01T14:31:49.089Z HEARTBEAT
2026-09-01T14:31:59.455Z cycle: 30 pending, 1 due
2026-09-01T14:32:00.408Z OK 从容花苞 刷新时间已到 (201)
2026-09-01T14:34:04.086Z cycle: 29 pending, 1 due
2026-09-01T14:34:04.899Z OK 从容花苞 分身4 刷新时间已到 (201)
2026-09-01T14:36:49.099Z HEARTBEAT
2026-09-01T14:41:49.098Z HEARTBEAT
2026-09-01T14:46:49.102Z HEARTBEAT
2026-09-01T14:51:49.105Z HEARTBEAT
2026-09-01T14:55:00.182Z cycle: 32 pending, 1 due
2026-09-01T14:55:00.993Z OK 水猴子 已停止刷新 (201)
2026-09-01T14:56:49.118Z HEARTBEAT
2026-09-01T14:58:00.100Z cycle: 31 pending, 1 due
2026-09-01T14:58:00.730Z OK 龟壳珍宝 分身2 刷新时间已到 (201)
2026-09-01T15:01:49.131Z HEARTBEAT
2026-09-01T15:06:49.141Z HEARTBEAT
2026-09-01T15:11:49.144Z HEARTBEAT
2026-09-01T15:16:49.149Z HEARTBEAT
2026-09-01T15:21:30.390Z cycle: 37 pending, 1 due
2026-09-01T15:21:31.719Z OK 勇猛勋章 刷新时间已到 (201)
2026-09-01T15:21:49.157Z HEARTBEAT
2026-09-01T15:25:00.212Z cycle: 37 pending, 2 due
2026-09-01T15:25:00.819Z OK 从容花苞 分身2 已停止刷新 (201)
2026-09-01T15:25:01.341Z OK 从容花苞 分身3 已停止刷新 (201)
2026-09-01T15:26:49.166Z HEARTBEAT
2026-09-01T15:31:49.169Z HEARTBEAT
2026-09-01T15:32:00.366Z cycle: 38 pending, 1 due
2026-09-01T15:32:01.045Z OK 从容花苞 已停止刷新 (201)
2026-09-01T15:36:49.178Z HEARTBEAT
2026-09-01T15:38:00.767Z cycle: 37 pending, 1 due
2026-09-01T15:38:01.454Z OK 小海豚 分身5 刷新时间已到 (201)
2026-09-01T15:41:49.182Z HEARTBEAT
2026-09-01T15:46:49.185Z HEARTBEAT
2026-09-01T15:51:49.198Z HEARTBEAT
2026-09-01T15:56:49.200Z HEARTBEAT
2026-09-02T01:36:11.100Z === daemon starting ===
2026-09-02T01:36:11.108Z push daemon started (single instance)
2026-09-02T01:36:42.539Z cycle: 41 pending, 2 due
2026-09-02T01:36:43.451Z OK 1 物资已刷新 (201)
2026-09-02T01:36:43.998Z OK 芙蕾雅宝箱 分身10 已停止刷新 (201)
2026-09-02T01:41:11.119Z HEARTBEAT
2026-09-02T01:45:45.651Z cycle: 39 pending, 1 due
2026-09-02T01:45:46.453Z OK 小型法师 刷新时间已到 (201)
2026-09-02T01:46:11.133Z HEARTBEAT
2026-09-02T01:51:11.136Z HEARTBEAT
2026-09-02T01:56:11.150Z HEARTBEAT
2026-09-02T01:59:12.061Z cycle: 38 pending, 1 due
2026-09-02T01:59:12.729Z OK 小海豚 刷新时间已到 (201)
2026-09-02T02:01:11.161Z HEARTBEAT
2026-09-02T02:06:11.163Z HEARTBEAT
2026-09-02T02:08:46.241Z cycle: 37 pending, 1 due
2026-09-02T02:08:47.082Z OK 小型法师 分身6 刷新时间已到 (201)
2026-09-02T02:10:42.261Z cycle: 36 pending, 1 due
2026-09-02T02:10:43.074Z OK 龟壳珍宝 刷新时间已到 (201)
2026-09-02T02:11:11.172Z HEARTBEAT
2026-09-02T02:11:12.354Z cycle: 35 pending, 1 due
2026-09-02T02:11:12.944Z OK 龟壳珍宝 分身3 刷新时间已到 (201)
2026-09-02T02:14:42.313Z cycle: 34 pending, 1 due
2026-09-02T02:14:42.988Z OK 小型法师 分身5 刷新时间已到 (201)
2026-09-02T02:16:11.179Z HEARTBEAT
2026-09-02T02:21:11.180Z HEARTBEAT
2026-09-02T02:21:42.201Z cycle: 33 pending, 1 due
2026-09-02T02:21:42.856Z OK 小型法师 分身4 刷新时间已到 (201)
2026-09-02T02:22:42.244Z cycle: 32 pending, 1 due
2026-09-02T02:22:42.886Z OK 龟壳珍宝 分身6 刷新时间已到 (201)
2026-09-02T02:24:42.393Z cycle: 31 pending, 1 due
2026-09-02T02:24:43.180Z OK 小型法师 分身2 刷新时间已到 (201)
2026-09-02T02:26:11.192Z HEARTBEAT
2026-09-02T02:31:11.197Z HEARTBEAT
2026-09-02T02:36:11.203Z HEARTBEAT
2026-09-02T02:37:12.593Z cycle: 30 pending, 1 due
2026-09-02T02:37:13.272Z OK 星梦之匣 物资已刷新 (201)
2026-09-02T02:41:11.215Z HEARTBEAT
2026-09-02T02:45:42.769Z cycle: 29 pending, 1 due
2026-09-02T02:45:43.583Z OK 小型法师 已停止刷新 (201)
2026-09-02T02:46:11.216Z HEARTBEAT
2026-09-02T02:50:16.836Z cycle: 28 pending, 1 due
2026-09-02T02:50:17.659Z OK 真龙宝藏 分身2 已停止刷新 (201)
2026-09-02T02:51:11.215Z HEARTBEAT
2026-09-02T02:56:11.224Z HEARTBEAT
2026-09-02T03:01:11.225Z HEARTBEAT
2026-09-02T03:01:44.387Z cycle: 27 pending, 1 due
2026-09-02T03:01:45.028Z OK 勇猛勋章 刷新时间已到 (201)
2026-09-02T03:06:11.227Z HEARTBEAT
2026-09-02T03:09:13.042Z cycle: 26 pending, 1 due
2026-09-02T03:09:13.693Z OK 小型法师 分身6 已停止刷新 (201)
2026-09-02T03:11:11.242Z HEARTBEAT
2026-09-02T03:14:43.073Z cycle: 25 pending, 1 due
2026-09-02T03:14:43.756Z OK 小型法师 分身5 已停止刷新 (201)
2026-09-02T03:15:17.390Z cycle: 24 pending, 1 due
2026-09-02T03:15:18.046Z OK 熔火龙 刷新时间已到 (201)
2026-09-02T03:16:11.250Z HEARTBEAT
2026-09-02T03:20:13.488Z cycle: 23 pending, 1 due
2026-09-02T03:20:14.312Z OK 芙蕾雅宝箱 刷新时间已到 (201)
2026-09-02T03:21:11.264Z HEARTBEAT
2026-09-02T03:21:43.132Z cycle: 22 pending, 1 due
2026-09-02T03:21:45.045Z OK 小型法师 分身4 已停止刷新 (201)
2026-09-02T03:24:43.396Z cycle: 21 pending, 1 due
2026-09-02T03:24:44.083Z OK 小型法师 分身2 已停止刷新 (201)
2026-09-02T03:26:11.264Z HEARTBEAT
2026-09-02T03:31:11.275Z HEARTBEAT
2026-09-02T03:36:11.281Z HEARTBEAT
2026-09-02T03:41:11.291Z HEARTBEAT
2026-09-02T03:46:11.295Z HEARTBEAT
2026-09-02T03:51:11.297Z HEARTBEAT
2026-09-02T03:56:11.310Z HEARTBEAT
2026-09-02T03:59:17.762Z cycle: 22 pending, 1 due
2026-09-02T03:59:18.567Z OK 小海豚 已停止刷新 (201)
2026-09-02T04:01:11.320Z HEARTBEAT
2026-09-02T04:06:11.322Z HEARTBEAT
2026-09-02T04:11:11.323Z HEARTBEAT
2026-09-02T04:16:11.323Z HEARTBEAT
2026-09-02T04:21:11.336Z HEARTBEAT
2026-09-02T04:26:11.352Z HEARTBEAT
2026-09-02T04:31:11.358Z HEARTBEAT
2026-09-02T04:36:11.366Z HEARTBEAT
2026-09-02T04:41:11.372Z HEARTBEAT
2026-09-02T04:44:44.921Z cycle: 21 pending, 1 due
2026-09-02T04:44:45.582Z OK 星梦之匣 物资已刷新 (201)
2026-09-02T04:46:11.380Z HEARTBEAT
2026-09-02T04:51:11.381Z HEARTBEAT
2026-09-02T04:56:11.390Z HEARTBEAT
2026-09-02T05:01:11.399Z HEARTBEAT
2026-09-02T05:06:11.404Z HEARTBEAT
2026-09-02T05:11:11.416Z HEARTBEAT
2026-09-02T05:16:11.422Z HEARTBEAT
2026-09-02T05:17:14.972Z cycle: 22 pending, 1 due
2026-09-02T05:17:17.132Z OK 柱子法师 刷新时间已到 (201)
2026-09-02T05:21:11.427Z HEARTBEAT
2026-09-02T05:26:11.437Z HEARTBEAT
2026-09-02T05:31:11.443Z HEARTBEAT
2026-09-02T05:36:11.446Z HEARTBEAT
2026-09-02T05:36:45.298Z cycle: 21 pending, 1 due
2026-09-02T05:36:45.965Z OK 水猴子 刷新时间已到 (201)
2026-09-02T05:41:11.446Z HEARTBEAT
2026-09-02T05:46:11.454Z HEARTBEAT
2026-09-02T05:47:15.442Z cycle: 20 pending, 1 due
2026-09-02T05:47:16.732Z OK 柱子法师 已停止刷新 (201)
2026-09-02T05:51:11.457Z HEARTBEAT
2026-09-02T05:56:11.464Z HEARTBEAT
2026-09-02T06:01:11.470Z HEARTBEAT
2026-09-02T06:06:11.471Z HEARTBEAT
2026-09-02T06:10:45.789Z cycle: 18 pending, 1 due
2026-09-02T06:10:46.593Z OK 龟壳珍宝 已停止刷新 (201)
2026-09-02T06:11:11.486Z HEARTBEAT
2026-09-02T06:11:15.751Z cycle: 17 pending, 1 due
2026-09-02T06:11:16.521Z OK 龟壳珍宝 分身3 已停止刷新 (201)
2026-09-02T06:16:11.486Z HEARTBEAT
2026-09-02T06:21:11.499Z HEARTBEAT
2026-09-02T06:22:45.944Z cycle: 18 pending, 1 due
2026-09-02T06:22:46.754Z OK 龟壳珍宝 分身6 已停止刷新 (201)
2026-09-02T06:26:11.513Z HEARTBEAT
2026-09-02T06:31:11.519Z HEARTBEAT
2026-09-02T06:36:11.523Z HEARTBEAT
2026-09-02T06:41:11.525Z HEARTBEAT
2026-09-02T06:46:11.539Z HEARTBEAT
2026-09-02T06:51:11.542Z HEARTBEAT
2026-09-02T06:56:11.551Z HEARTBEAT
2026-09-02T07:01:11.560Z HEARTBEAT
2026-09-02T07:01:46.509Z cycle: 17 pending, 1 due
2026-09-02T07:01:47.132Z OK 勇猛勋章 已停止刷新 (201)
2026-09-02T07:06:11.561Z HEARTBEAT
2026-09-02T07:11:11.573Z HEARTBEAT
2026-09-02T07:16:11.575Z HEARTBEAT
2026-09-02T07:21:11.579Z HEARTBEAT
2026-09-02T07:26:11.594Z HEARTBEAT
2026-09-02T07:31:11.594Z HEARTBEAT
2026-09-02T07:36:11.602Z HEARTBEAT
2026-09-02T07:41:11.614Z HEARTBEAT
2026-09-02T07:46:11.614Z HEARTBEAT
2026-09-02T07:48:27.600Z fetch retry 1: fetch failed
2026-09-02T07:48:38.287Z fetch retry 2: fetch failed
2026-09-02T07:51:11.618Z HEARTBEAT
2026-09-02T07:56:11.622Z HEARTBEAT
2026-09-02T08:01:11.631Z HEARTBEAT
2026-09-02T08:06:11.634Z HEARTBEAT
2026-09-02T08:11:11.639Z HEARTBEAT
2026-09-02T08:16:11.640Z HEARTBEAT
2026-09-02T08:21:11.652Z HEARTBEAT
2026-09-02T08:26:11.657Z HEARTBEAT
2026-09-02T08:31:11.661Z HEARTBEAT
2026-09-02T08:36:11.673Z HEARTBEAT
2026-09-02T08:41:11.686Z HEARTBEAT
2026-09-02T08:46:11.689Z HEARTBEAT
2026-09-02T08:51:11.689Z HEARTBEAT
2026-09-02T08:56:11.690Z HEARTBEAT
2026-09-02T09:01:11.697Z HEARTBEAT
2026-09-02T09:06:11.706Z HEARTBEAT
2026-09-02T09:10:18.441Z cycle: 26 pending, 1 due
2026-09-02T09:10:19.111Z OK 水猴子 刷新时间已到 (201)
2026-09-02T09:11:11.709Z HEARTBEAT
2026-09-02T09:13:18.528Z cycle: 25 pending, 1 due
2026-09-02T09:13:19.319Z OK 海鳄龙 刷新时间已到 (201)
2026-09-02T09:16:11.714Z HEARTBEAT
2026-09-02T09:21:11.724Z HEARTBEAT
2026-09-02T09:23:58.930Z fetch retry 1: fetch failed
2026-09-02T09:24:09.639Z fetch retry 2: fetch failed
2026-09-02T09:24:18.233Z SKIP: previous cycle still running
2026-09-02T09:24:20.388Z LOOP ERROR: fetch failed
2026-09-02T09:24:58.982Z fetch retry 1: fetch failed
2026-09-02T09:25:09.690Z fetch retry 2: fetch failed
2026-09-02T09:25:18.255Z SKIP: previous cycle still running
2026-09-02T09:25:20.391Z LOOP ERROR: fetch failed
2026-09-02T09:26:11.735Z HEARTBEAT
2026-09-02T09:26:58.988Z fetch retry 1: fetch failed
2026-09-02T09:31:11.746Z HEARTBEAT
2026-09-02T09:36:11.757Z HEARTBEAT
2026-09-02T09:36:18.785Z cycle: 24 pending, 1 due
2026-09-02T09:36:19.427Z OK 水猴子 已停止刷新 (201)
2026-09-02T09:41:11.758Z HEARTBEAT
2026-09-02T09:46:11.760Z HEARTBEAT
2026-09-02T09:51:11.763Z HEARTBEAT
2026-09-02T09:56:11.770Z HEARTBEAT
2026-09-02T09:56:59.452Z fetch retry 1: fetch failed
2026-09-02T09:57:10.180Z fetch retry 2: fetch failed
2026-09-02T10:01:11.773Z HEARTBEAT
2026-09-02T10:06:11.783Z HEARTBEAT
2026-09-02T10:11:11.794Z HEARTBEAT
2026-09-02T10:16:11.795Z HEARTBEAT
2026-09-02T10:21:11.798Z HEARTBEAT
2026-09-02T10:26:11.804Z HEARTBEAT
2026-09-02T10:31:11.819Z HEARTBEAT
2026-09-02T10:35:19.951Z cycle: 26 pending, 1 due
2026-09-02T10:35:20.755Z OK 瓦雷亚宝箱 刷新时间已到 (201)
2026-09-02T10:36:11.819Z HEARTBEAT
2026-09-02T10:41:11.829Z HEARTBEAT
2026-09-02T10:46:11.837Z HEARTBEAT
2026-09-02T10:51:11.842Z HEARTBEAT
2026-09-02T10:56:11.852Z HEARTBEAT
2026-09-02T11:01:11.855Z HEARTBEAT
2026-09-02T11:06:11.859Z HEARTBEAT
2026-09-02T11:11:11.873Z HEARTBEAT
2026-09-02T11:16:11.874Z HEARTBEAT
2026-09-02T11:20:54.780Z cycle: 27 pending, 1 due
2026-09-02T11:20:55.471Z OK 小型法师 刷新时间已到 (201)
2026-09-02T11:21:11.882Z HEARTBEAT
2026-09-02T11:26:11.882Z HEARTBEAT
2026-09-02T11:31:11.887Z HEARTBEAT
2026-09-02T11:33:50.679Z cycle: 28 pending, 1 due
2026-09-02T11:33:51.343Z OK 从容花苞 刷新时间已到 (201)
2026-09-02T11:36:11.900Z HEARTBEAT
2026-09-02T11:38:50.876Z cycle: 27 pending, 1 due
2026-09-02T11:38:52.226Z OK 从容花苞 分身4 刷新时间已到 (201)
2026-09-02T11:41:11.912Z HEARTBEAT
2026-09-02T11:46:11.912Z HEARTBEAT
2026-09-02T11:51:11.927Z HEARTBEAT
2026-09-02T11:56:11.941Z HEARTBEAT
2026-09-02T12:01:11.941Z HEARTBEAT
2026-09-02T12:06:11.949Z HEARTBEAT
2026-09-02T12:11:11.958Z HEARTBEAT
2026-09-02T12:16:11.972Z HEARTBEAT
2026-09-02T12:20:51.358Z cycle: 31 pending, 1 due
2026-09-02T12:20:51.987Z OK 小型法师 已停止刷新 (201)
2026-09-02T12:21:11.978Z HEARTBEAT
2026-09-02T12:26:11.987Z HEARTBEAT
2026-09-02T12:31:11.988Z HEARTBEAT
2026-09-02T12:35:21.754Z cycle: 32 pending, 1 due
2026-09-02T12:35:22.667Z OK 瓦雷亚宝箱 已停止刷新 (201)
2026-09-02T12:36:12.000Z HEARTBEAT
2026-09-02T12:41:12.011Z HEARTBEAT
2026-09-02T12:46:12.015Z HEARTBEAT
2026-09-02T12:51:12.021Z HEARTBEAT
2026-09-02T12:52:21.772Z cycle: 31 pending, 1 due
2026-09-02T12:52:22.605Z OK 从容花苞 刷新时间已到 (201)
2026-09-02T12:56:12.035Z HEARTBEAT
2026-09-02T13:01:12.039Z HEARTBEAT
2026-09-02T13:06:12.039Z HEARTBEAT
2026-09-02T13:10:22.420Z cycle: 32 pending, 1 due
2026-09-02T13:10:23.067Z OK 水猴子 已停止刷新 (201)
2026-09-02T13:11:12.041Z HEARTBEAT
2026-09-02T13:16:12.050Z HEARTBEAT
2026-09-02T13:21:12.056Z HEARTBEAT
2026-09-02T13:26:12.069Z HEARTBEAT
2026-09-02T13:29:32.665Z fetch retry 1: fetch failed
2026-09-02T13:31:12.084Z HEARTBEAT
2026-09-02T13:35:23.423Z cycle: 31 pending, 1 due
2026-09-02T13:35:26.184Z OK 钻头 物资已刷新 (201)
2026-09-02T13:36:12.093Z HEARTBEAT
2026-09-02T13:41:12.102Z HEARTBEAT
2026-09-02T13:46:12.110Z HEARTBEAT
2026-09-02T13:51:12.114Z HEARTBEAT
2026-09-02T13:52:22.656Z cycle: 31 pending, 1 due
2026-09-02T13:52:23.335Z OK 从容花苞 已停止刷新 (201)
2026-09-02T13:53:52.961Z cycle: 30 pending, 1 due
2026-09-02T13:53:53.619Z OK 海底精英怪 刷新时间已到 (201)
2026-09-02T13:56:12.125Z HEARTBEAT
2026-09-02T14:01:12.138Z HEARTBEAT
2026-09-02T14:06:12.151Z HEARTBEAT
2026-09-02T14:10:23.060Z cycle: 30 pending, 1 due
2026-09-02T14:10:23.689Z OK 钻头 分身1 物资已刷新 (201)
2026-09-02T14:11:12.152Z HEARTBEAT
2026-09-02T14:16:12.167Z HEARTBEAT
2026-09-02T14:16:23.023Z cycle: 29 pending, 1 due
2026-09-02T14:16:23.731Z OK 龟壳珍宝 刷新时间已到 (201)
2026-09-02T14:17:56.997Z cycle: 28 pending, 1 due
2026-09-02T14:17:58.195Z OK 龟壳珍宝 分身8 刷新时间已到 (201)
2026-09-02T14:21:12.167Z HEARTBEAT
2026-09-02T14:26:12.174Z HEARTBEAT
2026-09-02T14:30:29.123Z cycle: 27 pending, 1 due
2026-09-02T14:30:30.681Z OK 星梦之匣 物资已刷新 (201)
2026-09-02T14:31:12.182Z HEARTBEAT
2026-09-02T14:33:53.249Z cycle: 26 pending, 1 due
2026-09-02T14:33:53.867Z OK 帝王蟹 刷新时间已到 (201)
2026-09-02T14:36:12.196Z HEARTBEAT
2026-09-02T14:39:54.051Z cycle: 25 pending, 1 due
2026-09-02T14:39:54.719Z OK 柱子法师 刷新时间已到 (201)
2026-09-02T14:41:12.198Z HEARTBEAT
2026-09-02T14:44:53.894Z cycle: 24 pending, 1 due
2026-09-02T14:44:54.802Z OK 柱子法师 分身2 刷新时间已到 (201)
2026-09-02T14:46:12.205Z HEARTBEAT
2026-09-02T14:48:57.537Z cycle: 23 pending, 1 due
2026-09-02T14:48:59.230Z OK 柱子法师 分身4 刷新时间已到 (201)
2026-09-02T14:51:12.218Z HEARTBEAT
2026-09-02T14:53:53.733Z cycle: 22 pending, 1 due
2026-09-02T14:53:55.705Z OK 海底精英怪 已停止刷新 (201)
2026-09-02T14:56:12.233Z HEARTBEAT
2026-09-02T15:01:12.244Z HEARTBEAT
2026-09-02T15:05:04.029Z fetch retry 1: fetch failed
2026-09-02T15:05:14.686Z fetch retry 2: fetch failed
2026-09-02T15:06:12.258Z HEARTBEAT
2026-09-02T15:07:34.064Z fetch retry 1: fetch failed
2026-09-02T15:09:54.048Z cycle: 23 pending, 1 due
2026-09-02T15:09:54.746Z OK 柱子法师 已停止刷新 (201)
2026-09-02T15:11:12.262Z HEARTBEAT
2026-09-02T15:12:53.839Z cycle: 22 pending, 1 due
2026-09-02T15:12:54.634Z OK 钻头 物资已刷新 (201)
2026-09-02T15:14:53.968Z cycle: 21 pending, 1 due
2026-09-02T15:14:54.654Z OK 柱子法师 分身2 已停止刷新 (201)
2026-09-02T15:16:12.263Z HEARTBEAT
2026-09-02T15:18:58.406Z cycle: 20 pending, 1 due
2026-09-02T15:18:59.068Z OK 柱子法师 分身4 已停止刷新 (201)
2026-09-02T15:21:12.266Z HEARTBEAT
2026-09-02T15:26:12.272Z HEARTBEAT
2026-09-02T15:31:12.277Z HEARTBEAT
2026-09-02T15:36:12.285Z HEARTBEAT
2026-09-02T15:41:12.289Z HEARTBEAT
2026-09-02T15:46:12.293Z HEARTBEAT
2026-09-02T15:51:12.304Z HEARTBEAT
2026-09-02T15:56:12.312Z HEARTBEAT
2026-09-02T16:01:12.312Z HEARTBEAT
2026-09-03T01:30:34.459Z === daemon starting ===
2026-09-03T01:30:34.466Z push daemon started (single instance)
2026-09-03T01:31:05.376Z cycle: 25 pending, 2 due
2026-09-03T01:31:06.213Z OK 小型法师 分身1 刷新时间已到 (201)
2026-09-03T01:31:06.818Z OK 小型法师 分身2 刷新时间已到 (201)
2026-09-03T01:35:34.472Z HEARTBEAT
2026-09-03T01:40:34.485Z HEARTBEAT
2026-09-03T01:45:34.497Z HEARTBEAT
2026-09-03T01:50:34.512Z HEARTBEAT
2026-09-03T01:55:34.519Z HEARTBEAT
2026-09-03T02:00:34.532Z HEARTBEAT
2026-09-03T02:05:34.539Z HEARTBEAT
2026-09-03T02:10:34.544Z HEARTBEAT
2026-09-03T02:15:34.547Z HEARTBEAT
2026-09-03T02:20:34.558Z HEARTBEAT
2026-09-03T02:25:34.563Z HEARTBEAT
2026-09-03T02:30:34.576Z HEARTBEAT
2026-09-03T02:35:34.581Z HEARTBEAT
2026-09-03T02:40:34.591Z HEARTBEAT
2026-09-03T02:45:34.597Z HEARTBEAT
2026-09-03T02:50:34.606Z HEARTBEAT
2026-09-03T02:52:06.059Z cycle: 50 pending, 1 due
2026-09-03T02:52:06.709Z OK 柱子法师 刷新时间已到 (201)
2026-09-03T02:55:34.620Z HEARTBEAT
2026-09-03T03:00:34.624Z HEARTBEAT
2026-09-03T03:03:06.309Z cycle: 50 pending, 1 due
2026-09-03T03:03:06.990Z OK 柱子法师 分身7 刷新时间已到 (201)
2026-09-03T03:05:34.636Z HEARTBEAT
2026-09-03T03:09:10.507Z cycle: 50 pending, 1 due
2026-09-03T03:09:11.145Z OK 柱子法师 分身9 刷新时间已到 (201)
2026-09-03T03:10:34.642Z HEARTBEAT
2026-09-03T03:15:34.643Z HEARTBEAT
2026-09-03T03:16:36.532Z cycle: 50 pending, 1 due
2026-09-03T03:16:37.189Z OK 附魔石宝箱 刷新时间已到 (201)
2026-09-03T03:20:34.652Z HEARTBEAT
2026-09-03T03:22:10.605Z cycle: 50 pending, 1 due
2026-09-03T03:22:11.248Z OK 柱子法师 已停止刷新 (201)
2026-09-03T03:25:34.657Z HEARTBEAT
2026-09-03T03:30:34.657Z HEARTBEAT
2026-09-03T03:33:11.103Z cycle: 50 pending, 1 due
2026-09-03T03:33:11.760Z OK 柱子法师 分身7 已停止刷新 (201)
2026-09-03T03:35:34.661Z HEARTBEAT
2026-09-03T03:39:11.124Z cycle: 50 pending, 1 due
2026-09-03T03:39:11.739Z OK 柱子法师 分身9 已停止刷新 (201)
2026-09-03T03:40:34.668Z HEARTBEAT
2026-09-03T03:45:34.681Z HEARTBEAT
2026-09-03T03:47:36.978Z cycle: 50 pending, 1 due
2026-09-03T03:47:37.649Z OK 柱子法师 分身8 刷新时间已到 (201)
2026-09-03T03:50:34.695Z HEARTBEAT
2026-09-03T03:55:34.708Z HEARTBEAT
2026-09-03T04:00:34.718Z HEARTBEAT
2026-09-03T04:05:34.726Z HEARTBEAT
2026-09-03T04:08:07.292Z cycle: 50 pending, 3 due
2026-09-03T04:08:07.949Z OK 帝王蟹 刷新时间已到 (201)
2026-09-03T04:08:08.531Z OK 邓氏鱼 刷新时间已到 (201)
2026-09-03T04:08:09.049Z OK 大贝壳 刷新时间已到 (201)
2026-09-03T04:10:34.735Z HEARTBEAT
2026-09-03T04:15:34.746Z HEARTBEAT
2026-09-03T04:16:41.576Z cycle: 50 pending, 3 due
2026-09-03T04:16:42.765Z OK 龟壳珍宝 刷新时间已到 (201)
2026-09-03T04:16:43.409Z OK 真龙宝藏 刷新时间已到 (201)
2026-09-03T04:16:43.846Z OK 芙蕾雅宝箱 刷新时间已到 (201)
2026-09-03T04:17:37.375Z cycle: 50 pending, 1 due
2026-09-03T04:17:37.982Z OK 柱子法师 分身8 已停止刷新 (201)
2026-09-03T04:18:41.438Z cycle: 50 pending, 1 due
2026-09-03T04:18:42.257Z OK 异星宝箱 刷新时间已到 (201)
2026-09-03T04:19:07.420Z cycle: 50 pending, 2 due
2026-09-03T04:19:08.451Z OK 异星宝箱 分身8 刷新时间已到 (201)
2026-09-03T04:19:09.829Z OK 异星宝箱 分身7 刷新时间已到 (201)
2026-09-03T04:20:34.750Z HEARTBEAT
2026-09-03T04:20:37.631Z cycle: 50 pending, 1 due
2026-09-03T04:20:38.249Z OK 大贝壳 刷新时间已到 (201)
2026-09-03T04:24:37.642Z cycle: 50 pending, 1 due
2026-09-03T04:24:38.501Z OK 柱子法师 分身1 刷新时间已到 (201)
2026-09-03T04:25:34.755Z HEARTBEAT
2026-09-03T04:27:37.529Z cycle: 50 pending, 1 due
2026-09-03T04:27:38.184Z OK 柱子法师 分身2 刷新时间已到 (201)
2026-09-03T04:30:34.769Z HEARTBEAT
2026-09-03T04:35:34.769Z HEARTBEAT
2026-09-03T04:40:34.781Z HEARTBEAT
2026-09-03T04:45:34.792Z HEARTBEAT
2026-09-03T04:50:08.026Z cycle: 50 pending, 1 due
2026-09-03T04:50:08.844Z OK 海底精英怪 刷新时间已到 (201)
2026-09-03T04:50:34.797Z HEARTBEAT
2026-09-03T04:50:38.061Z cycle: 50 pending, 1 due
2026-09-03T04:50:38.813Z OK 小型法师 刷新时间已到 (201)
2026-09-03T04:54:07.980Z cycle: 50 pending, 1 due
2026-09-03T04:54:09.584Z OK 柱子法师 分身1 已停止刷新 (201)
2026-09-03T04:55:34.811Z HEARTBEAT
2026-09-03T05:00:08.014Z cycle: 50 pending, 1 due
2026-09-03T05:00:09.552Z OK 瓦雷亚宝箱 物资已刷新 (201)
2026-09-03T05:00:34.816Z HEARTBEAT
2026-09-03T05:05:34.816Z HEARTBEAT
2026-09-03T05:10:34.816Z HEARTBEAT
2026-09-03T05:15:34.816Z HEARTBEAT
2026-09-03T05:16:38.603Z cycle: 50 pending, 2 due
2026-09-03T05:16:39.513Z OK 附魔石宝箱 已停止刷新 (201)
2026-09-03T05:16:40.135Z OK 瓦雷亚宝箱 刷新时间已到 (201)
2026-09-03T05:20:34.816Z HEARTBEAT
2026-09-03T05:25:34.815Z HEARTBEAT
2026-09-03T05:30:34.816Z HEARTBEAT
2026-09-03T05:35:34.816Z HEARTBEAT
2026-09-03T05:39:38.245Z cycle: 50 pending, 1 due
2026-09-03T05:39:38.906Z OK 钻头 物资已刷新 (201)
2026-09-03T05:40:34.816Z HEARTBEAT
2026-09-03T05:45:34.817Z HEARTBEAT
2026-09-03T05:50:08.394Z cycle: 49 pending, 1 due
2026-09-03T05:50:09.042Z OK 海底精英怪 已停止刷新 (201)
2026-09-03T05:50:34.817Z HEARTBEAT
2026-09-03T05:50:38.261Z cycle: 48 pending, 1 due
2026-09-03T05:50:38.908Z OK 小型法师 已停止刷新 (201)
2026-09-03T05:55:34.817Z HEARTBEAT
2026-09-03T06:00:34.816Z HEARTBEAT
2026-09-03T06:05:34.818Z HEARTBEAT
2026-09-03T06:08:08.308Z cycle: 47 pending, 2 due
2026-09-03T06:08:08.954Z OK 水猴子 刷新时间已到 (201)
2026-09-03T06:08:09.524Z OK 暴动矿源虫 刷新时间已到 (201)
2026-09-03T06:10:34.818Z HEARTBEAT
2026-09-03T06:15:34.818Z HEARTBEAT
2026-09-03T06:16:38.305Z cycle: 48 pending, 1 due
2026-09-03T06:16:38.972Z OK 创造 物资已刷新 (201)
2026-09-03T06:20:34.818Z HEARTBEAT
2026-09-03T06:25:34.818Z HEARTBEAT
2026-09-03T06:30:34.817Z HEARTBEAT
2026-09-03T06:35:34.820Z HEARTBEAT
2026-09-03T06:40:34.821Z HEARTBEAT
2026-09-03T06:45:34.821Z HEARTBEAT
2026-09-03T06:50:34.820Z HEARTBEAT
2026-09-03T06:55:34.821Z HEARTBEAT
2026-09-03T06:56:08.671Z cycle: 49 pending, 1 due
2026-09-03T06:56:10.363Z OK 草莓 物资已刷新 (201)
2026-09-03T07:00:34.821Z HEARTBEAT
2026-09-03T07:05:34.820Z HEARTBEAT
2026-09-03T07:08:38.327Z cycle: 48 pending, 1 due
2026-09-03T07:08:38.992Z OK 附魔石宝箱 刷新时间已到 (201)
2026-09-03T07:10:34.821Z HEARTBEAT
2026-09-03T07:15:34.821Z HEARTBEAT
2026-09-03T07:16:38.523Z cycle: 47 pending, 1 due
2026-09-03T07:16:39.347Z OK 瓦雷亚宝箱 已停止刷新 (201)
2026-09-03T07:20:34.822Z HEARTBEAT
2026-09-03T07:25:34.822Z HEARTBEAT
2026-09-03T07:30:34.822Z HEARTBEAT
2026-09-03T07:35:34.822Z HEARTBEAT
2026-09-03T07:38:08.296Z cycle: 49 pending, 1 due
2026-09-03T07:38:09.083Z OK 聚变矿源虫 刷新时间已到 (201)
2026-09-03T07:40:34.824Z HEARTBEAT
2026-09-03T07:42:38.707Z cycle: 50 pending, 1 due
2026-09-03T07:42:39.583Z OK 贝壳 分身2 物资已刷新 (201)
2026-09-03T07:45:34.823Z HEARTBEAT
2026-09-03T07:50:34.825Z HEARTBEAT
2026-09-03T07:55:34.825Z HEARTBEAT
2026-09-03T08:00:08.347Z cycle: 49 pending, 1 due
2026-09-03T08:00:09.153Z OK 贝壳 物资已刷新 (201)
2026-09-03T08:00:34.824Z HEARTBEAT
2026-09-03T08:05:34.825Z HEARTBEAT
2026-09-03T08:08:08.398Z cycle: 50 pending, 4 due
2026-09-03T08:08:09.064Z OK 帝王蟹 已停止刷新 (201)
2026-09-03T08:08:09.445Z OK 邓氏鱼 已停止刷新 (201)
2026-09-03T08:08:10.089Z OK 暴动矿源虫 已停止刷新 (201)
2026-09-03T08:08:10.641Z OK 大贝壳 已停止刷新 (201)
2026-09-03T08:10:34.827Z HEARTBEAT
2026-09-03T08:12:38.419Z cycle: 47 pending, 1 due
2026-09-03T08:12:39.049Z OK 水猴子 刷新时间已到 (201)
2026-09-03T08:15:34.827Z HEARTBEAT
2026-09-03T08:16:38.410Z cycle: 48 pending, 2 due
2026-09-03T08:16:40.284Z OK 龟壳珍宝 已停止刷新 (201)
2026-09-03T08:16:40.661Z OK 真龙宝藏 已停止刷新 (201)
2026-09-03T08:17:08.560Z cycle: 46 pending, 1 due
2026-09-03T08:17:09.148Z OK 芙蕾雅宝箱 已停止刷新 (201)
2026-09-03T08:19:08.590Z cycle: 45 pending, 1 due
2026-09-03T08:19:09.233Z OK 异星宝箱 已停止刷新 (201)
2026-09-03T08:20:34.827Z HEARTBEAT
2026-09-03T08:20:38.641Z cycle: 44 pending, 1 due
2026-09-03T08:20:40.976Z OK 大贝壳 已停止刷新 (201)
2026-09-03T08:25:34.828Z HEARTBEAT
2026-09-03T08:30:34.829Z HEARTBEAT
2026-09-03T08:35:34.834Z HEARTBEAT
2026-09-03T08:38:08.482Z cycle: 43 pending, 1 due
2026-09-03T08:38:09.187Z OK 聚变矿源虫 已停止刷新 (201)
2026-09-03T08:40:34.845Z HEARTBEAT
2026-09-03T08:45:34.854Z HEARTBEAT
2026-09-03T08:50:34.854Z HEARTBEAT
2026-09-03T08:55:34.864Z HEARTBEAT
2026-09-03T09:00:34.873Z HEARTBEAT
2026-09-03T09:05:34.878Z HEARTBEAT
2026-09-03T09:08:39.129Z cycle: 41 pending, 1 due
2026-09-03T09:08:39.788Z OK 附魔石宝箱 已停止刷新 (201)
2026-09-03T09:10:34.883Z HEARTBEAT
2026-09-03T09:15:34.889Z HEARTBEAT
2026-09-03T09:16:39.062Z cycle: 40 pending, 1 due
2026-09-03T09:16:39.701Z OK 从容花苞 刷新时间已到 (201)
2026-09-03T09:20:34.895Z HEARTBEAT
2026-09-03T09:22:42.736Z cycle: 39 pending, 1 due
2026-09-03T09:22:43.552Z OK 真龙宝藏 刷新时间已到 (201)
2026-09-03T09:25:19.391Z fetch retry 1: fetch failed
2026-09-03T09:25:29.963Z fetch retry 2: fetch failed
2026-09-03T09:25:34.899Z HEARTBEAT
2026-09-03T09:27:49.425Z fetch retry 1: fetch failed
2026-09-03T09:30:34.911Z HEARTBEAT
2026-09-03T09:35:34.915Z HEARTBEAT
2026-09-03T09:40:34.921Z HEARTBEAT
2026-09-03T09:45:34.936Z HEARTBEAT
2026-09-03T09:50:34.948Z HEARTBEAT
2026-09-03T09:55:34.949Z HEARTBEAT
2026-09-03T10:00:34.957Z HEARTBEAT
2026-09-03T10:01:09.851Z cycle: 47 pending, 1 due
2026-09-03T10:01:10.668Z OK 邓氏鱼 刷新时间已到 (201)
2026-09-03T10:05:34.970Z HEARTBEAT
2026-09-03T10:07:43.872Z cycle: 47 pending, 1 due
2026-09-03T10:07:44.527Z OK 水猴子 已停止刷新 (201)
2026-09-03T10:10:34.983Z HEARTBEAT
2026-09-03T10:11:40.095Z cycle: 46 pending, 1 due
2026-09-03T10:11:40.795Z OK 钻头 物资已刷新 (201)
2026-09-03T10:15:34.994Z HEARTBEAT
2026-09-03T10:16:39.979Z cycle: 45 pending, 1 due
2026-09-03T10:16:40.656Z OK 从容花苞 已停止刷新 (201)
2026-09-03T10:20:34.999Z HEARTBEAT
2026-09-03T10:25:35.009Z HEARTBEAT
2026-09-03T10:30:35.023Z HEARTBEAT
2026-09-03T10:35:35.030Z HEARTBEAT
2026-09-03T10:36:40.388Z cycle: 43 pending, 1 due
2026-09-03T10:36:41.292Z OK 从容花苞 刷新时间已到 (201)
2026-09-03T10:40:35.043Z HEARTBEAT
2026-09-03T10:45:35.055Z HEARTBEAT
2026-09-03T10:50:35.067Z HEARTBEAT
2026-09-03T10:55:35.082Z HEARTBEAT
2026-09-03T11:00:35.087Z HEARTBEAT
2026-09-03T11:05:35.087Z HEARTBEAT
2026-09-03T11:10:35.094Z HEARTBEAT
2026-09-03T11:15:35.106Z HEARTBEAT
2026-09-03T11:16:40.814Z cycle: 41 pending, 1 due
2026-09-03T11:16:41.438Z OK 真龙印宝箱 刷新时间已到 (201)
2026-09-03T11:19:10.886Z cycle: 40 pending, 1 due
2026-09-03T11:19:12.439Z OK 钻头 物资已刷新 (201)
2026-09-03T11:19:40.896Z cycle: 39 pending, 4 due
2026-09-03T11:19:41.516Z OK 深海珊瑚 刷新时间已到 (201)
2026-09-03T11:19:42.070Z OK 龙涎草 刷新时间已到 (201)
2026-09-03T11:19:42.456Z OK 霜冻龙涎草 刷新时间已到 (201)
2026-09-03T11:19:42.837Z OK 弥莲 刷新时间已到 (201)
2026-09-03T11:20:10.944Z cycle: 35 pending, 1 due
2026-09-03T11:20:11.559Z OK 远古花苞 刷新时间已到 (201)
2026-09-03T11:20:35.116Z HEARTBEAT
2026-09-03T11:25:35.127Z HEARTBEAT
2026-09-03T11:28:41.189Z cycle: 34 pending, 1 due
2026-09-03T11:28:42.011Z OK 大贝壳 刷新时间已到 (201)
2026-09-03T11:29:11.059Z cycle: 33 pending, 1 due
2026-09-03T11:29:11.669Z OK 芙蕾雅宝箱 刷新时间已到 (201)
2026-09-03T11:30:15.072Z cycle: 32 pending, 1 due
2026-09-03T11:30:16.002Z OK 星梦之匣 物资已刷新 (201)
2026-09-03T11:30:35.136Z HEARTBEAT
2026-09-03T11:31:41.360Z cycle: 31 pending, 1 due
2026-09-03T11:31:41.996Z OK 芙蕾雅宝箱 分身4 刷新时间已到 (201)
2026-09-03T11:35:35.142Z HEARTBEAT
2026-09-03T11:36:41.401Z cycle: 31 pending, 1 due
2026-09-03T11:36:42.031Z OK 从容花苞 已停止刷新 (201)
2026-09-03T11:40:35.142Z HEARTBEAT
2026-09-03T11:45:35.144Z HEARTBEAT
2026-09-03T11:50:35.155Z HEARTBEAT
2026-09-03T11:55:35.163Z HEARTBEAT
2026-09-03T11:58:11.494Z cycle: 30 pending, 1 due
2026-09-03T11:58:12.153Z OK 远古花苞 物资已刷新 (201)
2026-09-03T12:00:35.170Z HEARTBEAT
2026-09-03T12:05:35.177Z HEARTBEAT
2026-09-03T12:10:35.185Z HEARTBEAT
2026-09-03T12:15:35.193Z HEARTBEAT
2026-09-03T12:20:35.200Z HEARTBEAT
2026-09-03T12:25:35.214Z HEARTBEAT
2026-09-03T12:30:35.217Z HEARTBEAT
2026-09-03T12:35:35.225Z HEARTBEAT
2026-09-03T12:38:42.421Z cycle: 29 pending, 1 due
2026-09-03T12:38:43.201Z OK 邓氏鱼 分身2 刷新时间已到 (201)
2026-09-03T12:40:35.235Z HEARTBEAT
2026-09-03T12:45:35.248Z HEARTBEAT
2026-09-03T12:50:35.249Z HEARTBEAT
2026-09-03T12:55:35.251Z HEARTBEAT
2026-09-03T13:00:35.258Z HEARTBEAT
2026-09-03T13:05:35.269Z HEARTBEAT
2026-09-03T13:10:35.276Z HEARTBEAT
2026-09-03T13:15:35.275Z HEARTBEAT
2026-09-03T13:20:35.275Z HEARTBEAT
2026-09-03T13:22:12.756Z cycle: 28 pending, 1 due
2026-09-03T13:22:13.409Z OK 真龙宝藏 已停止刷新 (201)
2026-09-03T13:25:35.276Z HEARTBEAT
2026-09-03T13:30:35.278Z HEARTBEAT
2026-09-03T13:35:35.278Z HEARTBEAT
2026-09-03T13:40:35.279Z HEARTBEAT
2026-09-03T13:45:35.281Z HEARTBEAT
2026-09-03T13:50:35.282Z HEARTBEAT
2026-09-03T13:55:35.282Z HEARTBEAT
2026-09-03T14:00:35.282Z HEARTBEAT
2026-09-03T14:05:35.282Z HEARTBEAT
2026-09-03T14:10:35.284Z HEARTBEAT
2026-09-03T14:15:35.284Z HEARTBEAT
2026-09-03T14:19:12.812Z cycle: 31 pending, 1 due
2026-09-03T14:19:13.512Z OK 辣椒 物资已刷新 (201)
2026-09-03T14:19:42.988Z cycle: 30 pending, 1 due
2026-09-03T14:19:43.828Z OK 夕阳花 刷新时间已到 (201)
2026-09-03T14:20:35.284Z HEARTBEAT
2026-09-03T14:25:35.284Z HEARTBEAT
2026-09-03T14:30:35.286Z HEARTBEAT
2026-09-03T14:35:35.286Z HEARTBEAT
2026-09-03T14:40:35.286Z HEARTBEAT
2026-09-03T14:45:35.288Z HEARTBEAT
2026-09-03T14:49:52.927Z fetch retry 1: fetch failed
2026-09-03T14:50:35.288Z HEARTBEAT
2026-09-03T14:55:35.289Z HEARTBEAT
2026-09-03T15:00:35.290Z HEARTBEAT
2026-09-03T15:05:35.290Z HEARTBEAT
2026-09-03T15:10:22.960Z fetch retry 1: fetch failed
2026-09-03T15:10:33.457Z fetch retry 2: fetch failed
2026-09-03T15:10:35.291Z HEARTBEAT
2026-09-03T15:15:35.292Z HEARTBEAT
2026-09-03T15:16:42.921Z cycle: 33 pending, 1 due
2026-09-03T15:16:43.590Z OK 真龙印宝箱 已停止刷新 (201)
2026-09-03T15:19:43.436Z cycle: 32 pending, 1 due
2026-09-03T15:19:44.954Z OK 远古花苞 已停止刷新 (201)
2026-09-03T15:20:35.293Z HEARTBEAT
2026-09-03T15:21:42.964Z cycle: 31 pending, 1 due
2026-09-03T15:21:53.249Z OK 大贝壳 刷新时间已到 (201)
2026-09-03T15:25:35.293Z HEARTBEAT
2026-09-03T15:30:35.294Z HEARTBEAT
2026-09-03T15:33:18.186Z cycle: 30 pending, 1 due
2026-09-03T15:33:19.150Z OK 星梦之匣 物资已刷新 (201)
2026-09-03T15:35:35.293Z HEARTBEAT
2026-09-03T15:40:13.418Z cycle: 29 pending, 1 due
2026-09-03T15:40:14.970Z OK 大贝壳 刷新时间已到 (201)
2026-09-03T15:40:35.294Z HEARTBEAT
2026-09-03T15:45:35.295Z HEARTBEAT
2026-09-03T15:50:35.296Z HEARTBEAT
2026-09-03T15:55:35.297Z HEARTBEAT
2026-09-03T16:00:35.298Z HEARTBEAT
2026-09-03T16:05:35.299Z HEARTBEAT
2026-09-03T16:07:46.940Z cycle: 28 pending, 1 due
2026-09-03T16:07:47.672Z OK 龙鱼王 刷新时间已到 (201)
2026-09-03T16:10:35.299Z HEARTBEAT
2026-09-03T16:15:35.298Z HEARTBEAT
2026-09-03T16:20:35.298Z HEARTBEAT
2026-09-03T16:25:35.300Z HEARTBEAT
2026-09-03T16:30:35.301Z HEARTBEAT
2026-09-03T16:30:42.955Z cycle: 27 pending, 1 due
2026-09-03T16:30:43.591Z OK 龙鱼王 刷新时间已到 (201)
2026-09-03T16:35:35.302Z HEARTBEAT
2026-09-03T16:38:43.247Z cycle: 26 pending, 1 due
2026-09-03T16:38:44.042Z OK 邓氏鱼 分身2 已停止刷新 (201)
2026-09-03T16:40:35.302Z HEARTBEAT
2026-09-03T16:45:35.302Z HEARTBEAT
2026-09-03T16:50:35.301Z HEARTBEAT
2026-09-03T16:55:35.302Z HEARTBEAT
2026-09-03T17:00:35.301Z HEARTBEAT
2026-09-03T17:05:35.302Z HEARTBEAT
2026-09-03T17:10:35.302Z HEARTBEAT
2026-09-03T17:15:35.303Z HEARTBEAT
2026-09-03T17:19:43.046Z cycle: 25 pending, 4 due
2026-09-03T17:19:43.698Z OK 深海珊瑚 已停止刷新 (201)
2026-09-03T17:19:44.099Z OK 龙涎草 已停止刷新 (201)
2026-09-03T17:19:44.464Z OK 霜冻龙涎草 已停止刷新 (201)
2026-09-03T17:19:44.827Z OK 弥莲 已停止刷新 (201)
2026-09-03T17:20:35.305Z HEARTBEAT
2026-09-03T17:25:35.306Z HEARTBEAT
2026-09-03T17:30:35.306Z HEARTBEAT
2026-09-03T17:31:43.088Z cycle: 27 pending, 1 due
2026-09-03T17:31:43.920Z OK 海底精英怪 刷新时间已到 (201)
2026-09-03T17:35:13.210Z cycle: 28 pending, 1 due
2026-09-03T17:35:13.887Z OK 真龙宝藏 刷新时间已到 (201)
2026-09-03T17:35:35.306Z HEARTBEAT
2026-09-03T17:40:35.306Z HEARTBEAT
2026-09-03T17:43:23.162Z fetch retry 1: fetch failed
2026-09-03T17:43:33.656Z fetch retry 2: fetch failed
2026-09-03T17:45:35.306Z HEARTBEAT
2026-09-03T17:50:35.307Z HEARTBEAT
2026-09-04T01:33:08.750Z === daemon starting ===
2026-09-04T01:33:08.756Z push daemon started (single instance)
2026-09-04T01:33:40.492Z cycle: 22 pending, 1 due
2026-09-04T01:33:41.178Z OK 钻头 物资已刷新 (201)
2026-09-04T01:38:08.768Z HEARTBEAT
2026-09-04T01:43:08.774Z HEARTBEAT
2026-09-04T01:48:08.788Z HEARTBEAT
2026-09-04T01:52:43.711Z cycle: 21 pending, 1 due
2026-09-04T01:52:44.511Z OK 大贝壳 刷新时间已到 (201)
2026-09-04T01:53:08.792Z HEARTBEAT
2026-09-04T01:58:08.799Z HEARTBEAT
2026-09-04T02:03:08.811Z HEARTBEAT
2026-09-04T02:08:08.820Z HEARTBEAT
2026-09-04T02:13:08.825Z HEARTBEAT
2026-09-04T02:16:10.044Z cycle: 21 pending, 1 due
2026-09-04T02:16:10.692Z OK 水猴子 已停止刷新 (201)
2026-09-04T02:18:08.832Z HEARTBEAT
2026-09-04T02:20:09.877Z cycle: 20 pending, 1 due
2026-09-04T02:20:10.790Z OK 龟壳珍宝 刷新时间已到 (201)
2026-09-04T02:23:08.846Z HEARTBEAT
2026-09-04T02:24:09.986Z cycle: 19 pending, 1 due
2026-09-04T02:24:10.631Z OK 小型法师 刷新时间已到 (201)
2026-09-04T02:28:08.848Z HEARTBEAT
2026-09-04T02:33:08.858Z HEARTBEAT
2026-09-04T02:38:08.866Z HEARTBEAT
2026-09-04T02:43:08.870Z HEARTBEAT
2026-09-04T02:48:08.883Z HEARTBEAT
2026-09-04T02:53:08.891Z HEARTBEAT
2026-09-04T02:53:11.347Z cycle: 20 pending, 1 due
2026-09-04T02:53:12.145Z OK 钻头 物资已刷新 (201)
2026-09-04T02:58:08.899Z HEARTBEAT
2026-09-04T03:03:08.907Z HEARTBEAT
2026-09-04T03:08:08.923Z HEARTBEAT
2026-09-04T03:13:08.924Z HEARTBEAT
2026-09-04T03:18:08.926Z HEARTBEAT
2026-09-04T03:18:11.263Z cycle: 23 pending, 1 due
2026-09-04T03:18:11.930Z OK 芙蕾雅宝箱 刷新时间已到 (201)
2026-09-04T03:23:08.927Z HEARTBEAT
2026-09-04T03:24:11.605Z cycle: 22 pending, 1 due
2026-09-04T03:24:12.241Z OK 小型法师 已停止刷新 (201)
2026-09-04T03:28:08.929Z HEARTBEAT
2026-09-04T03:33:08.943Z HEARTBEAT
2026-09-04T03:38:08.951Z HEARTBEAT
2026-09-04T03:43:08.957Z HEARTBEAT
2026-09-04T03:48:08.961Z HEARTBEAT
2026-09-04T03:53:08.963Z HEARTBEAT
2026-09-04T03:58:08.975Z HEARTBEAT
2026-09-04T04:03:08.980Z HEARTBEAT
2026-09-04T04:08:08.980Z HEARTBEAT
2026-09-04T04:08:16.360Z cycle: 22 pending, 1 due
2026-09-04T04:08:17.069Z OK 龙鱼王 已停止刷新 (201)
2026-09-04T04:13:08.990Z HEARTBEAT
2026-09-04T04:18:08.992Z HEARTBEAT
2026-09-04T04:23:08.992Z HEARTBEAT
2026-09-04T04:28:09.004Z HEARTBEAT
2026-09-04T04:30:41.795Z cycle: 21 pending, 1 due
2026-09-04T04:30:43.369Z OK 龙鱼王 已停止刷新 (201)
2026-09-04T04:33:09.013Z HEARTBEAT
2026-09-04T04:38:09.028Z HEARTBEAT
2026-09-04T04:38:42.149Z cycle: 20 pending, 1 due
2026-09-04T04:38:42.950Z OK 龟壳珍宝 分身6 刷新时间已到 (201)
2026-09-04T04:43:09.030Z HEARTBEAT
2026-09-04T04:48:09.040Z HEARTBEAT
2026-09-04T04:53:09.045Z HEARTBEAT
2026-09-04T04:55:42.419Z cycle: 19 pending, 1 due
2026-09-04T04:55:43.111Z OK 钻头 物资已刷新 (201)
2026-09-04T04:58:09.058Z HEARTBEAT
2026-09-04T05:03:09.069Z HEARTBEAT
2026-09-04T05:08:09.079Z HEARTBEAT
2026-09-04T05:13:09.080Z HEARTBEAT
2026-09-04T05:18:09.080Z HEARTBEAT
2026-09-04T05:23:09.094Z HEARTBEAT
2026-09-04T05:28:09.103Z HEARTBEAT
2026-09-04T05:33:09.117Z HEARTBEAT
2026-09-04T05:38:09.116Z HEARTBEAT
2026-09-04T05:43:09.126Z HEARTBEAT
2026-09-04T05:48:09.125Z HEARTBEAT
2026-09-04T05:52:43.146Z cycle: 18 pending, 1 due
2026-09-04T05:52:43.847Z OK 大贝壳 已停止刷新 (201)
2026-09-04T05:53:09.136Z HEARTBEAT
2026-09-04T05:58:09.147Z HEARTBEAT
2026-09-04T06:03:09.161Z HEARTBEAT
2026-09-04T06:06:14.024Z cycle: 17 pending, 1 due
2026-09-04T06:06:14.713Z OK 水猴子 刷新时间已到 (201)
2026-09-04T06:08:09.165Z HEARTBEAT
2026-09-04T06:13:09.177Z HEARTBEAT
2026-09-04T06:18:09.182Z HEARTBEAT
2026-09-04T06:20:13.468Z cycle: 16 pending, 1 due
2026-09-04T06:20:14.134Z OK 龟壳珍宝 已停止刷新 (201)
2026-09-04T06:23:09.184Z HEARTBEAT
2026-09-04T06:28:09.193Z HEARTBEAT
2026-09-04T06:33:09.201Z HEARTBEAT
2026-09-04T06:38:09.204Z HEARTBEAT
2026-09-04T06:43:09.205Z HEARTBEAT
2026-09-04T06:48:09.210Z HEARTBEAT
2026-09-04T06:53:09.224Z HEARTBEAT
2026-09-04T06:58:09.238Z HEARTBEAT
2026-09-04T07:02:48.874Z cycle: 15 pending, 1 due
2026-09-04T07:02:50.048Z OK 水猴子 刷新时间已到 (201)
2026-09-04T07:03:09.249Z HEARTBEAT
2026-09-04T07:08:09.258Z HEARTBEAT
2026-09-04T07:13:09.271Z HEARTBEAT
2026-09-04T07:18:09.276Z HEARTBEAT
2026-09-04T07:18:14.180Z cycle: 14 pending, 1 due
2026-09-04T07:18:14.799Z OK 芙蕾雅宝箱 已停止刷新 (201)
2026-09-04T07:23:09.286Z HEARTBEAT
2026-09-04T07:28:09.295Z HEARTBEAT
2026-09-04T07:33:09.303Z HEARTBEAT
2026-09-04T07:38:09.317Z HEARTBEAT
2026-09-04T07:43:09.316Z HEARTBEAT
2026-09-04T07:48:09.317Z HEARTBEAT
2026-09-04T07:53:09.325Z HEARTBEAT
2026-09-04T07:58:09.338Z HEARTBEAT
2026-09-04T08:03:09.350Z HEARTBEAT
2026-09-04T08:08:09.351Z HEARTBEAT
2026-09-04T08:13:09.355Z HEARTBEAT
2026-09-04T08:18:09.355Z HEARTBEAT
2026-09-04T08:23:09.360Z HEARTBEAT
2026-09-04T08:28:09.371Z HEARTBEAT
2026-09-04T08:33:09.377Z HEARTBEAT
2026-09-04T08:38:09.392Z HEARTBEAT
2026-09-04T08:38:45.351Z cycle: 12 pending, 1 due
2026-09-04T08:38:46.178Z OK 龟壳珍宝 分身6 已停止刷新 (201)
2026-09-04T08:43:09.399Z HEARTBEAT
2026-09-04T08:48:09.411Z HEARTBEAT
2026-09-04T08:53:09.419Z HEARTBEAT
2026-09-04T08:58:09.423Z HEARTBEAT
2026-09-04T09:03:09.428Z HEARTBEAT
2026-09-04T09:08:09.434Z HEARTBEAT
2026-09-04T09:13:09.440Z HEARTBEAT
2026-09-04T09:18:09.448Z HEARTBEAT
2026-09-04T09:23:09.462Z HEARTBEAT
2026-09-04T09:28:09.469Z HEARTBEAT
2026-09-04T09:33:09.480Z HEARTBEAT
2026-09-04T09:38:09.484Z HEARTBEAT
2026-09-04T09:43:09.490Z HEARTBEAT
2026-09-04T09:48:09.493Z HEARTBEAT
2026-09-04T09:53:09.509Z HEARTBEAT
2026-09-04T09:58:09.522Z HEARTBEAT
2026-09-04T10:03:09.537Z HEARTBEAT
2026-09-04T10:08:09.547Z HEARTBEAT
2026-09-04T10:13:09.557Z HEARTBEAT
2026-09-04T10:18:09.557Z HEARTBEAT
2026-09-04T10:23:09.567Z HEARTBEAT
2026-09-04T10:27:47.085Z cycle: 12 pending, 1 due
2026-09-04T10:27:47.730Z OK 松露 物资已刷新 (201)
2026-09-04T10:28:09.574Z HEARTBEAT
2026-09-04T10:33:09.590Z HEARTBEAT
2026-09-04T10:38:09.594Z HEARTBEAT
2026-09-04T10:43:09.606Z HEARTBEAT
2026-09-04T10:48:09.619Z HEARTBEAT
2026-09-04T10:53:09.628Z HEARTBEAT
2026-09-04T10:58:09.637Z HEARTBEAT
2026-09-04T11:02:47.567Z cycle: 11 pending, 1 due
2026-09-04T11:02:48.237Z OK 水猴子 已停止刷新 (201)
2026-09-04T11:03:09.648Z HEARTBEAT
2026-09-04T11:08:09.655Z HEARTBEAT
2026-09-04T11:13:09.666Z HEARTBEAT
2026-09-04T11:18:09.667Z HEARTBEAT
2026-09-04T11:23:09.679Z HEARTBEAT
2026-09-04T11:28:09.690Z HEARTBEAT
2026-09-04T11:33:09.696Z HEARTBEAT
2026-09-04T11:38:09.700Z HEARTBEAT
2026-09-04T11:43:09.700Z HEARTBEAT
2026-09-04T11:48:09.710Z HEARTBEAT
2026-09-04T11:53:09.716Z HEARTBEAT
2026-09-04T11:58:09.723Z HEARTBEAT
2026-09-04T12:03:09.736Z HEARTBEAT
2026-09-04T12:08:09.750Z HEARTBEAT
2026-09-04T12:13:09.759Z HEARTBEAT
2026-09-04T12:18:09.772Z HEARTBEAT
2026-09-04T12:23:09.775Z HEARTBEAT
2026-09-04T12:28:09.775Z HEARTBEAT
2026-09-04T12:33:09.788Z HEARTBEAT
2026-09-04T12:38:09.802Z HEARTBEAT
2026-09-04T12:43:09.816Z HEARTBEAT
2026-09-04T12:48:09.825Z HEARTBEAT
2026-09-04T12:53:09.829Z HEARTBEAT
2026-09-04T12:58:09.835Z HEARTBEAT
2026-09-04T13:03:09.839Z HEARTBEAT
2026-09-04T13:08:09.844Z HEARTBEAT
2026-09-04T13:13:09.844Z HEARTBEAT
2026-09-04T13:18:09.856Z HEARTBEAT
2026-09-04T13:23:09.862Z HEARTBEAT
2026-09-04T13:28:09.874Z HEARTBEAT
2026-09-04T13:33:09.888Z HEARTBEAT
2026-09-04T13:38:09.890Z HEARTBEAT
2026-09-04T13:43:09.901Z HEARTBEAT
2026-09-04T13:48:09.903Z HEARTBEAT
2026-09-04T13:53:09.917Z HEARTBEAT
2026-09-04T13:58:09.933Z HEARTBEAT
2026-09-04T14:03:09.939Z HEARTBEAT
2026-09-04T14:08:09.945Z HEARTBEAT
2026-09-04T14:13:09.953Z HEARTBEAT
2026-09-04T14:18:09.953Z HEARTBEAT
2026-09-04T14:23:09.965Z HEARTBEAT
2026-09-04T14:28:09.977Z HEARTBEAT
2026-09-04T14:28:20.622Z cycle: 14 pending, 1 due
2026-09-04T14:28:21.282Z OK 龟壳珍宝 刷新时间已到 (201)
2026-09-04T14:33:09.986Z HEARTBEAT
2026-09-04T14:38:09.990Z HEARTBEAT
2026-09-04T14:43:10.004Z HEARTBEAT
2026-09-04T14:48:10.007Z HEARTBEAT
2026-09-04T14:53:10.017Z HEARTBEAT
2026-09-04T14:58:10.017Z HEARTBEAT
2026-09-04T15:03:10.022Z HEARTBEAT
2026-09-04T15:08:10.030Z HEARTBEAT
2026-09-04T15:13:10.034Z HEARTBEAT
2026-09-04T15:18:10.042Z HEARTBEAT
2026-09-04T15:23:10.043Z HEARTBEAT
2026-09-04T15:23:21.644Z cycle: 13 pending, 1 due
2026-09-04T15:23:22.769Z OK 暴动矿源虫 刷新时间已到 (201)
2026-09-04T15:28:10.047Z HEARTBEAT
2026-09-04T15:33:10.051Z HEARTBEAT
2026-09-04T15:38:10.060Z HEARTBEAT
2026-09-04T15:43:10.062Z HEARTBEAT
2026-09-04T15:48:10.068Z HEARTBEAT
2026-09-04T15:53:10.080Z HEARTBEAT
2026-09-04T15:58:10.090Z HEARTBEAT
2026-09-04T16:03:10.099Z HEARTBEAT
2026-09-04T16:08:10.102Z HEARTBEAT
2026-09-04T16:13:10.108Z HEARTBEAT
2026-09-04T16:18:10.108Z HEARTBEAT
2026-09-04T16:23:10.110Z HEARTBEAT
2026-09-04T16:28:10.123Z HEARTBEAT
2026-09-04T16:33:10.137Z HEARTBEAT
2026-09-04T16:38:10.141Z HEARTBEAT
2026-09-04T16:43:10.156Z HEARTBEAT
2026-09-04T16:48:10.165Z HEARTBEAT
2026-09-04T16:53:10.165Z HEARTBEAT
2026-09-04T16:58:10.170Z HEARTBEAT
2026-09-04T17:03:10.176Z HEARTBEAT
2026-09-04T17:08:10.183Z HEARTBEAT
2026-09-04T17:13:10.184Z HEARTBEAT
2026-09-04T17:18:10.183Z HEARTBEAT
2026-09-04T17:23:10.185Z HEARTBEAT
2026-09-04T17:23:22.773Z cycle: 12 pending, 1 due
2026-09-04T17:23:23.579Z OK 暴动矿源虫 已停止刷新 (201)
2026-09-04T17:28:10.184Z HEARTBEAT
2026-09-04T17:33:10.185Z HEARTBEAT
2026-09-04T17:38:10.184Z HEARTBEAT
2026-09-04T17:43:10.184Z HEARTBEAT
2026-09-04T17:48:10.185Z HEARTBEAT
2026-09-04T17:53:10.187Z HEARTBEAT
2026-09-04T17:58:10.187Z HEARTBEAT
2026-09-04T18:03:10.187Z HEARTBEAT
2026-09-04T18:08:10.188Z HEARTBEAT
2026-09-04T18:13:10.187Z HEARTBEAT
2026-09-04T18:18:10.188Z HEARTBEAT
2026-09-04T18:23:10.190Z HEARTBEAT
2026-09-04T18:28:10.190Z HEARTBEAT
2026-09-04T18:28:22.831Z cycle: 11 pending, 1 due
2026-09-04T18:28:23.693Z OK 龟壳珍宝 已停止刷新 (201)
2026-09-04T18:33:10.192Z HEARTBEAT
2026-09-04T18:38:10.191Z HEARTBEAT
2026-09-04T18:43:10.191Z HEARTBEAT
2026-09-04T18:48:10.192Z HEARTBEAT
2026-09-04T18:53:10.192Z HEARTBEAT
2026-09-04T18:58:10.193Z HEARTBEAT
2026-09-04T19:03:10.194Z HEARTBEAT
2026-09-04T19:08:10.195Z HEARTBEAT
2026-09-04T19:13:10.196Z HEARTBEAT
2026-09-04T19:18:10.197Z HEARTBEAT
2026-09-04T19:23:10.197Z HEARTBEAT
2026-09-04T19:28:10.198Z HEARTBEAT
2026-09-04T19:33:10.198Z HEARTBEAT
2026-09-04T19:38:10.201Z HEARTBEAT
2026-09-04T19:43:10.200Z HEARTBEAT
2026-09-04T19:48:10.201Z HEARTBEAT
2026-09-04T19:53:10.201Z HEARTBEAT
2026-09-04T19:58:10.200Z HEARTBEAT
2026-09-04T20:03:10.201Z HEARTBEAT
2026-09-04T20:08:10.201Z HEARTBEAT
2026-09-04T20:13:10.203Z HEARTBEAT
2026-09-04T20:18:10.206Z HEARTBEAT
2026-09-04T20:23:10.206Z HEARTBEAT
2026-09-04T20:28:10.206Z HEARTBEAT
2026-09-04T20:33:10.207Z HEARTBEAT
2026-09-04T20:38:10.207Z HEARTBEAT
2026-09-05T04:29:02.288Z === daemon starting ===
2026-09-05T04:29:02.292Z push daemon started (single instance)
2026-09-05T04:29:34.504Z cycle: 18 pending, 1 due
2026-09-05T04:29:35.650Z OK 聚变矿源虫 刷新时间已到 (201)
2026-09-05T04:30:32.903Z cycle: 15 pending, 1 due
2026-09-05T04:30:33.691Z OK 聚变矿源虫 已停止刷新 (201)
2026-09-05T04:34:02.303Z HEARTBEAT
2026-09-05T04:39:02.315Z HEARTBEAT
2026-09-05T04:44:02.325Z HEARTBEAT
2026-09-05T04:44:33.386Z cycle: 14 pending, 1 due
2026-09-05T04:44:35.268Z OK 龟壳珍宝 已停止刷新 (201)
2026-09-05T04:49:02.330Z HEARTBEAT
2026-09-05T04:54:02.335Z HEARTBEAT
2026-09-05T04:59:02.335Z HEARTBEAT
2026-09-05T05:04:02.335Z HEARTBEAT
2026-09-05T05:09:02.335Z HEARTBEAT
2026-09-05T05:14:02.336Z HEARTBEAT
2026-09-05T05:19:02.337Z HEARTBEAT
2026-09-05T05:24:02.337Z HEARTBEAT
2026-09-05T05:28:03.724Z cycle: 16 pending, 1 due
2026-09-05T05:28:04.576Z OK 钻头 物资已刷新 (201)
2026-09-05T05:29:02.337Z HEARTBEAT
2026-09-05T05:34:02.337Z HEARTBEAT
2026-09-05T05:39:02.338Z HEARTBEAT
2026-09-05T05:44:02.338Z HEARTBEAT
2026-09-05T05:49:02.338Z HEARTBEAT
2026-09-05T05:54:02.338Z HEARTBEAT
2026-09-05T05:59:02.338Z HEARTBEAT
2026-09-05T06:04:02.341Z HEARTBEAT
2026-09-05T06:09:02.341Z HEARTBEAT
2026-09-05T06:09:33.935Z cycle: 16 pending, 1 due
2026-09-05T06:09:35.016Z OK 龟壳珍宝 刷新时间已到 (201)
2026-09-05T06:14:02.341Z HEARTBEAT
2026-09-05T06:19:02.342Z HEARTBEAT
2026-09-05T06:20:37.932Z cycle: 15 pending, 1 due
2026-09-05T06:20:38.617Z OK 苍穹幻龙 刷新时间已到 (201)
2026-09-05T06:24:02.342Z HEARTBEAT
2026-09-05T06:29:02.341Z HEARTBEAT
2026-09-05T06:34:02.347Z HEARTBEAT
2026-09-05T06:39:02.355Z HEARTBEAT
2026-09-05T06:44:02.365Z HEARTBEAT
2026-09-05T06:48:03.930Z cycle: 16 pending, 1 due
2026-09-05T06:48:04.774Z OK 真龙宝藏 刷新时间已到 (201)
2026-09-05T06:49:02.372Z HEARTBEAT
2026-09-05T06:54:02.387Z HEARTBEAT
2026-09-05T06:59:02.399Z HEARTBEAT
2026-09-05T07:04:02.411Z HEARTBEAT
2026-09-05T07:09:02.419Z HEARTBEAT
2026-09-05T07:14:02.423Z HEARTBEAT
2026-09-05T07:19:02.429Z HEARTBEAT
2026-09-05T07:24:02.444Z HEARTBEAT
2026-09-05T07:29:02.458Z HEARTBEAT
2026-09-05T07:34:02.465Z HEARTBEAT
2026-09-05T07:39:02.474Z HEARTBEAT
2026-09-05T07:44:02.479Z HEARTBEAT
2026-09-05T07:47:34.556Z cycle: 15 pending, 1 due
2026-09-05T07:47:35.336Z OK 真龙宝藏 刷新时间已到 (201)
2026-09-05T07:49:02.480Z HEARTBEAT
2026-09-05T07:54:02.484Z HEARTBEAT
2026-09-05T07:59:02.490Z HEARTBEAT
2026-09-05T08:04:02.490Z HEARTBEAT
2026-09-05T08:09:02.497Z HEARTBEAT
2026-09-05T08:14:02.501Z HEARTBEAT
2026-09-05T08:19:02.505Z HEARTBEAT
2026-09-05T08:24:02.518Z HEARTBEAT
2026-09-05T08:29:02.520Z HEARTBEAT
2026-09-05T08:34:02.530Z HEARTBEAT
2026-09-05T08:37:34.989Z cycle: 25 pending, 1 due
2026-09-05T08:37:35.845Z OK 龟壳珍宝 分身2 刷新时间已到 (201)
2026-09-05T08:39:02.543Z HEARTBEAT
2026-09-05T08:44:02.543Z HEARTBEAT
2026-09-05T08:49:02.552Z HEARTBEAT
2026-09-05T08:54:02.558Z HEARTBEAT
2026-09-05T08:59:02.568Z HEARTBEAT
2026-09-05T09:04:02.571Z HEARTBEAT
2026-09-05T09:09:02.575Z HEARTBEAT
2026-09-05T09:14:02.582Z HEARTBEAT
2026-09-05T09:19:02.597Z HEARTBEAT
2026-09-05T09:24:02.600Z HEARTBEAT
2026-09-05T09:29:02.609Z HEARTBEAT
2026-09-05T09:34:02.617Z HEARTBEAT
2026-09-05T09:39:02.619Z HEARTBEAT
2026-09-05T09:44:02.620Z HEARTBEAT
2026-09-05T09:49:02.620Z HEARTBEAT
2026-09-05T09:54:02.624Z HEARTBEAT
2026-09-05T09:59:02.630Z HEARTBEAT
2026-09-05T10:04:02.633Z HEARTBEAT
2026-09-05T10:09:02.645Z HEARTBEAT
2026-09-05T10:09:36.563Z cycle: 24 pending, 1 due
2026-09-05T10:09:37.243Z OK 龟壳珍宝 已停止刷新 (201)
2026-09-05T10:14:02.650Z HEARTBEAT
2026-09-05T10:19:02.656Z HEARTBEAT
2026-09-05T10:24:02.660Z HEARTBEAT
2026-09-05T10:24:10.569Z cycle: 23 pending, 1 due
2026-09-05T10:24:11.252Z OK 芙蕾雅宝箱 刷新时间已到 (201)
2026-09-05T10:29:02.661Z HEARTBEAT
2026-09-05T10:34:02.676Z HEARTBEAT
2026-09-05T10:39:02.685Z HEARTBEAT
2026-09-05T10:44:02.700Z HEARTBEAT
2026-09-05T10:48:11.150Z cycle: 22 pending, 1 due
2026-09-05T10:48:11.768Z OK 真龙宝藏 已停止刷新 (201)
2026-09-05T10:49:02.714Z HEARTBEAT
2026-09-05T10:54:02.724Z HEARTBEAT
2026-09-05T10:59:02.734Z HEARTBEAT
2026-09-05T11:04:02.749Z HEARTBEAT
2026-09-05T11:09:02.750Z HEARTBEAT
2026-09-05T11:14:02.764Z HEARTBEAT
2026-09-05T11:19:02.775Z HEARTBEAT
2026-09-05T11:24:02.780Z HEARTBEAT
2026-09-05T11:29:02.785Z HEARTBEAT
2026-09-05T11:34:02.799Z HEARTBEAT
2026-09-05T11:39:02.801Z HEARTBEAT
2026-09-05T11:44:02.804Z HEARTBEAT
2026-09-05T11:49:27.813Z === daemon starting ===
2026-09-05T11:49:27.824Z push daemon started (single instance)
2026-09-05T11:59:42.877Z === daemon starting ===
2026-09-05T11:59:42.916Z push daemon started (single instance)
2026-09-05T12:04:42.914Z HEARTBEAT
2026-09-05T12:05:13.547Z cycle: 29 pending, 1 due
2026-09-05T12:05:14.391Z OK 暴动矿源虫 刷新时间已到 (201)
2026-09-05T12:09:42.917Z HEARTBEAT
2026-09-05T12:14:42.923Z HEARTBEAT
2026-09-05T12:19:42.925Z HEARTBEAT
2026-09-05T12:23:15.360Z === daemon starting ===
2026-09-05T12:23:15.370Z push daemon started (single instance)
2026-09-05T12:23:46.391Z cycle: 34 pending, 1 due
2026-09-05T12:23:46.991Z OK 勇猛勋章 刷新时间已到 (201)
2026-09-05T12:24:19.785Z cycle: 33 pending, 2 due
2026-09-05T12:24:21.305Z OK 暴动矿源虫 分身4 刷新时间已到 (201)
2026-09-05T12:24:21.702Z OK 暴动矿源虫 分身1 刷新时间已到 (201)
2026-09-05T12:28:15.372Z HEARTBEAT
2026-09-05T12:28:49.884Z cycle: 31 pending, 1 due
2026-09-05T12:28:50.774Z OK 暴动矿源虫 分身5 刷新时间已到 (201)
2026-09-05T12:33:15.384Z HEARTBEAT
2026-09-05T12:37:45.956Z cycle: 30 pending, 1 due
2026-09-05T12:37:46.557Z OK 龟壳珍宝 分身2 已停止刷新 (201)
2026-09-05T12:38:15.392Z HEARTBEAT
2026-09-05T12:43:15.395Z HEARTBEAT
2026-09-05T12:48:15.395Z HEARTBEAT
2026-09-05T12:53:15.409Z HEARTBEAT
2026-09-05T12:53:46.271Z cycle: 29 pending, 1 due
2026-09-05T12:53:47.594Z OK 真龙宝藏 刷新时间已到 (201)
2026-09-05T12:58:15.419Z HEARTBEAT
2026-09-05T13:03:15.424Z HEARTBEAT
2026-09-05T13:08:15.427Z HEARTBEAT
2026-09-05T13:13:15.434Z HEARTBEAT
2026-09-05T13:18:15.444Z HEARTBEAT
2026-09-05T13:23:15.449Z HEARTBEAT
2026-09-05T13:28:15.453Z HEARTBEAT
2026-09-05T13:31:47.233Z cycle: 32 pending, 1 due
2026-09-05T13:31:48.051Z OK 天空岛精英怪 刷新时间已到 (201)
2026-09-05T13:32:57.197Z fetch retry 1: fetch failed
2026-09-05T13:33:07.899Z fetch retry 2: fetch failed
2026-09-05T13:33:15.459Z HEARTBEAT
2026-09-05T13:33:27.151Z fetch retry 1: fetch failed
2026-09-05T13:33:37.877Z fetch retry 2: fetch failed
2026-09-05T13:33:46.443Z SKIP: previous cycle still running
2026-09-05T13:33:48.614Z LOOP ERROR: fetch failed
2026-09-05T13:34:27.147Z fetch retry 1: fetch failed
2026-09-05T13:34:37.881Z fetch retry 2: fetch failed
2026-09-05T13:38:15.474Z HEARTBEAT
2026-09-05T13:43:15.478Z HEARTBEAT
2026-09-05T13:48:15.484Z HEARTBEAT
2026-09-05T13:53:15.485Z HEARTBEAT
2026-09-05T13:58:15.494Z HEARTBEAT
2026-09-05T13:59:57.567Z fetch retry 1: fetch failed
2026-09-05T14:00:08.266Z fetch retry 2: fetch failed
2026-09-05T14:00:16.857Z SKIP: previous cycle still running
2026-09-05T14:00:18.994Z LOOP ERROR: fetch failed
2026-09-05T14:03:15.499Z HEARTBEAT
2026-09-05T14:08:15.500Z HEARTBEAT
2026-09-05T14:09:47.637Z cycle: 28 pending, 1 due
2026-09-05T14:09:48.284Z OK 龟壳珍宝 刷新时间已到 (201)
2026-09-05T14:13:15.506Z HEARTBEAT
2026-09-05T14:16:51.813Z cycle: 28 pending, 1 due
2026-09-05T14:16:52.794Z OK 芙蕾雅宝箱 刷新时间已到 (201)
2026-09-05T14:17:51.629Z cycle: 27 pending, 1 due
2026-09-05T14:17:52.856Z OK 芙蕾雅宝箱 分身2 刷新时间已到 (201)
2026-09-05T14:18:15.510Z HEARTBEAT
2026-09-05T14:23:15.515Z HEARTBEAT
2026-09-05T14:24:21.652Z cycle: 26 pending, 1 due
2026-09-05T14:24:22.891Z OK 芙蕾雅宝箱 已停止刷新 (201)
2026-09-05T14:28:15.522Z HEARTBEAT
2026-09-05T14:32:47.823Z cycle: 25 pending, 1 due
2026-09-05T14:32:48.747Z OK 小型法师 刷新时间已到 (201)
2026-09-05T14:33:15.527Z HEARTBEAT
2026-09-05T14:38:15.542Z HEARTBEAT
2026-09-05T14:43:15.546Z HEARTBEAT
2026-09-05T14:48:15.558Z HEARTBEAT
2026-09-05T14:48:48.040Z cycle: 24 pending, 1 due
2026-09-05T14:48:48.825Z OK 暴动矿源虫 分身2 刷新时间已到 (201)
2026-09-05T14:53:15.573Z HEARTBEAT
2026-09-05T14:56:18.146Z cycle: 23 pending, 1 due
2026-09-05T14:56:18.752Z OK 龟壳珍宝 刷新时间已到 (201)
2026-09-05T14:58:15.578Z HEARTBEAT
2026-09-05T15:03:15.585Z HEARTBEAT
2026-09-05T15:08:15.591Z HEARTBEAT
2026-09-05T15:13:15.607Z HEARTBEAT
2026-09-05T15:18:15.614Z HEARTBEAT
2026-09-05T15:23:15.624Z HEARTBEAT
2026-09-05T15:28:15.638Z HEARTBEAT
2026-09-05T15:29:48.737Z cycle: 24 pending, 1 due
2026-09-05T15:29:49.658Z OK 天空岛精英怪 刷新时间已到 (201)
2026-09-05T15:30:49.342Z cycle: 23 pending, 1 due
2026-09-05T15:30:50.320Z OK 天空岛精英怪 已停止刷新 (201)
2026-09-05T15:33:15.642Z HEARTBEAT
2026-09-05T15:35:18.807Z cycle: 22 pending, 1 due
2026-09-05T15:35:20.987Z OK 钻头 物资已刷新 (201)
2026-09-05T15:38:15.651Z HEARTBEAT
2026-09-05T15:42:49.247Z cycle: 25 pending, 1 due
2026-09-05T15:42:49.871Z OK 龟壳珍宝 分身9 刷新时间已到 (201)
2026-09-05T15:43:15.663Z HEARTBEAT
2026-09-05T15:48:15.669Z HEARTBEAT
2026-09-05T15:53:15.674Z HEARTBEAT
2026-09-05T15:58:15.675Z HEARTBEAT
2026-09-05T16:03:15.689Z HEARTBEAT
2026-09-05T16:08:15.691Z HEARTBEAT
2026-09-05T16:13:15.703Z HEARTBEAT
2026-09-05T16:18:15.706Z HEARTBEAT
2026-09-05T16:22:49.700Z cycle: 24 pending, 1 due
2026-09-05T16:22:51.684Z OK 勇猛勋章 已停止刷新 (201)
2026-09-05T16:23:15.712Z HEARTBEAT
2026-09-05T16:28:15.712Z HEARTBEAT
2026-09-05T16:33:15.720Z HEARTBEAT
2026-09-05T16:38:15.732Z HEARTBEAT
2026-09-05T16:43:15.738Z HEARTBEAT
2026-09-05T16:48:15.741Z HEARTBEAT
2026-09-05T16:53:15.742Z HEARTBEAT
2026-09-05T16:53:50.565Z cycle: 25 pending, 1 due
2026-09-05T16:53:51.579Z OK 真龙宝藏 已停止刷新 (201)
2026-09-05T16:58:15.753Z HEARTBEAT
2026-09-05T17:03:15.760Z HEARTBEAT
2026-09-05T17:08:15.760Z HEARTBEAT
2026-09-05T17:13:15.773Z HEARTBEAT
2026-09-05T17:18:15.778Z HEARTBEAT
2026-09-05T17:23:15.789Z HEARTBEAT
2026-09-05T17:28:15.792Z HEARTBEAT
2026-09-05T17:33:15.795Z HEARTBEAT
2026-09-05T17:38:15.803Z HEARTBEAT
2026-09-05T17:39:20.596Z cycle: 26 pending, 1 due
2026-09-05T17:39:21.306Z OK 噬星兽 物资已刷新 (201)
2026-09-05T17:41:21.252Z cycle: 25 pending, 1 due
2026-09-05T17:41:21.942Z OK 龟壳珍宝 刷新时间已到 (201)
2026-09-05T17:43:15.811Z HEARTBEAT
2026-09-05T17:48:15.820Z HEARTBEAT
2026-09-05T17:53:15.835Z HEARTBEAT
2026-09-05T17:56:20.919Z cycle: 25 pending, 1 due
2026-09-05T17:56:22.996Z OK 小型法师 分身2 刷新时间已到 (201)
2026-09-05T17:58:15.839Z HEARTBEAT
2026-09-05T18:03:15.850Z HEARTBEAT
2026-09-05T18:08:15.862Z HEARTBEAT
2026-09-05T18:09:51.314Z cycle: 24 pending, 1 due
2026-09-05T18:09:52.911Z OK 龟壳珍宝 已停止刷新 (201)
2026-09-05T18:13:15.872Z HEARTBEAT
2026-09-05T18:16:51.232Z cycle: 23 pending, 1 due
2026-09-05T18:16:51.829Z OK 芙蕾雅宝箱 已停止刷新 (201)
2026-09-05T18:17:51.230Z cycle: 22 pending, 1 due
2026-09-05T18:17:51.813Z OK 芙蕾雅宝箱 分身2 已停止刷新 (201)
2026-09-05T18:18:15.885Z HEARTBEAT
2026-09-05T18:23:15.890Z HEARTBEAT
2026-09-05T18:28:15.896Z HEARTBEAT
2026-09-05T18:33:15.904Z HEARTBEAT
2026-09-05T18:38:15.907Z HEARTBEAT
2026-09-05T18:43:15.913Z HEARTBEAT
2026-09-05T18:48:15.919Z HEARTBEAT
2026-09-05T18:53:15.925Z HEARTBEAT
2026-09-05T18:58:15.941Z HEARTBEAT
2026-09-05T19:00:21.982Z cycle: 21 pending, 1 due
2026-09-05T19:00:22.539Z OK 芙蕾雅宝箱 刷新时间已到 (201)
2026-09-05T19:03:15.941Z HEARTBEAT
2026-09-05T19:05:52.255Z cycle: 20 pending, 1 due
2026-09-05T19:05:52.883Z OK 神酒 刷新时间已到 (201)
2026-09-05T19:08:15.953Z HEARTBEAT
2026-09-05T19:13:15.965Z HEARTBEAT
2026-09-05T19:18:15.968Z HEARTBEAT
2026-09-05T19:23:15.968Z HEARTBEAT
2026-09-05T19:28:15.971Z HEARTBEAT
2026-09-05T19:33:15.979Z HEARTBEAT
2026-09-05T19:38:15.980Z HEARTBEAT
2026-09-05T19:41:22.569Z cycle: 19 pending, 1 due
2026-09-05T19:41:23.174Z OK 水猴子 刷新时间已到 (201)
2026-09-05T19:42:57.038Z cycle: 18 pending, 1 due
2026-09-05T19:42:57.713Z OK 龟壳珍宝 分身9 已停止刷新 (201)
2026-09-05T19:43:15.990Z HEARTBEAT
2026-09-05T19:48:15.994Z HEARTBEAT
2026-09-05T19:52:56.954Z cycle: 17 pending, 1 due
2026-09-05T19:52:57.763Z OK 龟壳珍宝 刷新时间已到 (201)
2026-09-05T19:53:16.003Z HEARTBEAT
2026-09-05T19:58:16.004Z HEARTBEAT
2026-09-05T20:03:16.010Z HEARTBEAT
2026-09-05T20:08:16.018Z HEARTBEAT
2026-09-05T20:13:16.029Z HEARTBEAT
2026-09-05T20:18:16.029Z HEARTBEAT
2026-09-05T20:23:16.033Z HEARTBEAT
2026-09-06T02:05:56.941Z === daemon starting ===
2026-09-06T02:05:56.946Z push daemon started (single instance)
2026-09-06T02:10:56.949Z HEARTBEAT
2026-09-06T02:15:56.960Z HEARTBEAT
2026-09-06T02:20:56.968Z HEARTBEAT
2026-09-06T02:25:56.979Z HEARTBEAT
2026-09-06T02:30:56.981Z HEARTBEAT
2026-09-06T02:35:56.985Z HEARTBEAT
2026-09-06T02:40:56.992Z HEARTBEAT
2026-09-06T02:45:56.995Z HEARTBEAT
2026-09-06T02:50:56.997Z HEARTBEAT
2026-09-06T02:55:57.002Z HEARTBEAT
2026-09-06T03:00:57.016Z HEARTBEAT
2026-09-06T03:05:57.027Z HEARTBEAT
2026-09-06T03:10:57.035Z HEARTBEAT
2026-09-06T03:15:57.043Z HEARTBEAT
2026-09-06T03:19:58.693Z cycle: 19 pending, 1 due
2026-09-06T03:19:59.471Z OK 龟壳珍宝 刷新时间已到 (201)
2026-09-06T03:20:57.048Z HEARTBEAT
2026-09-06T03:25:57.062Z HEARTBEAT
2026-09-06T03:30:57.073Z HEARTBEAT
2026-09-06T03:35:57.086Z HEARTBEAT
2026-09-06T03:40:57.094Z HEARTBEAT
2026-09-06T03:45:57.107Z HEARTBEAT
2026-09-06T03:50:57.119Z HEARTBEAT
2026-09-06T03:55:57.121Z HEARTBEAT
2026-09-06T04:00:57.128Z HEARTBEAT
2026-09-06T04:05:57.131Z HEARTBEAT
2026-09-06T04:10:57.131Z HEARTBEAT
2026-09-06T04:15:57.136Z HEARTBEAT
2026-09-06T04:17:33.473Z cycle: 34 pending, 1 due
2026-09-06T04:17:34.358Z OK 黑曜石宝箱 刷新时间已到 (201)
2026-09-06T04:17:59.486Z cycle: 33 pending, 2 due
2026-09-06T04:18:00.123Z OK 黑曜石宝箱 分身2 刷新时间已到 (201)
2026-09-06T04:18:00.544Z OK 黑曜石宝箱 分身3 刷新时间已到 (201)
2026-09-06T04:19:29.326Z cycle: 37 pending, 1 due
2026-09-06T04:19:29.981Z OK 黑曜石宝箱 已停止刷新 (201)
2026-09-06T04:20:57.138Z HEARTBEAT
2026-09-06T04:25:57.140Z HEARTBEAT
2026-09-06T04:30:57.145Z HEARTBEAT
2026-09-06T04:35:57.147Z HEARTBEAT
2026-09-06T04:36:59.555Z cycle: 50 pending, 1 due
2026-09-06T04:37:00.250Z OK 黑曜石宝箱 刷新时间已到 (201)
2026-09-06T04:38:59.634Z cycle: 50 pending, 1 due
2026-09-06T04:39:00.309Z OK 黑曜石宝箱 已停止刷新 (201)
2026-09-06T04:40:57.150Z HEARTBEAT
2026-09-06T04:45:57.159Z HEARTBEAT
2026-09-06T04:47:29.738Z cycle: 50 pending, 2 due
2026-09-06T04:47:30.589Z OK 黑曜石宝箱 刷新时间已到 (201)
2026-09-06T04:47:31.058Z OK 芙蕾雅宝箱 刷新时间已到 (201)
2026-09-06T04:47:59.698Z cycle: 50 pending, 1 due
2026-09-06T04:48:00.283Z OK 黑曜石宝箱 分身4 刷新时间已到 (201)
2026-09-06T04:50:57.167Z HEARTBEAT
2026-09-06T04:55:57.177Z HEARTBEAT
2026-09-06T05:00:57.186Z HEARTBEAT
2026-09-06T05:05:57.200Z HEARTBEAT
2026-09-06T05:10:57.214Z HEARTBEAT
2026-09-06T05:15:57.216Z HEARTBEAT
2026-09-06T05:20:57.223Z HEARTBEAT
2026-09-06T05:25:57.223Z HEARTBEAT
2026-09-06T05:30:57.226Z HEARTBEAT
2026-09-06T05:35:57.236Z HEARTBEAT
2026-09-06T05:38:30.474Z cycle: 50 pending, 1 due
2026-09-06T05:38:31.147Z OK 从容花苞 刷新时间已到 (201)
2026-09-06T05:40:30.727Z cycle: 50 pending, 2 due
2026-09-06T05:40:31.604Z OK 暴动矿源虫 刷新时间已到 (201)
2026-09-06T05:40:31.985Z OK 暴动矿源虫 分身2 刷新时间已到 (201)
2026-09-06T05:40:57.240Z HEARTBEAT
2026-09-06T05:45:57.252Z HEARTBEAT
2026-09-06T05:50:57.255Z HEARTBEAT
2026-09-06T05:52:30.783Z cycle: 50 pending, 1 due
2026-09-06T05:52:31.517Z OK 附魔石宝箱 刷新时间已到 (201)
2026-09-06T05:55:57.256Z HEARTBEAT
2026-09-06T06:00:57.259Z HEARTBEAT
2026-09-06T06:05:57.261Z HEARTBEAT
2026-09-06T06:10:57.263Z HEARTBEAT
2026-09-06T06:15:57.267Z HEARTBEAT
2026-09-06T06:17:31.102Z cycle: 50 pending, 1 due
2026-09-06T06:17:31.758Z OK 真龙宝藏 刷新时间已到 (201)
2026-09-06T06:18:35.178Z cycle: 50 pending, 2 due
2026-09-06T06:18:35.869Z OK 黑曜石宝箱 分身1 刷新时间已到 (201)
2026-09-06T06:18:36.277Z OK 黑曜石宝箱 分身2 刷新时间已到 (201)
2026-09-06T06:19:01.130Z cycle: 50 pending, 1 due
2026-09-06T06:19:01.749Z OK 黑曜石宝箱 刷新时间已到 (201)
2026-09-06T06:19:31.091Z cycle: 50 pending, 2 due
2026-09-06T06:19:32.574Z OK 黑曜石宝箱 分身1 刷新时间已到 (201)
2026-09-06T06:19:33.137Z OK 黑曜石宝箱 分身2 刷新时间已到 (201)
2026-09-06T06:20:57.275Z HEARTBEAT
2026-09-06T06:21:01.130Z cycle: 50 pending, 1 due
2026-09-06T06:21:01.813Z OK 黑曜石宝箱 分身2 刷新时间已到 (201)
2026-09-06T06:21:31.041Z cycle: 50 pending, 1 due
2026-09-06T06:21:31.591Z OK 黑曜石宝箱 分身2 刷新时间已到 (201)
2026-09-06T06:22:31.100Z cycle: 50 pending, 1 due
2026-09-06T06:22:32.337Z OK 黑曜石宝箱 分身3 刷新时间已到 (201)
2026-09-06T06:25:57.279Z HEARTBEAT
2026-09-06T06:30:57.287Z HEARTBEAT
2026-09-06T06:31:31.456Z cycle: 50 pending, 1 due
2026-09-06T06:31:32.136Z OK 黑曜石宝箱 刷新时间已到 (201)
2026-09-06T06:32:01.344Z cycle: 50 pending, 1 due
2026-09-06T06:32:01.887Z OK 黑曜石宝箱 分身4 刷新时间已到 (201)
2026-09-06T06:35:57.287Z HEARTBEAT
2026-09-06T06:38:31.583Z cycle: 50 pending, 1 due
2026-09-06T06:38:32.229Z OK 从容花苞 已停止刷新 (201)
2026-09-06T06:39:05.521Z cycle: 50 pending, 1 due
2026-09-06T06:39:07.383Z OK 小型法师 刷新时间已到 (201)
2026-09-06T06:40:57.289Z HEARTBEAT
2026-09-06T06:42:35.712Z cycle: 50 pending, 1 due
2026-09-06T06:42:36.364Z OK 小型法师 分身2 刷新时间已到 (201)
2026-09-06T06:45:05.502Z cycle: 50 pending, 1 due
2026-09-06T06:45:06.168Z OK 小型法师 分身3 刷新时间已到 (201)
2026-09-06T06:45:57.296Z HEARTBEAT
2026-09-06T06:48:31.837Z cycle: 50 pending, 1 due
2026-09-06T06:48:33.051Z OK 小型法师 分身4 刷新时间已到 (201)
2026-09-06T06:50:35.577Z cycle: 49 pending, 1 due
2026-09-06T06:50:36.215Z OK 黑曜石宝箱 刷新时间已到 (201)
2026-09-06T06:50:57.296Z HEARTBEAT
2026-09-06T06:53:05.761Z cycle: 48 pending, 1 due
2026-09-06T06:53:06.694Z OK 小型法师 分身6 刷新时间已到 (201)
2026-09-06T06:55:57.297Z HEARTBEAT
2026-09-06T06:57:05.788Z cycle: 48 pending, 1 due
2026-09-06T06:57:07.395Z OK 小型法师 分身8 刷新时间已到 (201)
2026-09-06T07:00:57.309Z HEARTBEAT
2026-09-06T07:05:57.312Z HEARTBEAT
2026-09-06T07:10:31.762Z cycle: 50 pending, 1 due
2026-09-06T07:10:33.782Z OK 聚变矿源虫 刷新时间已到 (201)
2026-09-06T07:10:57.316Z HEARTBEAT
2026-09-06T07:15:57.324Z HEARTBEAT
2026-09-06T07:20:01.967Z cycle: 50 pending, 1 due
2026-09-06T07:20:04.232Z OK 龟壳珍宝 已停止刷新 (201)
2026-09-06T07:20:57.325Z HEARTBEAT
2026-09-06T07:22:32.476Z cycle: 49 pending, 1 due
2026-09-06T07:22:33.290Z OK 芙蕾雅宝箱 刷新时间已到 (201)
2026-09-06T07:25:57.335Z HEARTBEAT
2026-09-06T07:30:57.345Z HEARTBEAT
2026-09-06T07:34:02.424Z cycle: 48 pending, 1 due
2026-09-06T07:34:03.272Z OK 瓦雷亚宝箱 刷新时间已到 (201)
2026-09-06T07:35:32.139Z cycle: 47 pending, 1 due
2026-09-06T07:35:32.775Z OK 黑曜石宝箱 物资已刷新 (201)
2026-09-06T07:35:57.358Z HEARTBEAT
2026-09-06T07:37:32.390Z cycle: 46 pending, 1 due
2026-09-06T07:37:34.346Z OK 黑曜石宝箱 物资已刷新 (201)
2026-09-06T07:39:06.237Z cycle: 45 pending, 1 due
2026-09-06T07:39:06.938Z OK 小型法师 已停止刷新 (201)
2026-09-06T07:40:57.370Z HEARTBEAT
2026-09-06T07:42:02.294Z cycle: 44 pending, 1 due
2026-09-06T07:42:03.006Z OK 小型法师 分身2 已停止刷新 (201)
2026-09-06T07:45:02.420Z cycle: 43 pending, 1 due
2026-09-06T07:45:03.497Z OK 小型法师 分身3 已停止刷新 (201)
2026-09-06T07:45:57.382Z HEARTBEAT
2026-09-06T07:48:32.441Z cycle: 42 pending, 1 due
2026-09-06T07:48:33.030Z OK 小型法师 分身4 已停止刷新 (201)
2026-09-06T07:50:57.394Z HEARTBEAT
2026-09-06T07:51:32.409Z cycle: 41 pending, 1 due
2026-09-06T07:51:33.269Z OK 龟壳珍宝 刷新时间已到 (201)
2026-09-06T07:52:32.447Z cycle: 40 pending, 1 due
2026-09-06T07:52:33.126Z OK 附魔石宝箱 已停止刷新 (201)
2026-09-06T07:53:02.476Z cycle: 39 pending, 1 due
2026-09-06T07:53:03.074Z OK 小型法师 分身6 已停止刷新 (201)
2026-09-06T07:55:57.403Z HEARTBEAT
2026-09-06T07:57:02.491Z cycle: 38 pending, 2 due
2026-09-06T07:57:03.323Z OK 钻头 物资已刷新 (201)
2026-09-06T07:57:03.793Z OK 小型法师 分身8 已停止刷新 (201)
2026-09-06T07:58:32.599Z cycle: 36 pending, 1 due
2026-09-06T07:58:33.291Z OK 从容花苞 刷新时间已到 (201)
2026-09-06T08:00:57.411Z HEARTBEAT
2026-09-06T08:05:57.425Z HEARTBEAT
2026-09-06T08:10:32.732Z cycle: 35 pending, 1 due
2026-09-06T08:10:34.445Z OK 聚变矿源虫 已停止刷新 (201)
2026-09-06T08:10:57.429Z HEARTBEAT
2026-09-06T08:15:57.444Z HEARTBEAT
2026-09-06T08:19:02.851Z cycle: 34 pending, 1 due
2026-09-06T08:19:03.562Z OK 黑曜石宝箱 已停止刷新 (201)
2026-09-06T08:20:57.447Z HEARTBEAT
2026-09-06T08:21:36.913Z cycle: 33 pending, 1 due
2026-09-06T08:21:37.559Z OK 黑曜石宝箱 分身2 已停止刷新 (201)
2026-09-06T08:22:37.105Z cycle: 32 pending, 1 due
2026-09-06T08:22:37.743Z OK 黑曜石宝箱 分身3 已停止刷新 (201)
2026-09-06T08:24:03.029Z cycle: 31 pending, 1 due
2026-09-06T08:24:04.765Z OK 瓦雷亚宝箱 刷新时间已到 (201)
2026-09-06T08:25:02.974Z cycle: 30 pending, 1 due
2026-09-06T08:25:03.612Z OK 瓦雷亚宝箱 分身3 刷新时间已到 (201)
2026-09-06T08:25:57.449Z HEARTBEAT
2026-09-06T08:30:57.451Z HEARTBEAT
2026-09-06T08:31:37.529Z cycle: 29 pending, 1 due
2026-09-06T08:31:38.139Z OK 黑曜石宝箱 已停止刷新 (201)
2026-09-06T08:35:57.461Z HEARTBEAT
2026-09-06T08:40:57.467Z HEARTBEAT
2026-09-06T08:45:57.481Z HEARTBEAT
2026-09-06T08:50:37.461Z cycle: 29 pending, 1 due
2026-09-06T08:50:38.268Z OK 黑曜石宝箱 已停止刷新 (201)
2026-09-06T08:50:57.486Z HEARTBEAT
2026-09-06T08:55:57.493Z HEARTBEAT
2026-09-06T09:00:57.495Z HEARTBEAT
2026-09-06T09:05:03.428Z cycle: 27 pending, 1 due
2026-09-06T09:05:04.247Z OK 钻头 分身5 物资已刷新 (201)
2026-09-06T09:05:57.501Z HEARTBEAT
2026-09-06T09:10:57.505Z HEARTBEAT
2026-09-06T09:12:03.585Z cycle: 26 pending, 1 due
2026-09-06T09:12:04.653Z OK 松露 刷新时间已到 (201)
2026-09-06T09:15:57.520Z HEARTBEAT
2026-09-06T09:20:57.521Z HEARTBEAT
2026-09-06T09:25:57.528Z HEARTBEAT
2026-09-06T09:30:57.531Z HEARTBEAT
2026-09-06T09:34:04.254Z cycle: 25 pending, 1 due
2026-09-06T09:34:06.058Z OK 瓦雷亚宝箱 已停止刷新 (201)
2026-09-06T09:35:57.547Z HEARTBEAT
2026-09-06T09:40:57.548Z HEARTBEAT
2026-09-06T09:45:57.550Z HEARTBEAT
2026-09-06T09:50:57.555Z HEARTBEAT
2026-09-06T09:55:57.562Z HEARTBEAT
2026-09-06T10:00:04.434Z cycle: 24 pending, 1 due
2026-09-06T10:00:05.351Z OK 神酒 刷新时间已到 (201)
2026-09-06T10:00:57.574Z HEARTBEAT
2026-09-06T10:05:57.580Z HEARTBEAT
2026-09-06T10:10:57.587Z HEARTBEAT
2026-09-06T10:15:57.596Z HEARTBEAT
2026-09-06T10:17:34.683Z cycle: 25 pending, 1 due
2026-09-06T10:17:35.321Z OK 真龙宝藏 已停止刷新 (201)
2026-09-06T10:20:57.603Z HEARTBEAT
2026-09-06T10:24:04.645Z cycle: 24 pending, 1 due
2026-09-06T10:24:05.272Z OK 瓦雷亚宝箱 已停止刷新 (201)
2026-09-06T10:25:04.787Z cycle: 23 pending, 1 due
2026-09-06T10:25:05.463Z OK 瓦雷亚宝箱 分身3 已停止刷新 (201)
2026-09-06T10:25:57.603Z HEARTBEAT
2026-09-06T10:30:57.610Z HEARTBEAT
2026-09-06T10:35:57.624Z HEARTBEAT
2026-09-06T10:39:38.871Z cycle: 22 pending, 1 due
2026-09-06T10:39:39.500Z OK 钻头 物资已刷新 (201)
2026-09-06T10:40:57.625Z HEARTBEAT
2026-09-06T10:45:57.629Z HEARTBEAT
2026-09-06T10:50:57.633Z HEARTBEAT
2026-09-06T10:55:57.637Z HEARTBEAT
2026-09-06T11:00:57.647Z HEARTBEAT
2026-09-06T11:04:35.207Z cycle: 22 pending, 1 due
2026-09-06T11:04:35.895Z OK 暴动矿源虫 刷新时间已到 (201)
2026-09-06T11:05:57.648Z HEARTBEAT
2026-09-06T11:10:57.648Z HEARTBEAT
2026-09-06T11:12:05.394Z cycle: 21 pending, 1 due
2026-09-06T11:12:06.032Z OK 松露 已停止刷新 (201)
2026-09-06T11:15:57.649Z HEARTBEAT
2026-09-06T11:20:57.658Z HEARTBEAT
2026-09-06T11:22:35.422Z cycle: 20 pending, 1 due
2026-09-06T11:22:36.533Z OK 芙蕾雅宝箱 已停止刷新 (201)
2026-09-06T11:25:57.659Z HEARTBEAT
2026-09-06T11:30:57.669Z HEARTBEAT
2026-09-06T11:35:57.671Z HEARTBEAT
2026-09-06T11:40:57.683Z HEARTBEAT
2026-09-06T11:45:57.694Z HEARTBEAT
2026-09-06T11:50:57.698Z HEARTBEAT
2026-09-06T11:51:36.052Z cycle: 19 pending, 1 due
2026-09-06T11:51:36.723Z OK 龟壳珍宝 已停止刷新 (201)
2026-09-06T11:55:57.699Z HEARTBEAT
2026-09-06T12:00:05.968Z cycle: 19 pending, 1 due
2026-09-06T12:00:06.818Z OK 神酒 已停止刷新 (201)
2026-09-06T12:00:57.711Z HEARTBEAT
2026-09-06T12:05:57.712Z HEARTBEAT
2026-09-06T12:10:57.717Z HEARTBEAT
2026-09-06T12:15:57.728Z HEARTBEAT
2026-09-06T12:18:06.224Z cycle: 17 pending, 1 due
2026-09-06T12:18:07.031Z OK 钻头 物资已刷新 (201)
2026-09-06T12:20:57.738Z HEARTBEAT
2026-09-06T12:25:57.738Z HEARTBEAT
2026-09-06T12:30:57.743Z HEARTBEAT
2026-09-06T12:33:36.643Z cycle: 16 pending, 1 due
2026-09-06T12:33:37.269Z OK 小型法师 刷新时间已到 (201)
2026-09-06T12:35:57.754Z HEARTBEAT
2026-09-06T12:40:57.758Z HEARTBEAT
2026-09-06T12:45:57.767Z HEARTBEAT
2026-09-06T12:50:57.775Z HEARTBEAT
2026-09-06T12:55:57.786Z HEARTBEAT
2026-09-06T13:00:57.791Z HEARTBEAT
2026-09-06T13:04:41.047Z cycle: 19 pending, 1 due
2026-09-06T13:04:42.382Z OK 暴动矿源虫 已停止刷新 (201)
2026-09-06T13:05:57.803Z HEARTBEAT
2026-09-06T13:10:57.807Z HEARTBEAT
2026-09-06T13:15:57.820Z HEARTBEAT
2026-09-06T13:20:57.820Z HEARTBEAT
2026-09-06T13:25:57.831Z HEARTBEAT
2026-09-06T13:30:57.840Z HEARTBEAT
2026-09-06T13:33:37.567Z cycle: 18 pending, 1 due
2026-09-06T13:33:38.210Z OK 小型法师 已停止刷新 (201)
2026-09-06T13:35:57.843Z HEARTBEAT
2026-09-06T13:40:57.856Z HEARTBEAT
2026-09-06T13:45:57.864Z HEARTBEAT
2026-09-06T13:50:57.867Z HEARTBEAT
2026-09-06T13:55:41.664Z cycle: 17 pending, 1 due
2026-09-06T13:55:42.573Z OK 龙鱼王 刷新时间已到 (201)
2026-09-06T13:55:57.878Z HEARTBEAT
2026-09-06T14:00:57.889Z HEARTBEAT
2026-09-06T14:05:07.368Z fetch retry 1: fetch failed
2026-09-06T14:05:07.369Z fetch retry 2: fetch failed
2026-09-06T14:05:07.371Z LOOP ERROR: fetch failed
2026-09-06T14:05:37.365Z fetch retry 1: fetch failed
2026-09-06T14:05:37.366Z fetch retry 2: fetch failed
2026-09-06T14:05:37.368Z LOOP ERROR: fetch failed
2026-09-06T14:05:57.899Z HEARTBEAT
2026-09-06T14:06:07.370Z fetch retry 1: fetch failed
2026-09-06T14:06:07.372Z fetch retry 2: fetch failed
2026-09-06T14:06:07.373Z LOOP ERROR: fetch failed
2026-09-06T14:06:37.371Z fetch retry 1: fetch failed
2026-09-06T14:06:37.372Z fetch retry 2: fetch failed
2026-09-06T14:06:37.374Z LOOP ERROR: fetch failed
2026-09-06T14:07:07.373Z fetch retry 1: fetch failed
2026-09-06T14:07:07.375Z fetch retry 2: fetch failed
2026-09-06T14:07:07.376Z LOOP ERROR: fetch failed
2026-09-06T14:07:37.380Z fetch retry 1: fetch failed
2026-09-06T14:07:37.382Z fetch retry 2: fetch failed
2026-09-06T14:07:37.383Z LOOP ERROR: fetch failed
2026-09-06T14:08:07.394Z fetch retry 1: fetch failed
2026-09-06T14:08:07.395Z fetch retry 2: fetch failed
2026-09-06T14:08:07.397Z LOOP ERROR: fetch failed
2026-09-06T14:08:37.398Z fetch retry 1: fetch failed
2026-09-06T14:08:37.400Z fetch retry 2: fetch failed
2026-09-06T14:08:37.402Z LOOP ERROR: fetch failed
2026-09-06T14:09:07.407Z fetch retry 1: fetch failed
2026-09-06T14:09:07.408Z fetch retry 2: fetch failed
2026-09-06T14:09:07.409Z LOOP ERROR: fetch failed
2026-09-06T14:10:57.907Z HEARTBEAT
2026-09-06T14:15:57.912Z HEARTBEAT
2026-09-06T14:20:57.916Z HEARTBEAT
2026-09-06T14:21:12.030Z cycle: 16 pending, 1 due
2026-09-06T14:21:12.776Z OK 大贝壳 刷新时间已到 (201)
2026-09-06T14:25:57.918Z HEARTBEAT
2026-09-06T14:30:57.919Z HEARTBEAT
2026-09-06T14:35:57.924Z HEARTBEAT
2026-09-06T14:38:08.278Z cycle: 15 pending, 1 due
2026-09-06T14:38:08.899Z OK 大贝壳 分身5 刷新时间已到 (201)
2026-09-06T14:40:57.937Z HEARTBEAT
2026-09-06T14:45:57.942Z HEARTBEAT
2026-09-06T14:50:57.949Z HEARTBEAT
2026-09-06T14:55:57.960Z HEARTBEAT
2026-09-06T15:00:57.962Z HEARTBEAT
2026-09-06T15:05:57.967Z HEARTBEAT
2026-09-06T15:10:57.970Z HEARTBEAT
2026-09-06T15:15:57.984Z HEARTBEAT
2026-09-06T15:20:57.986Z HEARTBEAT
2026-09-06T15:25:57.987Z HEARTBEAT
2026-09-06T15:30:58.001Z HEARTBEAT
2026-09-06T15:35:58.003Z HEARTBEAT
2026-09-06T15:40:58.009Z HEARTBEAT
2026-09-06T15:45:58.013Z HEARTBEAT
2026-09-06T15:50:58.018Z HEARTBEAT
2026-09-06T15:55:58.024Z HEARTBEAT
2026-09-06T16:00:58.025Z HEARTBEAT
2026-09-06T16:02:39.511Z cycle: 15 pending, 1 due
2026-09-06T16:02:40.774Z OK 远古花苞 刷新时间已到 (201)
2026-09-06T16:05:09.735Z cycle: 15 pending, 1 due
2026-09-06T16:05:10.993Z OK 钻头 分身1 物资已刷新 (201)
2026-09-06T16:05:58.040Z HEARTBEAT
2026-09-06T16:10:58.055Z HEARTBEAT
2026-09-06T16:15:58.066Z HEARTBEAT
2026-09-06T16:20:58.067Z HEARTBEAT
2026-09-06T16:25:58.071Z HEARTBEAT
2026-09-06T16:30:58.072Z HEARTBEAT
2026-09-06T16:35:58.075Z HEARTBEAT
2026-09-06T16:40:58.090Z HEARTBEAT
2026-09-06T16:45:58.104Z HEARTBEAT
2026-09-06T16:50:58.112Z HEARTBEAT
2026-09-06T16:55:58.115Z HEARTBEAT
2026-09-06T17:00:58.114Z HEARTBEAT
2026-09-06T17:05:58.114Z HEARTBEAT
2026-09-06T17:10:58.115Z HEARTBEAT
2026-09-06T17:15:58.116Z HEARTBEAT
2026-09-06T17:20:58.117Z HEARTBEAT
2026-09-06T17:25:58.118Z HEARTBEAT
2026-09-06T17:30:58.118Z HEARTBEAT
2026-09-06T17:33:10.398Z cycle: 14 pending, 1 due
2026-09-06T17:33:11.411Z OK 钻头 物资已刷新 (201)
2026-09-06T17:35:58.119Z HEARTBEAT
2026-09-06T17:40:58.119Z HEARTBEAT
2026-09-06T17:45:58.119Z HEARTBEAT
2026-09-06T17:50:58.119Z HEARTBEAT
2026-09-06T17:55:58.119Z HEARTBEAT
2026-09-06T18:00:58.119Z HEARTBEAT
2026-09-06T18:05:58.120Z HEARTBEAT
2026-09-06T18:10:58.121Z HEARTBEAT
2026-09-06T18:15:58.122Z HEARTBEAT
2026-09-06T18:20:58.123Z HEARTBEAT
2026-09-06T18:21:10.270Z cycle: 13 pending, 1 due
2026-09-06T18:21:11.165Z OK 大贝壳 已停止刷新 (201)
2026-09-06T18:25:58.124Z HEARTBEAT
2026-09-06T18:30:58.125Z HEARTBEAT
2026-09-06T18:35:58.126Z HEARTBEAT
2026-09-06T18:38:10.276Z cycle: 12 pending, 1 due
2026-09-06T18:38:10.923Z OK 大贝壳 分身5 已停止刷新 (201)
2026-09-06T18:40:58.126Z HEARTBEAT
2026-09-06T18:45:58.126Z HEARTBEAT
2026-09-06T18:50:58.127Z HEARTBEAT
2026-09-06T18:55:58.127Z HEARTBEAT
2026-09-06T19:00:58.128Z HEARTBEAT
2026-09-06T19:05:58.130Z HEARTBEAT
2026-09-06T19:10:58.130Z HEARTBEAT
2026-09-06T19:15:58.130Z HEARTBEAT
2026-09-06T19:20:58.132Z HEARTBEAT
2026-09-06T19:25:58.131Z HEARTBEAT
2026-09-06T19:30:58.132Z HEARTBEAT
2026-09-06T19:35:58.132Z HEARTBEAT
2026-09-06T19:40:58.132Z HEARTBEAT
2026-09-06T19:45:58.134Z HEARTBEAT
2026-09-06T19:50:58.132Z HEARTBEAT
2026-09-06T19:55:58.133Z HEARTBEAT
2026-09-06T20:00:58.134Z HEARTBEAT
2026-09-06T20:02:44.511Z cycle: 15 pending, 1 due
2026-09-06T20:02:45.169Z OK 远古花苞 已停止刷新 (201)
2026-09-06T20:05:58.135Z HEARTBEAT
2026-09-06T20:10:58.135Z HEARTBEAT
2026-09-06T20:15:58.135Z HEARTBEAT
2026-09-06T20:20:58.135Z HEARTBEAT
2026-09-06T20:25:58.136Z HEARTBEAT
2026-09-06T20:30:58.136Z HEARTBEAT
2026-09-06T20:35:58.139Z HEARTBEAT
2026-09-06T20:40:58.139Z HEARTBEAT
2026-09-06T20:45:58.139Z HEARTBEAT
2026-09-06T20:48:14.508Z cycle: 14 pending, 1 due
2026-09-06T20:48:15.112Z OK 大贝壳 刷新时间已到 (201)
2026-09-06T20:50:58.141Z HEARTBEAT
2026-09-06T20:55:58.141Z HEARTBEAT
2026-09-06T21:00:58.148Z HEARTBEAT
2026-09-06T21:05:58.148Z HEARTBEAT
2026-09-06T21:10:58.149Z HEARTBEAT
2026-09-06T21:15:58.149Z HEARTBEAT
2026-09-06T21:20:58.148Z HEARTBEAT
2026-09-06T21:25:58.150Z HEARTBEAT
2026-09-06T21:30:58.150Z HEARTBEAT
2026-09-06T21:35:58.150Z HEARTBEAT
2026-09-06T21:40:58.150Z HEARTBEAT
2026-09-06T21:45:58.150Z HEARTBEAT
2026-09-06T21:50:58.153Z HEARTBEAT
2026-09-06T21:55:58.153Z HEARTBEAT
2026-09-06T22:00:58.153Z HEARTBEAT
2026-09-06T22:05:58.153Z HEARTBEAT
2026-09-06T22:10:58.152Z HEARTBEAT
2026-09-06T22:15:58.153Z HEARTBEAT
2026-09-06T22:20:58.154Z HEARTBEAT
2026-09-06T22:25:58.152Z HEARTBEAT
2026-09-06T22:30:58.154Z HEARTBEAT
2026-09-06T22:35:58.152Z HEARTBEAT
2026-09-06T22:40:58.153Z HEARTBEAT
2026-09-06T22:45:58.154Z HEARTBEAT
2026-09-06T22:50:58.155Z HEARTBEAT
2026-09-06T22:55:58.156Z HEARTBEAT
2026-09-06T23:00:58.156Z HEARTBEAT
2026-09-06T23:05:58.157Z HEARTBEAT
2026-09-07T00:11:21.123Z === daemon starting ===
2026-09-07T00:11:21.153Z push daemon started (single instance)
2026-09-07T00:11:52.558Z cycle: 18 pending, 1 due
2026-09-07T00:11:53.200Z OK 水猴子 刷新时间已到 (201)
2026-09-07T00:16:21.156Z HEARTBEAT
2026-09-07T00:21:21.160Z HEARTBEAT
2026-09-07T00:26:21.162Z HEARTBEAT
2026-09-07T00:31:21.170Z HEARTBEAT
2026-09-07T00:36:21.176Z HEARTBEAT
2026-09-07T00:41:21.185Z HEARTBEAT
2026-09-07T00:46:21.190Z HEARTBEAT
2026-09-07T00:48:26.199Z cycle: 18 pending, 1 due
2026-09-07T00:48:26.839Z OK 大贝壳 已停止刷新 (201)
2026-09-07T00:51:21.205Z HEARTBEAT
2026-09-07T00:56:21.218Z HEARTBEAT
2026-09-07T01:01:21.227Z HEARTBEAT
2026-09-07T01:06:21.234Z HEARTBEAT
2026-09-07T01:11:21.236Z HEARTBEAT
2026-09-07T01:16:21.247Z HEARTBEAT
2026-09-07T01:21:21.253Z HEARTBEAT
2026-09-07T01:24:52.724Z cycle: 17 pending, 1 due
2026-09-07T01:24:53.379Z OK 水猴子 分身3 刷新时间已到 (201)
2026-09-07T01:26:21.259Z HEARTBEAT
2026-09-07T01:29:22.923Z cycle: 16 pending, 1 due
2026-09-07T01:29:23.548Z OK 水猴子 分身2 刷新时间已到 (201)
2026-09-07T01:31:21.264Z HEARTBEAT
2026-09-07T01:36:21.278Z HEARTBEAT
2026-09-07T01:41:21.281Z HEARTBEAT
2026-09-07T01:46:21.287Z HEARTBEAT
2026-09-07T01:51:21.294Z HEARTBEAT
2026-09-07T01:55:53.196Z cycle: 15 pending, 1 due
2026-09-07T01:55:53.878Z OK 龙鱼王 已停止刷新 (201)
2026-09-07T01:56:21.303Z HEARTBEAT
2026-09-07T02:01:21.306Z HEARTBEAT
2026-09-07T02:06:21.308Z HEARTBEAT
2026-09-07T02:11:21.319Z HEARTBEAT
2026-09-07T02:16:21.328Z HEARTBEAT
2026-09-07T02:21:21.330Z HEARTBEAT
2026-09-07T02:26:21.343Z HEARTBEAT
2026-09-07T02:31:21.348Z HEARTBEAT
2026-09-07T02:36:21.358Z HEARTBEAT
2026-09-07T02:41:21.361Z HEARTBEAT
2026-09-07T02:46:21.365Z HEARTBEAT
2026-09-07T02:51:21.372Z HEARTBEAT
2026-09-07T02:56:21.388Z HEARTBEAT
2026-09-07T03:01:21.390Z HEARTBEAT
2026-09-07T03:06:21.400Z HEARTBEAT
2026-09-07T03:08:53.926Z fetch retry 1: fetch failed
2026-09-07T03:08:53.957Z fetch retry 2: fetch failed
2026-09-07T03:08:53.986Z LOOP ERROR: fetch failed
2026-09-07T03:09:23.921Z fetch retry 1: fetch failed
2026-09-07T03:09:23.925Z fetch retry 2: fetch failed
2026-09-07T03:09:23.936Z LOOP ERROR: fetch failed
2026-09-07T03:09:53.934Z fetch retry 1: fetch failed
2026-09-07T03:09:53.947Z fetch retry 2: fetch failed
2026-09-07T03:09:53.960Z LOOP ERROR: fetch failed
2026-09-07T03:10:23.939Z fetch retry 1: fetch failed
2026-09-07T03:10:23.952Z fetch retry 2: fetch failed
2026-09-07T03:10:23.965Z LOOP ERROR: fetch failed
2026-09-07T03:10:53.929Z fetch retry 1: fetch failed
2026-09-07T03:10:53.930Z fetch retry 2: fetch failed
2026-09-07T03:10:53.932Z LOOP ERROR: fetch failed
2026-09-07T03:11:21.407Z HEARTBEAT
2026-09-07T03:11:23.940Z fetch retry 1: fetch failed
2026-09-07T03:11:23.942Z fetch retry 2: fetch failed
2026-09-07T03:11:23.943Z LOOP ERROR: fetch failed
2026-09-07T03:16:21.421Z HEARTBEAT
2026-09-07T03:21:21.434Z HEARTBEAT
2026-09-07T03:23:25.056Z cycle: 22 pending, 1 due
2026-09-07T03:23:26.998Z OK 水猴子 已停止刷新 (201)
2026-09-07T03:26:21.446Z HEARTBEAT
2026-09-07T03:30:55.387Z cycle: 21 pending, 1 due
2026-09-07T03:30:56.042Z OK 星海珍贝 物资已刷新 (201)
2026-09-07T03:31:21.447Z HEARTBEAT
2026-09-07T03:36:21.451Z HEARTBEAT
2026-09-07T03:41:21.462Z HEARTBEAT
2026-09-07T03:46:21.465Z HEARTBEAT
2026-09-07T03:51:21.472Z HEARTBEAT
2026-09-07T03:56:21.473Z HEARTBEAT
2026-09-07T04:01:21.487Z HEARTBEAT
2026-09-07T04:06:21.503Z HEARTBEAT
2026-09-07T04:08:55.964Z cycle: 20 pending, 1 due
2026-09-07T04:08:56.783Z OK 从容花苞 刷新时间已到 (201)
2026-09-07T04:11:21.509Z HEARTBEAT
2026-09-07T04:16:21.521Z HEARTBEAT
2026-09-07T04:21:21.523Z HEARTBEAT
2026-09-07T04:23:30.084Z cycle: 19 pending, 1 due
2026-09-07T04:23:30.732Z OK 从容花苞 分身2 刷新时间已到 (201)
2026-09-07T04:26:21.537Z HEARTBEAT
2026-09-07T04:31:21.540Z HEARTBEAT
2026-09-07T04:36:21.552Z HEARTBEAT
2026-09-07T04:41:21.556Z HEARTBEAT
2026-09-07T04:46:21.557Z HEARTBEAT
2026-09-07T04:51:21.566Z HEARTBEAT
2026-09-07T04:56:21.580Z HEARTBEAT
2026-09-07T04:59:00.319Z cycle: 22 pending, 1 due
2026-09-07T04:59:00.988Z OK 芙蕾雅宝箱 刷新时间已到 (201)
2026-09-07T05:01:21.587Z HEARTBEAT
2026-09-07T05:06:21.597Z HEARTBEAT
2026-09-07T05:08:56.758Z cycle: 21 pending, 1 due
2026-09-07T05:08:57.416Z OK 从容花苞 已停止刷新 (201)
2026-09-07T05:11:21.609Z HEARTBEAT
2026-09-07T05:16:21.622Z HEARTBEAT
2026-09-07T05:21:21.634Z HEARTBEAT
2026-09-07T05:23:26.856Z cycle: 20 pending, 1 due
2026-09-07T05:23:27.623Z OK 从容花苞 分身2 已停止刷新 (201)
2026-09-07T05:25:01.047Z cycle: 19 pending, 1 due
2026-09-07T05:25:02.187Z OK 水猴子 分身3 已停止刷新 (201)
2026-09-07T05:26:21.645Z HEARTBEAT
2026-09-07T05:29:31.006Z cycle: 18 pending, 1 due
2026-09-07T05:29:31.633Z OK 水猴子 分身2 已停止刷新 (201)
2026-09-07T05:31:21.653Z HEARTBEAT
2026-09-07T05:31:57.007Z cycle: 17 pending, 1 due
2026-09-07T05:31:57.826Z OK 北境犀鸟 物资已刷新 (201)
2026-09-07T05:36:21.664Z HEARTBEAT
2026-09-07T05:41:21.674Z HEARTBEAT
2026-09-07T05:46:21.687Z HEARTBEAT
2026-09-07T05:51:21.686Z HEARTBEAT
2026-09-07T05:56:21.690Z HEARTBEAT
2026-09-07T06:01:21.697Z HEARTBEAT
2026-09-07T06:06:21.706Z HEARTBEAT
2026-09-07T06:11:21.720Z HEARTBEAT
2026-09-07T06:16:21.734Z HEARTBEAT
2026-09-07T06:21:21.744Z HEARTBEAT
2026-09-07T06:26:21.749Z HEARTBEAT
2026-09-07T06:31:21.755Z HEARTBEAT
2026-09-07T06:36:21.767Z HEARTBEAT
2026-09-07T06:36:57.406Z cycle: 20 pending, 1 due
2026-09-07T06:36:58.067Z OK 黑曜石宝箱 刷新时间已到 (201)
2026-09-07T06:41:21.772Z HEARTBEAT
2026-09-07T06:46:21.774Z HEARTBEAT
2026-09-07T06:51:21.786Z HEARTBEAT
2026-09-07T06:56:21.800Z HEARTBEAT
2026-09-07T07:01:21.799Z HEARTBEAT
2026-09-07T07:06:21.810Z HEARTBEAT
2026-09-07T07:11:21.810Z HEARTBEAT
2026-09-07T07:16:21.810Z HEARTBEAT
2026-09-07T07:16:58.383Z cycle: 20 pending, 1 due
2026-09-07T07:16:59.025Z OK 从容花苞 刷新时间已到 (201)
2026-09-07T07:21:21.810Z HEARTBEAT
2026-09-07T07:26:21.811Z HEARTBEAT
2026-09-07T07:31:21.811Z HEARTBEAT
2026-09-07T07:36:21.810Z HEARTBEAT
2026-09-07T07:36:27.937Z cycle: 19 pending, 1 due
2026-09-07T07:36:30.145Z OK 瓦雷亚宝箱 刷新时间已到 (201)
2026-09-07T07:41:21.810Z HEARTBEAT
2026-09-07T07:46:21.812Z HEARTBEAT
2026-09-07T07:51:21.812Z HEARTBEAT
2026-09-07T07:56:21.814Z HEARTBEAT
2026-09-07T08:01:21.814Z HEARTBEAT
2026-09-07T08:06:21.814Z HEARTBEAT
2026-09-07T08:11:21.814Z HEARTBEAT
2026-09-07T08:16:21.815Z HEARTBEAT
2026-09-07T08:16:58.397Z cycle: 18 pending, 1 due
2026-09-07T08:16:59.738Z OK 从容花苞 已停止刷新 (201)
2026-09-07T08:21:21.814Z HEARTBEAT
2026-09-07T08:26:21.815Z HEARTBEAT
2026-09-07T08:31:21.815Z HEARTBEAT
2026-09-07T08:35:28.085Z cycle: 17 pending, 1 due
2026-09-07T08:35:28.898Z OK 龙涎草 物资已刷新 (201)
2026-09-07T08:36:21.815Z HEARTBEAT
2026-09-07T08:37:02.483Z cycle: 16 pending, 1 due
2026-09-07T08:37:03.197Z OK 黑曜石宝箱 已停止刷新 (201)
2026-09-07T08:41:21.815Z HEARTBEAT
2026-09-07T08:46:21.815Z HEARTBEAT
2026-09-07T08:49:01.932Z cycle: 17 pending, 1 due
2026-09-07T08:49:02.834Z OK 柱子法师 物资已刷新 (201)
2026-09-07T08:51:21.815Z HEARTBEAT
2026-09-07T08:52:58.663Z cycle: 16 pending, 1 due
2026-09-07T08:52:59.362Z OK 神酒 刷新时间已到 (201)
2026-09-07T08:56:21.815Z HEARTBEAT
2026-09-07T08:58:58.383Z cycle: 15 pending, 1 due
2026-09-07T08:58:59.214Z OK 芙蕾雅宝箱 已停止刷新 (201)
2026-09-07T09:01:21.816Z HEARTBEAT
2026-09-07T09:06:21.817Z HEARTBEAT
2026-09-07T09:11:21.820Z HEARTBEAT
2026-09-07T09:15:28.168Z cycle: 14 pending, 1 due
2026-09-07T09:15:28.913Z OK 瓦雷亚宝箱 刷新时间已到 (201)
2026-09-07T09:16:21.820Z HEARTBEAT
2026-09-07T09:21:21.822Z HEARTBEAT
2026-09-07T09:26:21.824Z HEARTBEAT
2026-09-07T09:31:21.825Z HEARTBEAT
2026-09-08T00:45:17.356Z === daemon starting ===
2026-09-08T00:45:17.362Z push daemon started (single instance)
2026-09-08T00:45:48.419Z cycle: 25 pending, 1 due
2026-09-08T00:45:49.072Z OK 暴动矿源虫 刷新时间已到 (201)
2026-09-08T00:47:18.175Z cycle: 24 pending, 1 due
2026-09-08T00:47:18.938Z OK 黑曜石宝箱 刷新时间已到 (201)
2026-09-08T00:48:17.863Z cycle: 23 pending, 1 due
2026-09-08T00:48:18.601Z OK 瓦雷亚宝箱 刷新时间已到 (201)
2026-09-08T00:49:18.077Z cycle: 24 pending, 1 due
2026-09-08T00:49:18.849Z OK 黑曜石宝箱 已停止刷新 (201)
2026-09-08T00:50:17.374Z HEARTBEAT
2026-09-08T00:50:21.959Z cycle: 22 pending, 1 due
2026-09-08T00:50:22.598Z OK 瓦雷亚宝箱 已停止刷新 (201)
2026-09-08T00:51:17.977Z cycle: 21 pending, 1 due
2026-09-08T00:51:18.598Z OK 龙涎草 物资已刷新 (201)
2026-09-08T00:55:17.384Z HEARTBEAT
2026-09-08T01:00:17.385Z HEARTBEAT
2026-09-08T01:05:17.399Z HEARTBEAT
2026-09-08T01:10:17.415Z HEARTBEAT
2026-09-08T01:15:17.430Z HEARTBEAT
2026-09-08T01:20:17.443Z HEARTBEAT
2026-09-08T01:23:18.374Z cycle: 20 pending, 1 due
2026-09-08T01:23:18.945Z OK 远古花苞 已停止刷新 (201)
2026-09-08T01:25:17.447Z HEARTBEAT
2026-09-08T01:25:18.602Z cycle: 19 pending, 1 due
2026-09-08T01:25:19.285Z OK 黑曜石宝箱 刷新时间已到 (201)
2026-09-08T01:30:17.461Z HEARTBEAT
2026-09-08T01:35:17.472Z HEARTBEAT
2026-09-08T01:37:48.792Z cycle: 18 pending, 1 due
2026-09-08T01:37:49.638Z OK 黑曜石宝箱 分身1 刷新时间已到 (201)
2026-09-08T01:40:17.482Z HEARTBEAT
2026-09-08T01:45:17.484Z HEARTBEAT
2026-09-08T01:50:17.497Z HEARTBEAT
2026-09-08T01:55:17.498Z HEARTBEAT
2026-09-08T02:00:17.506Z HEARTBEAT
2026-09-08T02:04:19.119Z cycle: 23 pending, 1 due
2026-09-08T02:04:19.759Z OK 黑曜石宝箱 刷新时间已到 (201)
2026-09-08T02:05:17.511Z HEARTBEAT
2026-09-08T02:06:19.273Z cycle: 24 pending, 1 due
2026-09-08T02:06:19.964Z OK 黑曜石宝箱 已停止刷新 (201)
2026-09-08T02:10:17.522Z HEARTBEAT
2026-09-08T02:15:17.524Z HEARTBEAT
2026-09-08T02:20:17.529Z HEARTBEAT
2026-09-08T02:25:17.531Z HEARTBEAT
2026-09-08T02:29:19.535Z cycle: 25 pending, 1 due
2026-09-08T02:29:20.346Z OK 暴动矿源虫 已停止刷新 (201)
2026-09-08T02:30:17.535Z HEARTBEAT
2026-09-08T02:30:49.393Z cycle: 24 pending, 1 due
2026-09-08T02:30:49.997Z OK 黑曜石宝箱 刷新时间已到 (201)
2026-09-08T02:35:17.548Z HEARTBEAT
2026-09-08T02:40:17.557Z HEARTBEAT
2026-09-08T02:45:17.569Z HEARTBEAT
2026-09-08T02:50:17.571Z HEARTBEAT
2026-09-08T02:55:17.581Z HEARTBEAT
2026-09-08T03:00:17.596Z HEARTBEAT
2026-09-08T03:05:17.601Z HEARTBEAT
2026-09-08T03:10:17.607Z HEARTBEAT
2026-09-08T03:15:17.620Z HEARTBEAT
2026-09-08T03:20:17.634Z HEARTBEAT
2026-09-08T03:24:54.423Z cycle: 27 pending, 1 due
2026-09-08T03:24:55.053Z OK 黑曜石宝箱 已停止刷新 (201)
2026-09-08T03:25:17.643Z HEARTBEAT
2026-09-08T03:30:17.657Z HEARTBEAT
2026-09-08T03:30:54.676Z cycle: 26 pending, 1 due
2026-09-08T03:30:55.375Z OK 瓦雷亚宝箱 刷新时间已到 (201)
2026-09-08T03:35:17.659Z HEARTBEAT
2026-09-08T03:37:50.536Z cycle: 27 pending, 1 due
2026-09-08T03:37:52.499Z OK 黑曜石宝箱 分身1 已停止刷新 (201)
2026-09-08T03:40:17.667Z HEARTBEAT
2026-09-08T03:45:17.675Z HEARTBEAT
2026-09-08T03:50:17.679Z HEARTBEAT
2026-09-08T03:51:50.644Z cycle: 26 pending, 1 due
2026-09-08T03:51:51.263Z OK 芙蕾雅宝箱 刷新时间已到 (201)
2026-09-08T03:55:17.679Z HEARTBEAT
2026-09-08T04:00:17.684Z HEARTBEAT
2026-09-08T04:04:21.238Z cycle: 25 pending, 1 due
2026-09-08T04:04:21.901Z OK 黑曜石宝箱 刷新时间已到 (201)
2026-09-08T04:04:51.059Z cycle: 24 pending, 1 due
2026-09-08T04:04:51.655Z OK 黑曜石宝箱 分身1 刷新时间已到 (201)
2026-09-08T04:05:17.688Z HEARTBEAT
2026-09-08T04:08:20.905Z cycle: 23 pending, 1 due
2026-09-08T04:08:21.552Z OK 黑曜石宝箱 分身2 刷新时间已到 (201)
2026-09-08T04:10:17.690Z HEARTBEAT
2026-09-08T04:15:17.696Z HEARTBEAT
2026-09-08T04:20:17.705Z HEARTBEAT
2026-09-08T04:25:17.714Z HEARTBEAT
2026-09-08T04:30:17.725Z HEARTBEAT
2026-09-08T04:30:51.246Z cycle: 24 pending, 1 due
2026-09-08T04:30:52.137Z OK 黑曜石宝箱 已停止刷新 (201)
2026-09-08T04:35:17.727Z HEARTBEAT
2026-09-08T04:35:51.237Z cycle: 23 pending, 1 due
2026-09-08T04:35:51.850Z OK 聚变矿源虫 刷新时间已到 (201)
2026-09-08T04:40:17.741Z HEARTBEAT
2026-09-08T04:45:17.756Z HEARTBEAT
2026-09-08T04:50:17.758Z HEARTBEAT
2026-09-08T04:55:17.766Z HEARTBEAT
2026-09-08T05:00:17.765Z HEARTBEAT
2026-09-08T05:05:17.765Z HEARTBEAT
2026-09-08T05:10:17.771Z HEARTBEAT
2026-09-08T05:12:51.848Z cycle: 22 pending, 1 due
2026-09-08T05:12:52.530Z OK 黑曜石宝箱 刷新时间已到 (201)
2026-09-08T05:15:17.780Z HEARTBEAT
2026-09-08T05:20:17.780Z HEARTBEAT
2026-09-08T05:25:17.789Z HEARTBEAT
2026-09-08T05:30:17.795Z HEARTBEAT
2026-09-08T05:30:52.176Z cycle: 21 pending, 1 due
2026-09-08T05:30:52.864Z OK 瓦雷亚宝箱 已停止刷新 (201)
2026-09-08T05:35:17.803Z HEARTBEAT
2026-09-08T05:35:52.080Z cycle: 20 pending, 1 due
2026-09-08T05:35:53.561Z OK 聚变矿源虫 已停止刷新 (201)
2026-09-08T05:40:17.817Z HEARTBEAT
2026-09-08T05:45:17.827Z HEARTBEAT
2026-09-08T05:50:17.841Z HEARTBEAT
2026-09-08T05:55:17.841Z HEARTBEAT
2026-09-08T06:00:17.852Z HEARTBEAT
2026-09-08T06:04:22.520Z cycle: 19 pending, 2 due
2026-09-08T06:04:23.126Z OK 黑曜石宝箱 已停止刷新 (201)
2026-09-08T06:04:23.714Z OK 黑曜石宝箱 分身1 已停止刷新 (201)
2026-09-08T06:05:17.866Z HEARTBEAT
2026-09-08T06:07:56.729Z cycle: 17 pending, 1 due
2026-09-08T06:07:57.539Z OK 黑曜石宝箱 分身2 已停止刷新 (201)
2026-09-08T06:10:17.879Z HEARTBEAT
2026-09-08T06:15:17.885Z HEARTBEAT
2026-09-08T06:20:17.888Z HEARTBEAT
2026-09-08T06:25:17.898Z HEARTBEAT
2026-09-08T06:30:17.901Z HEARTBEAT
2026-09-08T06:35:17.908Z HEARTBEAT
2026-09-08T06:40:17.910Z HEARTBEAT
2026-09-08T06:45:17.915Z HEARTBEAT
2026-09-08T06:50:17.924Z HEARTBEAT
2026-09-08T06:55:17.927Z HEARTBEAT
2026-09-08T07:00:17.936Z HEARTBEAT
2026-09-08T07:05:17.943Z HEARTBEAT
2026-09-08T07:10:17.950Z HEARTBEAT
2026-09-08T07:12:53.645Z cycle: 19 pending, 1 due
2026-09-08T07:12:55.171Z OK 黑曜石宝箱 已停止刷新 (201)
2026-09-08T07:15:17.965Z HEARTBEAT
2026-09-08T07:20:17.968Z HEARTBEAT
2026-09-08T07:25:17.972Z HEARTBEAT
2026-09-08T07:30:17.985Z HEARTBEAT
2026-09-08T07:35:17.987Z HEARTBEAT
2026-09-08T07:35:23.974Z cycle: 20 pending, 1 due
2026-09-08T07:35:24.607Z OK 暴动矿源虫 刷新时间已到 (201)
2026-09-08T07:40:17.988Z HEARTBEAT
2026-09-08T07:45:17.987Z HEARTBEAT
2026-09-08T07:50:17.997Z HEARTBEAT
2026-09-08T07:55:18.012Z HEARTBEAT
2026-09-08T08:00:18.022Z HEARTBEAT
2026-09-08T08:05:18.033Z HEARTBEAT
2026-09-08T08:10:18.045Z HEARTBEAT
2026-09-08T08:14:54.675Z cycle: 21 pending, 1 due
2026-09-08T08:14:55.376Z OK 暴动矿源虫 分身1 刷新时间已到 (201)
2026-09-08T08:15:18.057Z HEARTBEAT
2026-09-08T08:20:18.065Z HEARTBEAT
2026-09-08T08:25:18.079Z HEARTBEAT
2026-09-08T08:30:18.086Z HEARTBEAT
2026-09-08T08:35:18.090Z HEARTBEAT
2026-09-08T08:40:18.098Z HEARTBEAT
2026-09-08T08:45:18.101Z HEARTBEAT
2026-09-08T08:50:18.112Z HEARTBEAT
2026-09-08T08:55:18.120Z HEARTBEAT
2026-09-08T09:00:18.133Z HEARTBEAT
2026-09-08T09:05:18.146Z HEARTBEAT
2026-09-08T09:08:29.321Z cycle: 17 pending, 1 due
2026-09-08T09:08:29.980Z OK 芙蕾雅宝箱 刷新时间已到 (201)
2026-09-08T09:10:18.154Z HEARTBEAT
2026-09-08T09:15:18.158Z HEARTBEAT
2026-09-08T09:20:18.170Z HEARTBEAT
2026-09-08T09:25:18.186Z HEARTBEAT
2026-09-08T09:30:18.197Z HEARTBEAT
2026-09-08T09:35:18.204Z HEARTBEAT
2026-09-08T09:40:18.210Z HEARTBEAT
2026-09-08T09:45:18.224Z HEARTBEAT
2026-09-08T09:50:18.238Z HEARTBEAT
2026-09-08T09:55:18.248Z HEARTBEAT
2026-09-08T10:00:18.249Z HEARTBEAT
2026-09-08T10:05:18.265Z HEARTBEAT
2026-09-08T10:10:18.267Z HEARTBEAT
2026-09-08T10:15:18.270Z HEARTBEAT
2026-09-08T10:15:26.348Z cycle: 22 pending, 1 due
2026-09-08T10:15:26.978Z OK 从容花苞 刷新时间已到 (201)
2026-09-08T10:16:56.597Z cycle: 23 pending, 1 due
2026-09-08T10:16:57.250Z OK 从容花苞 分身9 刷新时间已到 (201)
2026-09-08T10:20:18.279Z HEARTBEAT
2026-09-08T10:25:18.291Z HEARTBEAT
2026-09-08T10:30:18.292Z HEARTBEAT
2026-09-08T10:35:18.298Z HEARTBEAT
2026-09-08T10:40:18.302Z HEARTBEAT
2026-09-08T10:45:18.309Z HEARTBEAT
2026-09-08T10:50:18.315Z HEARTBEAT
2026-09-08T10:55:18.326Z HEARTBEAT
2026-09-08T11:00:18.342Z HEARTBEAT
2026-09-08T11:05:18.355Z HEARTBEAT
2026-09-08T11:10:18.356Z HEARTBEAT
2026-09-08T11:15:18.364Z HEARTBEAT
2026-09-08T11:15:27.273Z cycle: 22 pending, 1 due
2026-09-08T11:15:27.913Z OK 从容花苞 已停止刷新 (201)
2026-09-08T11:16:57.331Z cycle: 21 pending, 1 due
2026-09-08T11:16:58.123Z OK 从容花苞 分身9 已停止刷新 (201)
2026-09-08T11:20:18.370Z HEARTBEAT
2026-09-08T11:24:57.583Z cycle: 20 pending, 1 due
2026-09-08T11:24:58.402Z OK 暴动矿源虫 分身2 刷新时间已到 (201)
2026-09-08T11:25:18.383Z HEARTBEAT
2026-09-08T11:30:18.393Z HEARTBEAT
2026-09-08T11:35:18.407Z HEARTBEAT
2026-09-08T11:40:18.410Z HEARTBEAT
2026-09-08T11:45:18.422Z HEARTBEAT
2026-09-08T11:50:18.422Z HEARTBEAT
2026-09-08T11:55:18.432Z HEARTBEAT
2026-09-08T11:56:58.002Z cycle: 19 pending, 1 due
2026-09-08T11:56:58.702Z OK 聚变矿源虫 刷新时间已到 (201)
2026-09-08T12:00:18.444Z HEARTBEAT
2026-09-08T12:05:18.452Z HEARTBEAT
2026-09-08T12:08:58.207Z cycle: 18 pending, 1 due
2026-09-08T12:08:58.877Z OK 远古花苞 刷新时间已到 (201)
2026-09-08T12:10:18.455Z HEARTBEAT
2026-09-08T12:15:18.462Z HEARTBEAT
2026-09-08T12:20:18.467Z HEARTBEAT
2026-09-08T12:25:18.482Z HEARTBEAT
2026-09-08T12:30:18.483Z HEARTBEAT
2026-09-08T12:35:18.498Z HEARTBEAT
2026-09-08T12:40:18.512Z HEARTBEAT
2026-09-08T12:45:18.526Z HEARTBEAT
2026-09-08T12:50:18.533Z HEARTBEAT
2026-09-08T12:55:18.546Z HEARTBEAT
2026-09-08T12:56:58.928Z cycle: 17 pending, 1 due
2026-09-08T12:56:59.606Z OK 聚变矿源虫 已停止刷新 (201)
2026-09-08T13:00:18.553Z HEARTBEAT
2026-09-08T13:05:18.565Z HEARTBEAT
2026-09-08T13:08:29.117Z cycle: 16 pending, 1 due
2026-09-08T13:08:29.786Z OK 芙蕾雅宝箱 已停止刷新 (201)
2026-09-08T13:10:18.566Z HEARTBEAT
2026-09-08T13:15:18.572Z HEARTBEAT
2026-09-08T13:20:18.578Z HEARTBEAT
2026-09-08T13:25:18.585Z HEARTBEAT
2026-09-08T13:30:18.596Z HEARTBEAT
2026-09-08T13:35:18.608Z HEARTBEAT
2026-09-08T13:40:18.611Z HEARTBEAT
2026-09-08T13:45:18.623Z HEARTBEAT
2026-09-08T13:50:18.631Z HEARTBEAT
2026-09-08T13:55:18.641Z HEARTBEAT
2026-09-08T14:00:18.645Z HEARTBEAT
2026-09-08T14:05:18.648Z HEARTBEAT
2026-09-08T14:06:59.970Z cycle: 15 pending, 1 due
2026-09-08T14:07:00.651Z OK 暴动矿源虫 刷新时间已到 (201)
2026-09-08T14:10:18.664Z HEARTBEAT
2026-09-08T14:15:18.664Z HEARTBEAT
2026-09-08T14:20:18.675Z HEARTBEAT
2026-09-08T14:24:10.425Z fetch retry 1: fetch failed
2026-09-08T14:24:21.149Z fetch retry 2: fetch failed
2026-09-08T14:25:18.685Z HEARTBEAT
2026-09-08T14:30:18.698Z HEARTBEAT
2026-09-08T14:35:18.697Z HEARTBEAT
2026-09-08T14:40:18.698Z HEARTBEAT
2026-09-08T14:45:18.711Z HEARTBEAT
2026-09-08T14:50:18.721Z HEARTBEAT
2026-09-08T14:55:18.721Z HEARTBEAT
2026-09-08T15:00:18.723Z HEARTBEAT
2026-09-08T15:05:18.722Z HEARTBEAT
2026-09-08T15:10:18.734Z HEARTBEAT
2026-09-08T15:15:18.740Z HEARTBEAT
2026-09-08T15:20:18.755Z HEARTBEAT
2026-09-08T15:25:18.768Z HEARTBEAT
2026-09-08T15:30:18.773Z HEARTBEAT
2026-09-08T15:35:18.781Z HEARTBEAT
2026-09-08T15:40:18.788Z HEARTBEAT
2026-09-08T15:45:18.796Z HEARTBEAT
2026-09-08T15:46:01.511Z cycle: 17 pending, 1 due
2026-09-08T15:46:02.146Z OK 聚变矿源虫 分身1 刷新时间已到 (201)
2026-09-08T15:50:18.805Z HEARTBEAT
2026-09-08T15:54:02.140Z cycle: 16 pending, 1 due
2026-09-08T15:54:03.480Z OK 钻头 物资已刷新 (201)
2026-09-08T15:55:18.812Z HEARTBEAT
2026-09-08T16:00:18.813Z HEARTBEAT
2026-09-08T16:05:18.823Z HEARTBEAT
2026-09-08T16:07:02.134Z cycle: 15 pending, 1 due
2026-09-08T16:07:02.818Z OK 暴动矿源虫 已停止刷新 (201)
2026-09-08T16:09:01.975Z cycle: 14 pending, 1 due
2026-09-08T16:09:03.516Z OK 远古花苞 已停止刷新 (201)
2026-09-08T16:10:18.835Z HEARTBEAT
2026-09-08T16:15:18.839Z HEARTBEAT
2026-09-08T16:20:18.844Z HEARTBEAT
2026-09-08T16:25:18.845Z HEARTBEAT
2026-09-08T16:30:18.855Z HEARTBEAT
2026-09-08T16:35:18.863Z HEARTBEAT
2026-09-08T16:40:18.877Z HEARTBEAT
2026-09-08T16:45:18.887Z HEARTBEAT
2026-09-08T16:46:02.230Z cycle: 19 pending, 1 due
2026-09-08T16:46:04.427Z OK 聚变矿源虫 分身1 已停止刷新 (201)
2026-09-08T16:50:18.898Z HEARTBEAT
2026-09-08T16:55:18.901Z HEARTBEAT
2026-09-08T17:00:18.916Z HEARTBEAT
2026-09-08T17:05:18.917Z HEARTBEAT
2026-09-08T17:10:18.931Z HEARTBEAT
2026-09-08T17:12:06.905Z cycle: 18 pending, 1 due
2026-09-08T17:12:07.563Z OK 霜冻龙涎草 刷新时间已到 (201)
2026-09-08T17:12:32.721Z cycle: 17 pending, 1 due
2026-09-08T17:12:33.360Z OK 从容花苞 刷新时间已到 (201)
2026-09-08T17:14:02.569Z cycle: 16 pending, 1 due
2026-09-08T17:14:03.392Z OK 从容花苞 分身7 刷新时间已到 (201)
2026-09-08T17:15:18.946Z HEARTBEAT
2026-09-08T17:19:02.829Z cycle: 15 pending, 1 due
2026-09-08T17:19:05.053Z OK 从容花苞 分身9 刷新时间已到 (201)
2026-09-08T17:20:18.955Z HEARTBEAT
2026-09-08T17:25:18.967Z HEARTBEAT
2026-09-08T17:30:18.966Z HEARTBEAT
2026-09-08T17:35:18.979Z HEARTBEAT
2026-09-08T17:40:18.982Z HEARTBEAT
2026-09-08T17:45:18.990Z HEARTBEAT
2026-09-08T17:50:19.000Z HEARTBEAT
2026-09-08T17:55:19.016Z HEARTBEAT
2026-09-08T18:00:19.024Z HEARTBEAT
2026-09-08T18:05:19.030Z HEARTBEAT
2026-09-08T18:10:19.032Z HEARTBEAT
2026-09-08T18:12:33.505Z cycle: 14 pending, 1 due
2026-09-08T18:12:34.305Z OK 从容花苞 已停止刷新 (201)
2026-09-08T18:14:07.470Z cycle: 13 pending, 1 due
2026-09-08T18:14:08.042Z OK 从容花苞 分身7 已停止刷新 (201)
2026-09-08T18:15:19.038Z HEARTBEAT
2026-09-08T18:19:03.695Z cycle: 12 pending, 1 due
2026-09-08T18:19:04.277Z OK 从容花苞 分身9 已停止刷新 (201)
2026-09-08T18:20:19.046Z HEARTBEAT
2026-09-08T18:25:19.056Z HEARTBEAT
2026-09-08T18:30:19.057Z HEARTBEAT
2026-09-08T18:35:19.067Z HEARTBEAT
2026-09-08T18:40:19.080Z HEARTBEAT
2026-09-08T18:45:19.087Z HEARTBEAT
2026-09-08T18:50:19.099Z HEARTBEAT
2026-09-08T18:55:19.109Z HEARTBEAT
2026-09-08T19:00:19.116Z HEARTBEAT
2026-09-08T19:05:19.122Z HEARTBEAT
2026-09-08T19:10:19.124Z HEARTBEAT
2026-09-08T19:15:19.131Z HEARTBEAT
2026-09-08T19:20:19.137Z HEARTBEAT
2026-09-08T19:25:19.138Z HEARTBEAT
2026-09-08T19:30:19.152Z HEARTBEAT
2026-09-08T19:35:19.156Z HEARTBEAT
2026-09-08T19:40:19.164Z HEARTBEAT
2026-09-08T19:45:19.169Z HEARTBEAT
2026-09-08T19:50:19.176Z HEARTBEAT
2026-09-08T19:55:19.178Z HEARTBEAT
2026-09-08T20:00:19.191Z HEARTBEAT
2026-09-08T20:05:19.198Z HEARTBEAT
2026-09-08T20:10:19.205Z HEARTBEAT
2026-09-08T20:13:05.583Z cycle: 11 pending, 1 due
2026-09-08T20:13:06.457Z OK 柱子法师 刷新时间已到 (201)
2026-09-08T20:15:18.113Z HEARTBEAT
2026-09-08T20:20:18.117Z HEARTBEAT
2026-09-08T20:25:18.129Z HEARTBEAT
2026-09-08T20:30:18.129Z HEARTBEAT
2026-09-08T20:35:18.144Z HEARTBEAT
2026-09-08T20:40:18.152Z HEARTBEAT
2026-09-08T20:43:04.660Z cycle: 10 pending, 1 due
2026-09-08T20:43:05.359Z OK 柱子法师 已停止刷新 (201)
2026-09-08T20:45:18.166Z HEARTBEAT
2026-09-08T20:50:18.175Z HEARTBEAT
2026-09-08T20:55:18.184Z HEARTBEAT
2026-09-08T21:00:18.198Z HEARTBEAT
2026-09-08T21:05:18.203Z HEARTBEAT
2026-09-08T21:10:18.212Z HEARTBEAT
2026-09-08T21:15:18.223Z HEARTBEAT
2026-09-08T21:17:45.491Z fetch retry 1: fetch failed
2026-09-08T21:17:56.176Z fetch retry 2: fetch failed
2026-09-08T21:18:04.803Z SKIP: previous cycle still running
2026-09-08T21:18:06.900Z LOOP ERROR: fetch failed
2026-09-08T21:20:18.238Z HEARTBEAT
2026-09-08T21:25:18.250Z HEARTBEAT
2026-09-08T21:30:18.261Z HEARTBEAT
2026-09-08T21:35:18.269Z HEARTBEAT
2026-09-08T21:40:18.280Z HEARTBEAT
2026-09-08T21:45:18.292Z HEARTBEAT
2026-09-08T21:50:18.299Z HEARTBEAT
2026-09-08T21:55:18.302Z HEARTBEAT
2026-09-08T22:00:18.302Z HEARTBEAT
2026-09-08T22:05:18.312Z HEARTBEAT
2026-09-08T22:10:18.321Z HEARTBEAT
2026-09-08T22:15:18.333Z HEARTBEAT
2026-09-08T22:20:18.334Z HEARTBEAT
2026-09-08T22:25:18.338Z HEARTBEAT
2026-09-08T22:30:18.344Z HEARTBEAT
2026-09-08T22:35:18.351Z HEARTBEAT
2026-09-08T22:40:18.361Z HEARTBEAT
2026-09-08T22:45:18.372Z HEARTBEAT
2026-09-08T22:50:18.380Z HEARTBEAT
2026-09-08T22:55:18.390Z HEARTBEAT
2026-09-08T23:00:18.395Z HEARTBEAT
2026-09-08T23:05:18.400Z HEARTBEAT
2026-09-08T23:10:18.408Z HEARTBEAT
2026-09-08T23:12:07.021Z cycle: 11 pending, 1 due
2026-09-08T23:12:07.698Z OK 霜冻龙涎草 已停止刷新 (201)
2026-09-08T23:15:18.423Z HEARTBEAT
2026-09-08T23:20:18.427Z HEARTBEAT
2026-09-08T23:25:18.428Z HEARTBEAT
2026-09-08T23:30:18.441Z HEARTBEAT
2026-09-08T23:35:18.448Z HEARTBEAT
2026-09-08T23:40:18.451Z HEARTBEAT
2026-09-08T23:45:18.463Z HEARTBEAT
2026-09-08T23:50:18.473Z HEARTBEAT
2026-09-08T23:55:18.477Z HEARTBEAT
2026-09-09T00:00:18.491Z HEARTBEAT
2026-09-09T00:05:18.498Z HEARTBEAT
2026-09-09T00:10:18.504Z HEARTBEAT
2026-09-09T00:15:18.510Z HEARTBEAT
2026-09-09T00:20:18.515Z HEARTBEAT
2026-09-09T00:25:18.520Z HEARTBEAT
2026-09-09T00:30:18.525Z HEARTBEAT
2026-09-09T00:35:18.538Z HEARTBEAT
2026-09-09T00:40:18.549Z HEARTBEAT
2026-09-09T00:45:18.553Z HEARTBEAT
2026-09-09T00:50:18.555Z HEARTBEAT
2026-09-09T00:55:18.558Z HEARTBEAT
2026-09-09T01:00:18.573Z HEARTBEAT
2026-09-09T01:05:18.585Z HEARTBEAT
2026-09-09T01:10:18.596Z HEARTBEAT
2026-09-09T01:15:18.610Z HEARTBEAT
2026-09-09T01:20:18.619Z HEARTBEAT
2026-09-09T01:22:09.011Z cycle: 10 pending, 1 due
2026-09-09T01:22:09.641Z OK 小型法师 刷新时间已到 (201)
2026-09-09T01:25:18.629Z HEARTBEAT
2026-09-09T01:30:18.637Z HEARTBEAT
2026-09-09T01:35:18.642Z HEARTBEAT
2026-09-09T01:40:18.651Z HEARTBEAT
2026-09-09T01:45:18.661Z HEARTBEAT
2026-09-09T01:50:18.664Z HEARTBEAT
2026-09-09T01:55:18.666Z HEARTBEAT
2026-09-09T02:00:18.672Z HEARTBEAT
2026-09-09T02:05:18.686Z HEARTBEAT
2026-09-09T02:10:18.687Z HEARTBEAT
2026-09-09T02:15:18.686Z HEARTBEAT
2026-09-09T02:20:18.691Z HEARTBEAT
2026-09-09T02:22:10.067Z cycle: 9 pending, 1 due
2026-09-09T02:22:10.727Z OK 小型法师 已停止刷新 (201)
2026-09-09T02:25:18.702Z HEARTBEAT
2026-09-09T02:30:18.705Z HEARTBEAT
2026-09-09T02:35:18.720Z HEARTBEAT
2026-09-09T02:40:18.734Z HEARTBEAT
2026-09-09T02:45:18.747Z HEARTBEAT
2026-09-09T02:50:18.750Z HEARTBEAT
2026-09-09T02:55:18.758Z HEARTBEAT
2026-09-09T03:00:18.758Z HEARTBEAT
2026-09-09T03:05:18.771Z HEARTBEAT
2026-09-09T03:10:18.781Z HEARTBEAT
2026-09-09T03:15:18.782Z HEARTBEAT
2026-09-09T03:20:18.789Z HEARTBEAT
2026-09-09T03:25:18.796Z HEARTBEAT
2026-09-09T03:30:18.798Z HEARTBEAT
2026-09-09T03:35:18.807Z HEARTBEAT
2026-09-09T03:40:18.820Z HEARTBEAT
2026-09-09T03:45:18.830Z HEARTBEAT
2026-09-09T03:50:18.833Z HEARTBEAT
2026-09-09T03:55:18.844Z HEARTBEAT
2026-09-09T04:00:18.850Z HEARTBEAT
2026-09-09T04:05:18.863Z HEARTBEAT
2026-09-09T04:10:18.877Z HEARTBEAT
2026-09-09T04:15:18.882Z HEARTBEAT
2026-09-09T04:20:18.884Z HEARTBEAT
2026-09-09T04:25:18.886Z HEARTBEAT
2026-09-09T04:30:18.894Z HEARTBEAT
2026-09-09T04:34:42.248Z cycle: 20 pending, 1 due
2026-09-09T04:34:44.350Z OK 真龙宝藏 刷新时间已到 (201)
2026-09-09T04:35:18.901Z HEARTBEAT
2026-09-09T04:40:18.908Z HEARTBEAT
2026-09-09T04:45:18.923Z HEARTBEAT
2026-09-09T04:50:18.926Z HEARTBEAT
2026-09-09T04:55:18.926Z HEARTBEAT
2026-09-09T05:00:18.939Z HEARTBEAT
2026-09-09T05:05:18.940Z HEARTBEAT
2026-09-09T05:10:18.946Z HEARTBEAT
2026-09-09T05:12:12.208Z cycle: 23 pending, 1 due
2026-09-09T05:12:12.838Z OK 芙蕾雅宝箱 刷新时间已到 (201)
2026-09-09T05:15:18.957Z HEARTBEAT
2026-09-09T05:20:18.963Z HEARTBEAT
2026-09-09T05:25:18.968Z HEARTBEAT
2026-09-09T05:30:18.976Z HEARTBEAT
2026-09-09T05:35:18.981Z HEARTBEAT
2026-09-09T05:40:18.986Z HEARTBEAT
2026-09-09T05:45:18.999Z HEARTBEAT
2026-09-09T05:50:19.004Z HEARTBEAT
2026-09-09T05:55:19.012Z HEARTBEAT
2026-09-09T06:00:19.018Z HEARTBEAT
2026-09-09T06:00:43.565Z cycle: 24 pending, 1 due
2026-09-09T06:00:44.210Z OK 黑遗迹 刷新时间已到 (201)
2026-09-09T06:05:19.029Z HEARTBEAT
2026-09-09T06:10:19.044Z HEARTBEAT
2026-09-09T06:15:19.047Z HEARTBEAT
2026-09-09T06:20:19.054Z HEARTBEAT
2026-09-09T06:25:19.058Z HEARTBEAT
2026-09-09T06:30:19.063Z HEARTBEAT
2026-09-09T06:32:13.597Z cycle: 23 pending, 1 due
2026-09-09T06:32:14.235Z OK 从容花苞 刷新时间已到 (201)
2026-09-09T06:33:43.687Z cycle: 22 pending, 1 due
2026-09-09T06:33:44.973Z OK 黑曜石宝箱 分身1 刷新时间已到 (201)
2026-09-09T06:35:19.071Z HEARTBEAT
2026-09-09T06:35:43.771Z cycle: 21 pending, 1 due
2026-09-09T06:35:44.441Z OK 黑曜石宝箱 分身2 刷新时间已到 (201)
2026-09-09T06:40:19.082Z HEARTBEAT
2026-09-09T06:45:19.091Z HEARTBEAT
2026-09-09T06:50:19.091Z HEARTBEAT
2026-09-09T06:55:19.101Z HEARTBEAT
2026-09-09T07:00:19.112Z HEARTBEAT
2026-09-09T07:00:44.282Z cycle: 20 pending, 1 due
2026-09-09T07:00:44.961Z OK 黑遗迹 已停止刷新 (201)
2026-09-09T07:05:19.116Z HEARTBEAT
2026-09-09T07:10:19.118Z HEARTBEAT
2026-09-09T07:15:19.119Z HEARTBEAT
2026-09-09T07:17:14.163Z cycle: 20 pending, 1 due
2026-09-09T07:17:15.723Z OK 天空岛精英怪 刷新时间已到 (201)
2026-09-09T07:18:14.375Z cycle: 19 pending, 1 due
2026-09-09T07:18:15.005Z OK 天空岛精英怪 分身1 刷新时间已到 (201)
2026-09-09T07:20:19.119Z HEARTBEAT
2026-09-09T07:25:19.123Z HEARTBEAT
2026-09-09T07:30:19.137Z HEARTBEAT
2026-09-09T07:32:14.394Z cycle: 18 pending, 1 due
2026-09-09T07:32:15.206Z OK 从容花苞 已停止刷新 (201)
2026-09-09T07:33:44.413Z cycle: 17 pending, 1 due
2026-09-09T07:33:45.045Z OK 黑曜石宝箱 分身1 已停止刷新 (201)
2026-09-09T07:35:19.144Z HEARTBEAT
2026-09-09T07:35:44.524Z cycle: 16 pending, 1 due
2026-09-09T07:35:45.464Z OK 黑曜石宝箱 分身2 已停止刷新 (201)
2026-09-09T07:40:19.152Z HEARTBEAT
2026-09-09T07:45:19.162Z HEARTBEAT
2026-09-09T07:50:19.173Z HEARTBEAT
2026-09-09T07:55:19.184Z HEARTBEAT
2026-09-09T08:00:19.186Z HEARTBEAT
2026-09-09T08:05:19.191Z HEARTBEAT
2026-09-09T08:10:19.205Z HEARTBEAT
2026-09-09T08:15:19.215Z HEARTBEAT
2026-09-09T08:17:15.050Z cycle: 15 pending, 1 due
2026-09-09T08:17:15.719Z OK 天空岛精英怪 已停止刷新 (201)
2026-09-09T08:18:15.103Z cycle: 14 pending, 1 due
2026-09-09T08:18:15.928Z OK 天空岛精英怪 分身1 已停止刷新 (201)
2026-09-09T08:20:19.229Z HEARTBEAT
2026-09-09T08:25:19.238Z HEARTBEAT
2026-09-09T08:30:19.240Z HEARTBEAT
2026-09-09T08:34:45.436Z cycle: 13 pending, 1 due
2026-09-09T08:34:46.117Z OK 真龙宝藏 已停止刷新 (201)
2026-09-09T08:35:19.246Z HEARTBEAT
2026-09-09T08:40:19.254Z HEARTBEAT
2026-09-09T08:45:19.265Z HEARTBEAT
2026-09-09T08:50:19.268Z HEARTBEAT
2026-09-09T08:55:19.275Z HEARTBEAT
2026-09-09T09:00:19.290Z HEARTBEAT
2026-09-09T09:02:45.827Z cycle: 14 pending, 1 due
2026-09-09T09:02:46.506Z OK 芙蕾雅宝箱 刷新时间已到 (201)
2026-09-09T09:05:19.304Z HEARTBEAT
2026-09-09T09:10:19.314Z HEARTBEAT
2026-09-09T09:15:19.324Z HEARTBEAT
2026-09-09T09:20:19.334Z HEARTBEAT
2026-09-09T09:25:19.348Z HEARTBEAT
2026-09-09T09:30:19.349Z HEARTBEAT
2026-09-09T09:35:19.359Z HEARTBEAT
2026-09-09T09:40:19.367Z HEARTBEAT
2026-09-09T09:45:19.376Z HEARTBEAT
2026-09-09T09:50:19.383Z HEARTBEAT
2026-09-09T09:55:19.385Z HEARTBEAT
2026-09-09T10:00:19.396Z HEARTBEAT
2026-09-09T10:05:19.400Z HEARTBEAT
2026-09-09T10:10:19.404Z HEARTBEAT
2026-09-09T10:15:19.408Z HEARTBEAT
2026-09-09T10:20:19.420Z HEARTBEAT
2026-09-09T10:25:19.435Z HEARTBEAT
2026-09-09T10:30:19.447Z HEARTBEAT
2026-09-09T10:35:19.451Z HEARTBEAT
2026-09-09T10:40:19.456Z HEARTBEAT
2026-09-09T10:45:19.463Z HEARTBEAT
2026-09-09T10:50:19.475Z HEARTBEAT
2026-09-09T10:55:19.475Z HEARTBEAT
2026-09-09T11:00:19.487Z HEARTBEAT
2026-09-09T11:05:19.501Z HEARTBEAT
2026-09-09T11:10:19.514Z HEARTBEAT
2026-09-09T11:15:19.518Z HEARTBEAT
2026-09-09T11:20:19.528Z HEARTBEAT
2026-09-09T11:25:19.529Z HEARTBEAT
2026-09-09T11:30:19.541Z HEARTBEAT
2026-09-09T11:35:19.555Z HEARTBEAT
2026-09-09T11:40:19.557Z HEARTBEAT
2026-09-09T11:45:19.568Z HEARTBEAT
2026-09-09T11:50:19.582Z HEARTBEAT
2026-09-09T11:50:48.151Z cycle: 25 pending, 1 due
2026-09-09T11:50:49.256Z OK 霜冻龙涎草 刷新时间已到 (201)
2026-09-09T11:55:19.589Z HEARTBEAT
2026-09-09T12:00:19.592Z HEARTBEAT
2026-09-09T12:05:19.605Z HEARTBEAT
2026-09-09T12:10:19.617Z HEARTBEAT
2026-09-09T12:15:19.627Z HEARTBEAT
2026-09-09T12:20:19.636Z HEARTBEAT
2026-09-09T12:25:19.637Z HEARTBEAT
2026-09-09T12:30:19.648Z HEARTBEAT
2026-09-09T12:35:19.654Z HEARTBEAT
2026-09-09T12:37:48.954Z cycle: 26 pending, 1 due
2026-09-09T12:37:49.664Z OK 芙蕾雅宝箱 刷新时间已到 (201)
2026-09-09T12:40:19.658Z HEARTBEAT
2026-09-09T12:42:23.414Z cycle: 25 pending, 1 due
2026-09-09T12:42:24.234Z OK 黑曜石宝箱 刷新时间已到 (201)
2026-09-09T12:45:19.673Z HEARTBEAT
2026-09-09T12:50:19.687Z HEARTBEAT
2026-09-09T12:55:19.687Z HEARTBEAT
2026-09-09T13:00:19.690Z HEARTBEAT
2026-09-09T13:02:49.292Z cycle: 27 pending, 1 due
2026-09-09T13:02:50.856Z OK 芙蕾雅宝箱 已停止刷新 (201)
2026-09-09T13:05:19.700Z HEARTBEAT
2026-09-09T13:10:19.714Z HEARTBEAT
2026-09-09T13:15:19.722Z HEARTBEAT
2026-09-09T13:20:19.730Z HEARTBEAT
2026-09-09T13:25:19.737Z HEARTBEAT
2026-09-09T13:30:19.741Z HEARTBEAT
2026-09-09T13:35:19.756Z HEARTBEAT
2026-09-09T13:40:19.761Z HEARTBEAT
2026-09-09T13:42:49.850Z cycle: 28 pending, 1 due
2026-09-09T13:42:50.500Z OK 黑曜石宝箱 刷新时间已到 (201)
2026-09-09T13:45:19.763Z HEARTBEAT
2026-09-09T13:45:19.889Z cycle: 27 pending, 1 due
2026-09-09T13:45:20.724Z OK 黑曜石宝箱 分身1 刷新时间已到 (201)
2026-09-09T13:50:19.768Z HEARTBEAT
2026-09-09T13:55:19.778Z HEARTBEAT
2026-09-09T14:00:19.779Z HEARTBEAT
2026-09-09T14:05:19.782Z HEARTBEAT
2026-09-09T14:10:19.788Z HEARTBEAT
2026-09-09T14:15:19.789Z HEARTBEAT
2026-09-09T14:20:19.794Z HEARTBEAT
2026-09-09T14:25:19.796Z HEARTBEAT
2026-09-09T14:28:24.714Z cycle: 26 pending, 1 due
2026-09-09T14:28:25.926Z OK 柱子法师 刷新时间已到 (201)
2026-09-09T14:30:19.798Z HEARTBEAT
2026-09-09T14:35:19.802Z HEARTBEAT
2026-09-09T14:40:19.804Z HEARTBEAT
2026-09-09T14:42:20.985Z cycle: 25 pending, 1 due
2026-09-09T14:42:23.426Z OK 黑曜石宝箱 已停止刷新 (201)
2026-09-09T14:42:50.813Z cycle: 24 pending, 1 due
2026-09-09T14:42:51.888Z OK 黑曜石宝箱 已停止刷新 (201)
2026-09-09T14:45:19.817Z HEARTBEAT
2026-09-09T14:45:20.846Z cycle: 23 pending, 1 due
2026-09-09T14:45:21.569Z OK 黑曜石宝箱 分身1 已停止刷新 (201)
2026-09-09T14:50:19.818Z HEARTBEAT
2026-09-09T14:52:51.041Z cycle: 22 pending, 1 due
2026-09-09T14:52:51.705Z OK 瓦雷亚宝箱 刷新时间已到 (201)
2026-09-09T14:55:19.827Z HEARTBEAT
2026-09-09T14:58:21.649Z cycle: 21 pending, 1 due
2026-09-09T14:58:22.483Z OK 柱子法师 已停止刷新 (201)
2026-09-09T15:00:19.829Z HEARTBEAT
2026-09-09T15:00:51.172Z cycle: 20 pending, 2 due
2026-09-09T15:00:52.206Z OK 毒蘑菇 物资已刷新 (201)
2026-09-09T15:00:52.832Z OK 毒蘑菇 分身2 物资已刷新 (201)
2026-09-09T15:05:19.835Z HEARTBEAT
2026-09-09T15:10:19.835Z HEARTBEAT
2026-09-09T15:15:19.847Z HEARTBEAT
2026-09-09T15:20:19.848Z HEARTBEAT
2026-09-10T05:45:36.680Z === daemon starting ===
2026-09-10T05:45:36.685Z push daemon started (single instance)
2026-09-10T05:50:36.684Z HEARTBEAT
2026-09-10T05:55:36.690Z HEARTBEAT
2026-09-10T06:00:36.697Z HEARTBEAT
2026-09-10T06:05:36.708Z HEARTBEAT
2026-09-10T06:10:36.719Z HEARTBEAT
2026-09-10T06:15:36.721Z HEARTBEAT
2026-09-10T06:20:36.727Z HEARTBEAT
2026-09-10T06:20:37.805Z cycle: 21 pending, 1 due
2026-09-10T06:20:38.488Z OK 瓦雷亚宝箱 刷新时间已到 (201)
2026-09-10T06:25:36.735Z HEARTBEAT
2026-09-10T06:30:36.748Z HEARTBEAT
2026-09-10T06:35:36.759Z HEARTBEAT
2026-09-10T06:40:36.762Z HEARTBEAT
2026-09-10T06:45:36.777Z HEARTBEAT
2026-09-10T06:50:36.790Z HEARTBEAT
2026-09-10T06:55:36.792Z HEARTBEAT
2026-09-10T07:00:36.801Z HEARTBEAT
2026-09-10T07:05:36.812Z HEARTBEAT
2026-09-10T07:10:36.822Z HEARTBEAT
2026-09-10T07:15:36.833Z HEARTBEAT
2026-09-10T07:20:36.841Z HEARTBEAT
2026-09-10T07:20:38.608Z cycle: 24 pending, 1 due
2026-09-10T07:20:39.339Z OK 瓦雷亚宝箱 已停止刷新 (201)
2026-09-10T07:25:36.844Z HEARTBEAT
2026-09-10T07:30:36.858Z HEARTBEAT
2026-09-10T07:35:36.866Z HEARTBEAT
2026-09-10T07:40:36.878Z HEARTBEAT
2026-09-10T07:45:36.881Z HEARTBEAT
2026-09-10T07:50:36.888Z HEARTBEAT
2026-09-10T07:53:09.115Z cycle: 23 pending, 1 due
2026-09-10T07:53:09.808Z OK 霜冻龙涎草 分身1 刷新时间已到 (201)
2026-09-10T07:55:36.895Z HEARTBEAT
2026-09-10T08:00:36.899Z HEARTBEAT
2026-09-10T08:05:36.902Z HEARTBEAT
2026-09-10T08:08:39.384Z cycle: 22 pending, 1 due
2026-09-10T08:08:40.107Z OK 霜冻龙涎草 已停止刷新 (201)
2026-09-10T08:10:36.917Z HEARTBEAT
2026-09-10T08:15:36.919Z HEARTBEAT
2026-09-10T08:20:36.920Z HEARTBEAT
2026-09-10T08:21:43.568Z cycle: 21 pending, 1 due
2026-09-10T08:21:44.285Z OK 远古花苞 已停止刷新 (201)
2026-09-10T08:25:36.926Z HEARTBEAT
2026-09-10T08:26:39.483Z cycle: 21 pending, 1 due
2026-09-10T08:26:40.149Z OK 远古花苞 分身4 已停止刷新 (201)
2026-09-10T08:28:09.702Z cycle: 20 pending, 1 due
2026-09-10T08:28:10.395Z OK 真龙印宝箱 物资已刷新 (201)
2026-09-10T08:30:36.928Z HEARTBEAT
2026-09-10T08:35:36.934Z HEARTBEAT
2026-09-10T08:40:36.942Z HEARTBEAT
2026-09-10T08:45:36.956Z HEARTBEAT
2026-09-10T08:49:39.963Z cycle: 21 pending, 1 due
2026-09-10T08:49:40.666Z OK 真龙宝藏 刷新时间已到 (201)
2026-09-10T08:50:36.956Z HEARTBEAT
2026-09-10T08:55:36.970Z HEARTBEAT
2026-09-10T09:00:36.981Z HEARTBEAT
2026-09-10T09:02:10.002Z cycle: 20 pending, 1 due
2026-09-10T09:02:10.691Z OK 真龙宝藏 刷新时间已到 (201)
2026-09-10T09:05:36.988Z HEARTBEAT
2026-09-10T09:10:37.002Z HEARTBEAT
2026-09-10T09:13:10.249Z cycle: 19 pending, 1 due
2026-09-10T09:13:11.006Z OK 海鳄龙 已停止刷新 (201)
2026-09-10T09:15:37.009Z HEARTBEAT
2026-09-10T09:20:37.014Z HEARTBEAT
2026-09-10T09:25:37.015Z HEARTBEAT
2026-09-10T09:30:37.015Z HEARTBEAT
2026-09-10T09:35:37.030Z HEARTBEAT
2026-09-10T09:40:37.035Z HEARTBEAT
2026-09-10T09:45:37.047Z HEARTBEAT
2026-09-10T09:50:37.060Z HEARTBEAT
2026-09-10T09:55:37.067Z HEARTBEAT
2026-09-10T10:00:37.066Z HEARTBEAT
2026-09-10T10:05:37.075Z HEARTBEAT
2026-09-10T10:10:37.077Z HEARTBEAT
2026-09-10T10:15:37.081Z HEARTBEAT
2026-09-10T10:20:37.095Z HEARTBEAT
2026-09-10T10:25:37.095Z HEARTBEAT
2026-09-10T10:30:37.100Z HEARTBEAT
2026-09-10T10:35:37.106Z HEARTBEAT
2026-09-10T10:40:37.109Z HEARTBEAT
2026-09-10T10:45:37.123Z HEARTBEAT
2026-09-10T10:50:37.124Z HEARTBEAT
2026-09-10T10:55:37.124Z HEARTBEAT
2026-09-10T11:00:37.124Z HEARTBEAT
2026-09-10T11:01:41.683Z cycle: 21 pending, 1 due
2026-09-10T11:01:45.358Z OK 大贝壳 物资已刷新 (201)
2026-09-10T11:02:13.045Z cycle: 21 pending, 1 due
2026-09-10T11:02:14.530Z OK 大贝壳 物资已刷新 (201)
2026-09-10T11:05:37.125Z HEARTBEAT
2026-09-10T11:10:15.736Z cycle: 20 pending, 2 due
2026-09-10T11:10:16.379Z OK 深海珊瑚 刷新时间已到 (201)
2026-09-10T11:10:16.768Z OK 深海珊瑚 分身5 刷新时间已到 (201)
2026-09-10T11:10:37.127Z HEARTBEAT
2026-09-10T11:15:37.140Z HEARTBEAT
2026-09-10T11:20:37.148Z HEARTBEAT
2026-09-10T11:25:37.155Z HEARTBEAT
2026-09-10T11:30:37.167Z HEARTBEAT
2026-09-10T11:35:37.181Z HEARTBEAT
2026-09-10T11:40:37.191Z HEARTBEAT
2026-09-10T11:45:37.197Z HEARTBEAT
2026-09-10T11:50:37.200Z HEARTBEAT
2026-09-10T11:55:37.214Z HEARTBEAT
2026-09-10T12:00:37.224Z HEARTBEAT
2026-09-10T12:05:37.237Z HEARTBEAT
2026-09-10T12:10:37.240Z HEARTBEAT
2026-09-10T12:15:37.243Z HEARTBEAT
2026-09-10T12:20:37.251Z HEARTBEAT
2026-09-10T12:25:37.263Z HEARTBEAT
2026-09-10T12:30:37.264Z HEARTBEAT
2026-09-10T12:35:37.277Z HEARTBEAT
2026-09-10T12:40:37.288Z HEARTBEAT
2026-09-10T12:45:37.294Z HEARTBEAT
2026-09-10T12:49:43.105Z cycle: 21 pending, 1 due
2026-09-10T12:49:43.922Z OK 真龙宝藏 已停止刷新 (201)
2026-09-10T12:50:37.306Z HEARTBEAT
2026-09-10T12:55:37.318Z HEARTBEAT
2026-09-10T13:00:37.329Z HEARTBEAT
2026-09-10T13:01:47.359Z cycle: 20 pending, 1 due
2026-09-10T13:01:47.994Z OK 真龙宝藏 已停止刷新 (201)
2026-09-10T13:05:37.333Z HEARTBEAT
2026-09-10T13:10:37.336Z HEARTBEAT
2026-09-10T13:15:37.348Z HEARTBEAT
2026-09-10T13:20:37.357Z HEARTBEAT
2026-09-10T13:25:37.367Z HEARTBEAT
2026-09-10T13:30:37.368Z HEARTBEAT
2026-09-10T13:34:23.976Z fetch retry 1: fetch failed
2026-09-10T13:34:53.929Z fetch retry 1: fetch failed
2026-09-10T13:35:37.383Z HEARTBEAT
2026-09-10T13:40:37.392Z HEARTBEAT
2026-09-10T13:43:44.123Z cycle: 19 pending, 1 due
2026-09-10T13:43:44.814Z OK 从容花苞 刷新时间已到 (201)
2026-09-10T13:45:37.403Z HEARTBEAT
2026-09-10T13:50:37.403Z HEARTBEAT
2026-09-10T13:53:14.058Z cycle: 18 pending, 1 due
2026-09-10T13:53:15.668Z OK 霜冻龙涎草 分身1 已停止刷新 (201)
2026-09-10T13:55:37.413Z HEARTBEAT
2026-09-10T14:00:37.428Z HEARTBEAT
2026-09-10T14:05:37.434Z HEARTBEAT
2026-09-10T14:10:37.447Z HEARTBEAT
2026-09-10T14:15:37.450Z HEARTBEAT
2026-09-10T14:15:44.660Z cycle: 18 pending, 1 due
2026-09-10T14:15:46.205Z OK 钻头 物资已刷新 (201)
2026-09-10T14:20:37.461Z HEARTBEAT
2026-09-10T14:25:37.468Z HEARTBEAT
2026-09-10T14:30:37.474Z HEARTBEAT
2026-09-10T14:31:14.596Z cycle: 17 pending, 1 due
2026-09-10T14:31:16.168Z OK 从容花苞 物资已刷新 (201)
2026-09-10T14:35:37.480Z HEARTBEAT
2026-09-10T14:40:37.486Z HEARTBEAT
2026-09-10T14:45:37.493Z HEARTBEAT
2026-09-10T14:50:37.500Z HEARTBEAT
2026-09-10T14:55:37.510Z HEARTBEAT
2026-09-10T15:00:37.523Z HEARTBEAT
2026-09-10T15:00:48.989Z cycle: 17 pending, 1 due
2026-09-10T15:00:49.698Z OK 剑齿虎王 物资已刷新 (201)
2026-09-10T15:05:37.527Z HEARTBEAT
2026-09-10T15:10:37.536Z HEARTBEAT
2026-09-10T15:15:37.550Z HEARTBEAT
2026-09-10T15:20:37.556Z HEARTBEAT
2026-09-10T15:25:37.567Z HEARTBEAT
2026-09-10T15:30:37.575Z HEARTBEAT
2026-09-10T15:35:37.578Z HEARTBEAT
2026-09-10T15:40:37.579Z HEARTBEAT
2026-09-10T15:45:37.588Z HEARTBEAT
2026-09-10T15:50:37.593Z HEARTBEAT
2026-09-10T15:55:37.599Z HEARTBEAT
2026-09-10T16:00:37.606Z HEARTBEAT
2026-09-10T16:05:37.611Z HEARTBEAT
2026-09-10T16:10:37.614Z HEARTBEAT
2026-09-10T16:15:37.622Z HEARTBEAT
2026-09-10T16:20:37.624Z HEARTBEAT
2026-09-10T16:25:37.623Z HEARTBEAT
2026-09-10T16:30:37.630Z HEARTBEAT
2026-09-10T16:35:37.639Z HEARTBEAT
2026-09-10T16:40:37.651Z HEARTBEAT
2026-09-10T16:45:37.651Z HEARTBEAT
2026-09-10T16:50:37.667Z HEARTBEAT
2026-09-10T16:55:37.671Z HEARTBEAT
2026-09-10T17:00:37.675Z HEARTBEAT
2026-09-10T17:05:37.677Z HEARTBEAT
2026-09-10T17:10:16.984Z cycle: 18 pending, 2 due
2026-09-10T17:10:18.286Z OK 深海珊瑚 已停止刷新 (201)
2026-09-10T17:10:18.722Z OK 深海珊瑚 分身5 已停止刷新 (201)
2026-09-10T17:10:37.689Z HEARTBEAT
2026-09-10T17:15:37.703Z HEARTBEAT
2026-09-10T17:20:37.705Z HEARTBEAT
2026-09-10T17:25:37.714Z HEARTBEAT
2026-09-10T17:28:47.074Z cycle: 20 pending, 1 due
2026-09-10T17:28:48.024Z OK 真龙印宝箱 刷新时间已到 (201)
2026-09-10T17:30:37.715Z HEARTBEAT
2026-09-10T17:35:37.721Z HEARTBEAT
2026-09-10T17:40:37.722Z HEARTBEAT
2026-09-10T17:45:37.727Z HEARTBEAT
2026-09-10T17:50:37.735Z HEARTBEAT
2026-09-10T17:55:37.747Z HEARTBEAT
2026-09-10T17:59:47.670Z cycle: 22 pending, 1 due
2026-09-10T17:59:48.760Z OK 松露 物资已刷新 (201)
2026-09-10T18:00:37.756Z HEARTBEAT
2026-09-10T18:05:37.761Z HEARTBEAT
2026-09-10T18:10:37.765Z HEARTBEAT
2026-09-10T18:15:37.771Z HEARTBEAT
2026-09-10T18:20:37.771Z HEARTBEAT
2026-09-10T18:25:37.779Z HEARTBEAT
2026-09-10T18:30:37.792Z HEARTBEAT
2026-09-10T18:35:37.797Z HEARTBEAT
2026-09-10T18:40:37.806Z HEARTBEAT
2026-09-10T18:45:37.811Z HEARTBEAT
2026-09-11T01:40:04.849Z === daemon starting ===
2026-09-11T01:40:04.862Z push daemon started (single instance)
2026-09-11T01:40:35.988Z cycle: 28 pending, 1 due
2026-09-11T01:40:36.825Z OK 芙蕾雅宝箱 刷新时间已到 (201)
2026-09-11T01:45:04.860Z HEARTBEAT
2026-09-11T01:50:04.875Z HEARTBEAT
2026-09-11T01:55:04.888Z HEARTBEAT
2026-09-11T02:00:04.887Z HEARTBEAT
2026-09-11T02:05:04.901Z HEARTBEAT
2026-09-11T02:09:05.872Z cycle: 27 pending, 1 due
2026-09-11T02:09:06.483Z OK 从容花苞 已停止刷新 (201)
2026-09-11T02:10:04.902Z HEARTBEAT
2026-09-11T02:15:04.915Z HEARTBEAT
2026-09-11T02:16:09.957Z cycle: 26 pending, 2 due
2026-09-11T02:16:10.612Z OK 从容花苞 分身2 刷新时间已到 (201)
2026-09-11T02:16:11.152Z OK 从容花苞 分身3 刷新时间已到 (201)
2026-09-11T02:20:04.921Z HEARTBEAT
2026-09-11T02:23:05.992Z cycle: 24 pending, 1 due
2026-09-11T02:23:06.609Z OK 黑曜石宝箱 刷新时间已到 (201)
2026-09-11T02:25:04.932Z HEARTBEAT
2026-09-11T02:30:04.934Z HEARTBEAT
2026-09-11T02:31:06.085Z cycle: 24 pending, 1 due
2026-09-11T02:31:06.735Z OK 黑曜石宝箱 分身1 刷新时间已到 (201)
2026-09-11T02:35:04.940Z HEARTBEAT
2026-09-11T02:40:04.953Z HEARTBEAT
2026-09-11T02:40:10.581Z cycle: 26 pending, 1 due
2026-09-11T02:40:11.251Z OK 真龙印宝箱 刷新时间已到 (201)
2026-09-11T02:41:40.670Z cycle: 27 pending, 1 due
2026-09-11T02:41:41.495Z OK 芙蕾雅宝箱 刷新时间已到 (201)
2026-09-11T02:45:04.956Z HEARTBEAT
2026-09-11T02:50:04.958Z HEARTBEAT
2026-09-11T02:53:06.611Z cycle: 32 pending, 1 due
2026-09-11T02:53:07.242Z OK 蓬莱仙 刷新时间已到 (201)
2026-09-11T02:55:04.959Z HEARTBEAT
2026-09-11T03:00:04.966Z HEARTBEAT
2026-09-11T03:05:04.979Z HEARTBEAT
2026-09-11T03:10:04.983Z HEARTBEAT
2026-09-11T03:10:36.722Z cycle: 35 pending, 1 due
2026-09-11T03:10:37.536Z OK 大贝壳 刷新时间已到 (201)
2026-09-11T03:15:04.991Z HEARTBEAT
2026-09-11T03:20:04.995Z HEARTBEAT
2026-09-11T03:23:07.439Z cycle: 34 pending, 1 due
2026-09-11T03:23:08.253Z OK 黑曜石宝箱 已停止刷新 (201)
2026-09-11T03:25:04.995Z HEARTBEAT
2026-09-11T03:30:04.995Z HEARTBEAT
2026-09-11T03:35:04.998Z HEARTBEAT
2026-09-11T03:40:05.003Z HEARTBEAT
2026-09-11T03:45:05.018Z HEARTBEAT
2026-09-11T03:50:05.023Z HEARTBEAT
2026-09-11T03:51:11.401Z cycle: 34 pending, 1 due
2026-09-11T03:51:12.265Z OK 附魔石宝箱 刷新时间已到 (201)
2026-09-11T03:55:05.029Z HEARTBEAT
2026-09-11T04:00:05.044Z HEARTBEAT
2026-09-11T04:05:05.044Z HEARTBEAT
2026-09-11T04:10:05.059Z HEARTBEAT
2026-09-11T04:15:05.074Z HEARTBEAT
2026-09-11T04:16:07.926Z cycle: 35 pending, 1 due
2026-09-11T04:16:08.551Z OK 钻头 分身1 物资已刷新 (201)
2026-09-11T04:20:05.080Z HEARTBEAT
2026-09-11T04:25:05.086Z HEARTBEAT
2026-09-11T04:30:05.098Z HEARTBEAT
2026-09-11T04:35:05.101Z HEARTBEAT
2026-09-11T04:40:05.105Z HEARTBEAT
2026-09-11T04:44:12.378Z cycle: 34 pending, 1 due
2026-09-11T04:44:13.028Z OK 从容花苞 分身3 刷新时间已到 (201)
2026-09-11T04:45:05.106Z HEARTBEAT
2026-09-11T04:50:05.112Z HEARTBEAT
2026-09-11T04:55:05.124Z HEARTBEAT
2026-09-11T05:00:05.138Z HEARTBEAT
2026-09-11T05:01:38.764Z cycle: 35 pending, 1 due
2026-09-11T05:01:39.415Z OK 黑曜石宝箱 分身2 刷新时间已到 (201)
2026-09-11T05:03:08.733Z cycle: 34 pending, 1 due
2026-09-11T05:03:09.374Z OK 黑曜石宝箱 分身3 刷新时间已到 (201)
2026-09-11T05:05:05.148Z HEARTBEAT
2026-09-11T05:10:05.154Z HEARTBEAT
2026-09-11T05:10:38.808Z cycle: 33 pending, 1 due
2026-09-11T05:10:39.501Z OK 黑曜石宝箱 分身4 刷新时间已到 (201)
2026-09-11T05:15:05.164Z HEARTBEAT
2026-09-11T05:15:08.813Z cycle: 32 pending, 1 due
2026-09-11T05:15:09.509Z OK 钻头 物资已刷新 (201)
2026-09-11T05:20:05.176Z HEARTBEAT
2026-09-11T05:25:05.187Z HEARTBEAT
2026-09-11T05:30:05.193Z HEARTBEAT
2026-09-11T05:35:05.198Z HEARTBEAT
2026-09-11T05:36:09.096Z cycle: 32 pending, 1 due
2026-09-11T05:36:09.886Z OK 芙蕾雅宝箱 已停止刷新 (201)
2026-09-11T05:40:05.209Z HEARTBEAT
2026-09-11T05:40:43.627Z cycle: 31 pending, 1 due
2026-09-11T05:40:45.368Z OK 黑曜石宝箱 分身5 刷新时间已到 (201)
2026-09-11T05:44:09.133Z cycle: 30 pending, 1 due
2026-09-11T05:44:09.949Z OK 从容花苞 分身3 已停止刷新 (201)
2026-09-11T05:45:05.212Z HEARTBEAT
2026-09-11T05:48:13.370Z cycle: 29 pending, 1 due
2026-09-11T05:48:14.273Z OK 大企鹅 刷新时间已到 (201)
2026-09-11T05:50:05.220Z HEARTBEAT
2026-09-11T05:50:43.385Z cycle: 28 pending, 1 due
2026-09-11T05:50:44.022Z OK 附魔石宝箱 已停止刷新 (201)
2026-09-11T05:52:39.387Z cycle: 27 pending, 1 due
2026-09-11T05:52:40.990Z OK 蓬莱仙 已停止刷新 (201)
2026-09-11T05:55:05.235Z HEARTBEAT
2026-09-11T06:00:05.236Z HEARTBEAT
2026-09-11T06:01:39.354Z cycle: 26 pending, 1 due
2026-09-11T06:01:40.607Z OK 黑曜石宝箱 分身2 已停止刷新 (201)
2026-09-11T06:03:09.572Z cycle: 25 pending, 1 due
2026-09-11T06:03:10.225Z OK 黑曜石宝箱 分身3 已停止刷新 (201)
2026-09-11T06:05:05.251Z HEARTBEAT
2026-09-11T06:10:05.254Z HEARTBEAT
2026-09-11T06:10:39.677Z cycle: 24 pending, 1 due
2026-09-11T06:10:40.294Z OK 黑曜石宝箱 分身4 已停止刷新 (201)
2026-09-11T06:15:05.260Z HEARTBEAT
2026-09-11T06:20:05.259Z HEARTBEAT
2026-09-11T06:25:05.271Z HEARTBEAT
2026-09-11T06:30:05.284Z HEARTBEAT
2026-09-11T06:35:05.293Z HEARTBEAT
2026-09-11T06:35:44.028Z cycle: 36 pending, 1 due
2026-09-11T06:35:44.835Z OK 钻头 物资已刷新 (201)
2026-09-11T06:40:05.307Z HEARTBEAT
2026-09-11T06:40:14.111Z cycle: 37 pending, 1 due
2026-09-11T06:40:14.749Z OK 真龙印宝箱 已停止刷新 (201)
2026-09-11T06:41:43.950Z cycle: 36 pending, 1 due
2026-09-11T06:41:44.635Z OK 芙蕾雅宝箱 已停止刷新 (201)
2026-09-11T06:45:05.314Z HEARTBEAT
2026-09-11T06:50:05.319Z HEARTBEAT
2026-09-11T06:52:10.252Z cycle: 35 pending, 1 due
2026-09-11T06:52:11.205Z OK 勇猛勋章 刷新时间已到 (201)
2026-09-11T06:55:05.331Z HEARTBEAT
2026-09-11T06:55:44.293Z cycle: 34 pending, 1 due
2026-09-11T06:55:46.660Z OK 真龙宝藏 刷新时间已到 (201)
2026-09-11T07:00:05.339Z HEARTBEAT
2026-09-11T07:05:05.343Z HEARTBEAT
2026-09-11T07:10:05.349Z HEARTBEAT
2026-09-11T07:10:44.626Z cycle: 33 pending, 1 due
2026-09-11T07:10:45.254Z OK 大贝壳 已停止刷新 (201)
2026-09-11T07:15:05.357Z HEARTBEAT
2026-09-11T07:20:05.369Z HEARTBEAT
2026-09-11T07:25:05.375Z HEARTBEAT
2026-09-11T07:30:05.382Z HEARTBEAT
2026-09-11T07:35:05.393Z HEARTBEAT
2026-09-11T07:40:05.406Z HEARTBEAT
2026-09-11T07:45:05.419Z HEARTBEAT
2026-09-11T07:50:05.422Z HEARTBEAT
2026-09-11T07:55:05.428Z HEARTBEAT
2026-09-11T08:00:05.432Z HEARTBEAT
2026-09-11T08:05:05.439Z HEARTBEAT
2026-09-11T08:10:05.451Z HEARTBEAT
2026-09-11T08:15:05.460Z HEARTBEAT
2026-09-11T08:20:05.472Z HEARTBEAT
2026-09-11T08:25:05.480Z HEARTBEAT
2026-09-11T08:30:05.495Z HEARTBEAT
2026-09-11T08:35:05.497Z HEARTBEAT
2026-09-11T08:40:05.507Z HEARTBEAT
2026-09-11T08:44:11.636Z cycle: 31 pending, 1 due
2026-09-11T08:44:12.425Z OK 黑曜石宝箱 刷新时间已到 (201)
2026-09-11T08:45:05.506Z HEARTBEAT
2026-09-11T08:45:11.714Z cycle: 30 pending, 1 due
2026-09-11T08:45:12.390Z OK 黑曜石宝箱 分身1 刷新时间已到 (201)
2026-09-11T08:46:11.818Z cycle: 29 pending, 1 due
2026-09-11T08:46:12.633Z OK 黑曜石宝箱 分身2 刷新时间已到 (201)
2026-09-11T08:50:05.510Z HEARTBEAT
2026-09-11T08:51:11.993Z cycle: 28 pending, 1 due
2026-09-11T08:51:13.156Z OK 黑曜石宝箱 分身3 刷新时间已到 (201)
2026-09-11T08:52:11.945Z cycle: 27 pending, 1 due
2026-09-11T08:52:12.526Z OK 黑曜石宝箱 分身4 刷新时间已到 (201)
2026-09-11T08:55:05.518Z HEARTBEAT
2026-09-11T09:00:05.520Z HEARTBEAT
2026-09-11T09:03:41.942Z cycle: 34 pending, 1 due
2026-09-11T09:03:42.536Z OK 黑曜石宝箱 分身5 刷新时间已到 (201)
2026-09-11T09:05:05.525Z HEARTBEAT
2026-09-11T09:09:42.253Z cycle: 33 pending, 1 due
2026-09-11T09:09:42.903Z OK 黑曜石宝箱 分身6 刷新时间已到 (201)
2026-09-11T09:10:05.526Z HEARTBEAT
2026-09-11T09:12:12.137Z cycle: 32 pending, 1 due
2026-09-11T09:12:12.770Z OK 蓬莱仙 刷新时间已到 (201)
2026-09-11T09:15:05.532Z HEARTBEAT
2026-09-11T09:20:05.542Z HEARTBEAT
2026-09-11T09:25:05.547Z HEARTBEAT
2026-09-11T09:25:12.601Z cycle: 29 pending, 1 due
2026-09-11T09:25:13.614Z OK 从容花苞 物资已刷新 (201)
2026-09-11T09:30:05.563Z HEARTBEAT
2026-09-11T09:31:12.501Z cycle: 28 pending, 1 due
2026-09-11T09:31:14.255Z OK 黑曜石宝箱 分身3 已停止刷新 (201)
2026-09-11T09:35:05.570Z HEARTBEAT
2026-09-11T09:40:05.583Z HEARTBEAT
2026-09-11T09:43:46.735Z cycle: 27 pending, 1 due
2026-09-11T09:43:47.606Z OK 黑曜石宝箱 分身5 已停止刷新 (201)
2026-09-11T09:45:05.596Z HEARTBEAT
2026-09-11T09:49:46.846Z cycle: 26 pending, 1 due
2026-09-11T09:49:47.464Z OK 黑曜石宝箱 分身6 已停止刷新 (201)
2026-09-11T09:50:05.608Z HEARTBEAT
2026-09-11T09:55:05.608Z HEARTBEAT
2026-09-11T10:00:05.614Z HEARTBEAT
2026-09-11T10:05:05.629Z HEARTBEAT
2026-09-11T10:10:05.638Z HEARTBEAT
2026-09-11T10:15:05.643Z HEARTBEAT
2026-09-11T10:20:05.653Z HEARTBEAT
2026-09-11T10:25:05.661Z HEARTBEAT
2026-09-11T10:30:05.667Z HEARTBEAT
2026-09-11T10:35:05.675Z HEARTBEAT
2026-09-11T10:40:05.676Z HEARTBEAT
2026-09-11T10:45:05.680Z HEARTBEAT
2026-09-11T10:50:05.686Z HEARTBEAT
2026-09-11T10:55:05.699Z HEARTBEAT
2026-09-11T11:00:05.706Z HEARTBEAT
2026-09-11T11:05:05.719Z HEARTBEAT
2026-09-11T11:10:05.732Z HEARTBEAT
2026-09-11T11:12:43.868Z cycle: 28 pending, 1 due
2026-09-11T11:12:44.543Z OK 黑曜石宝箱 分身7 刷新时间已到 (201)
2026-09-11T11:15:05.736Z HEARTBEAT
2026-09-11T11:20:05.747Z HEARTBEAT
2026-09-11T11:23:14.272Z cycle: 27 pending, 2 due
2026-09-11T11:23:15.132Z OK 黑曜石宝箱 分身4 刷新时间已到 (201)
2026-09-11T11:23:15.763Z OK 黑曜石宝箱 分身8 刷新时间已到 (201)
2026-09-11T11:23:44.196Z cycle: 25 pending, 1 due
2026-09-11T11:23:44.923Z OK 黑曜石宝箱 分身7 刷新时间已到 (201)
2026-09-11T11:25:05.756Z HEARTBEAT
2026-09-11T11:26:14.324Z cycle: 24 pending, 2 due
2026-09-11T11:26:14.965Z OK 黑曜石宝箱 分身8 刷新时间已到 (201)
2026-09-11T11:26:15.506Z OK 黑曜石宝箱 分身8 刷新时间已到 (201)
2026-09-11T11:30:05.761Z HEARTBEAT
2026-09-11T11:31:18.177Z cycle: 22 pending, 1 due
2026-09-11T11:31:18.898Z OK 从容花苞 刷新时间已到 (201)
2026-09-11T11:32:48.189Z cycle: 21 pending, 1 due
2026-09-11T11:32:49.664Z OK 黑曜石宝箱 分身2 刷新时间已到 (201)
2026-09-11T11:35:05.770Z HEARTBEAT
2026-09-11T11:40:05.771Z HEARTBEAT
2026-09-11T11:45:05.774Z HEARTBEAT
2026-09-11T11:50:05.775Z HEARTBEAT
2026-09-11T11:55:05.787Z HEARTBEAT
2026-09-11T12:00:05.794Z HEARTBEAT
2026-09-11T12:03:14.848Z cycle: 20 pending, 1 due
2026-09-11T12:03:15.472Z OK 黑曜石宝箱 分身4 已停止刷新 (201)
2026-09-11T12:03:44.666Z cycle: 19 pending, 2 due
2026-09-11T12:03:45.254Z OK 真龙宝藏 刷新时间已到 (201)
2026-09-11T12:03:45.780Z OK 黑曜石宝箱 分身7 已停止刷新 (201)
2026-09-11T12:05:05.796Z HEARTBEAT
2026-09-11T12:06:18.841Z cycle: 17 pending, 1 due
2026-09-11T12:06:19.537Z OK 黑曜石宝箱 分身8 已停止刷新 (201)
2026-09-11T12:09:18.938Z cycle: 16 pending, 1 due
2026-09-11T12:09:20.069Z OK 深海珊瑚 刷新时间已到 (201)
2026-09-11T12:10:05.804Z HEARTBEAT
2026-09-11T12:12:48.935Z cycle: 15 pending, 1 due
2026-09-11T12:12:49.626Z OK 黑曜石宝箱 分身2 已停止刷新 (201)
2026-09-11T12:15:05.805Z HEARTBEAT
2026-09-11T12:20:05.807Z HEARTBEAT
2026-09-11T12:25:05.814Z HEARTBEAT
2026-09-11T12:30:05.814Z HEARTBEAT
2026-09-11T12:35:05.817Z HEARTBEAT
2026-09-11T12:40:05.821Z HEARTBEAT
2026-09-11T12:45:05.821Z HEARTBEAT
2026-09-11T12:50:05.830Z HEARTBEAT
2026-09-11T12:55:05.836Z HEARTBEAT
2026-09-11T13:00:05.847Z HEARTBEAT
2026-09-11T13:05:05.854Z HEARTBEAT
2026-09-11T13:10:05.857Z HEARTBEAT
2026-09-11T13:15:05.872Z HEARTBEAT
2026-09-11T13:20:05.886Z HEARTBEAT
2026-09-11T13:25:05.889Z HEARTBEAT
2026-09-11T13:30:05.902Z HEARTBEAT
2026-09-11T13:35:05.911Z HEARTBEAT
2026-09-11T13:40:05.919Z HEARTBEAT
2026-09-11T13:45:05.925Z HEARTBEAT
2026-09-11T13:50:05.928Z HEARTBEAT
2026-09-11T13:55:05.942Z HEARTBEAT
2026-09-11T14:00:05.944Z HEARTBEAT
2026-09-11T14:05:05.948Z HEARTBEAT
2026-09-11T14:10:05.949Z HEARTBEAT
2026-09-11T14:15:03.191Z HEARTBEAT
2026-09-11T14:20:03.203Z HEARTBEAT
2026-09-11T14:25:03.209Z HEARTBEAT
2026-09-11T14:30:03.208Z HEARTBEAT
2026-09-11T14:35:03.211Z HEARTBEAT
2026-09-11T14:38:14.334Z cycle: 17 pending, 1 due
2026-09-11T14:38:15.247Z OK 钻头 物资已刷新 (201)
2026-09-11T14:40:03.220Z HEARTBEAT
2026-09-11T14:45:03.233Z HEARTBEAT
2026-09-11T14:50:03.242Z HEARTBEAT
2026-09-11T14:55:03.250Z HEARTBEAT
2026-09-11T15:00:03.265Z HEARTBEAT
2026-09-11T15:05:03.267Z HEARTBEAT
2026-09-11T15:10:03.267Z HEARTBEAT
2026-09-11T15:15:03.271Z HEARTBEAT
2026-09-11T15:20:03.284Z HEARTBEAT
2026-09-11T15:25:03.296Z HEARTBEAT
2026-09-11T15:30:03.303Z HEARTBEAT
2026-09-11T15:35:03.305Z HEARTBEAT
2026-09-11T15:40:03.318Z HEARTBEAT
2026-09-11T15:43:15.212Z cycle: 16 pending, 1 due
2026-09-11T15:43:16.372Z OK 真龙宝藏 刷新时间已到 (201)
2026-09-11T15:45:03.331Z HEARTBEAT
2026-09-11T15:50:03.337Z HEARTBEAT
2026-09-11T15:55:03.348Z HEARTBEAT
2026-09-11T16:00:03.352Z HEARTBEAT
2026-09-11T16:03:45.512Z cycle: 15 pending, 1 due
2026-09-11T16:03:46.472Z OK 真龙宝藏 已停止刷新 (201)
2026-09-11T16:05:03.366Z HEARTBEAT
2026-09-11T16:10:03.375Z HEARTBEAT
2026-09-11T16:15:03.375Z HEARTBEAT
2026-09-11T16:20:03.384Z HEARTBEAT
2026-09-11T16:25:03.387Z HEARTBEAT
2026-09-11T16:30:03.389Z HEARTBEAT
2026-09-12T02:25:33.445Z === daemon starting ===
2026-09-12T02:25:33.452Z push daemon started (single instance)
2026-09-12T02:26:04.809Z cycle: 33 pending, 1 due
2026-09-12T02:26:05.483Z OK 龙涎草 刷新时间已到 (201)
2026-09-12T02:30:33.450Z HEARTBEAT
2026-09-12T02:35:33.456Z HEARTBEAT
2026-09-12T02:40:33.458Z HEARTBEAT
2026-09-12T02:42:34.354Z cycle: 32 pending, 1 due
2026-09-12T02:42:35.052Z OK 黑曜石宝箱 分身3 刷新时间已到 (201)
2026-09-12T02:44:04.192Z cycle: 31 pending, 1 due
2026-09-12T02:44:04.795Z OK 黑曜石宝箱 分身4 刷新时间已到 (201)
2026-09-12T02:45:09.795Z Supabase non-array: object
2026-09-12T02:45:33.465Z HEARTBEAT
2026-09-12T02:45:34.355Z cycle: 30 pending, 1 due
2026-09-12T02:45:35.190Z OK 黑曜石宝箱 分身5 刷新时间已到 (201)
2026-09-12T02:48:34.421Z cycle: 29 pending, 1 due
2026-09-12T02:48:35.246Z OK 黑曜石宝箱 分身6 刷新时间已到 (201)
2026-09-12T02:50:33.480Z HEARTBEAT
2026-09-12T02:51:34.455Z cycle: 28 pending, 1 due
2026-09-12T02:51:35.085Z OK 黑曜石宝箱 分身7 刷新时间已到 (201)
2026-09-12T02:53:04.391Z cycle: 27 pending, 1 due
2026-09-12T02:53:05.017Z OK 黑曜石宝箱 分身8 刷新时间已到 (201)
2026-09-12T02:55:05.232Z cycle: 26 pending, 1 due
2026-09-12T02:55:05.903Z OK 黑曜石宝箱 分身9 刷新时间已到 (201)
2026-09-12T02:55:33.482Z HEARTBEAT
2026-09-12T03:00:33.491Z HEARTBEAT
2026-09-12T03:05:33.494Z HEARTBEAT
2026-09-12T03:10:33.507Z HEARTBEAT
2026-09-12T03:15:33.523Z HEARTBEAT
2026-09-12T03:20:33.523Z HEARTBEAT
2026-09-12T03:24:05.411Z cycle: 29 pending, 1 due
2026-09-12T03:24:06.049Z OK 黑曜石宝箱 分身4 已停止刷新 (201)
2026-09-12T03:24:34.967Z cycle: 28 pending, 1 due
2026-09-12T03:24:35.547Z OK 黑曜石宝箱 分身5 已停止刷新 (201)
2026-09-12T03:25:33.539Z HEARTBEAT
2026-09-12T03:30:33.546Z HEARTBEAT
2026-09-12T03:31:35.021Z cycle: 28 pending, 1 due
2026-09-12T03:31:35.689Z OK 黑曜石宝箱 分身7 已停止刷新 (201)
2026-09-12T03:35:06.725Z cycle: 28 pending, 1 due
2026-09-12T03:35:07.426Z OK 黑曜石宝箱 分身9 已停止刷新 (201)
2026-09-12T03:35:33.548Z HEARTBEAT
2026-09-12T03:40:33.548Z HEARTBEAT
2026-09-12T03:45:33.562Z HEARTBEAT
2026-09-12T03:50:33.576Z HEARTBEAT
2026-09-12T03:55:33.578Z HEARTBEAT
2026-09-12T04:00:33.592Z HEARTBEAT
2026-09-12T04:05:33.607Z HEARTBEAT
2026-09-12T04:10:33.609Z HEARTBEAT
2026-09-12T04:15:33.615Z HEARTBEAT
2026-09-12T04:20:33.623Z HEARTBEAT
2026-09-12T04:25:33.637Z HEARTBEAT
2026-09-12T04:26:35.839Z cycle: 29 pending, 1 due
2026-09-12T04:26:37.091Z OK 黑曜石宝箱 分身1 刷新时间已到 (201)
2026-09-12T04:30:33.645Z HEARTBEAT
2026-09-12T04:31:05.819Z cycle: 28 pending, 1 due
2026-09-12T04:31:06.396Z OK 黑曜石宝箱 分身2 刷新时间已到 (201)
2026-09-12T04:35:33.653Z HEARTBEAT
2026-09-12T04:37:36.057Z cycle: 27 pending, 1 due
2026-09-12T04:37:37.133Z OK 黑曜石宝箱 分身10 刷新时间已到 (201)
2026-09-12T04:40:33.653Z HEARTBEAT
2026-09-12T04:45:33.658Z HEARTBEAT
2026-09-12T04:50:33.671Z HEARTBEAT
2026-09-12T04:55:33.679Z HEARTBEAT
2026-09-12T04:56:36.279Z cycle: 28 pending, 1 due
2026-09-12T04:56:37.876Z OK 黑曜石宝箱 物资已刷新 (201)
2026-09-12T05:00:33.692Z HEARTBEAT
2026-09-12T05:05:33.702Z HEARTBEAT
2026-09-12T05:10:33.712Z HEARTBEAT
2026-09-12T05:15:33.720Z HEARTBEAT
2026-09-12T05:20:33.724Z HEARTBEAT
2026-09-12T05:25:33.734Z HEARTBEAT
2026-09-12T05:26:36.929Z cycle: 27 pending, 1 due
2026-09-12T05:26:37.585Z OK 黑曜石宝箱 分身1 已停止刷新 (201)
2026-09-12T05:30:33.734Z HEARTBEAT
2026-09-12T05:31:11.471Z cycle: 26 pending, 1 due
2026-09-12T05:31:12.177Z OK 黑曜石宝箱 分身2 已停止刷新 (201)
2026-09-12T05:35:33.748Z HEARTBEAT
2026-09-12T05:37:37.046Z cycle: 25 pending, 1 due
2026-09-12T05:37:37.904Z OK 黑曜石宝箱 分身10 已停止刷新 (201)
2026-09-12T05:40:33.759Z HEARTBEAT
2026-09-12T05:45:33.762Z HEARTBEAT
2026-09-12T05:50:33.769Z HEARTBEAT
2026-09-12T05:51:37.295Z cycle: 26 pending, 1 due
2026-09-12T05:51:38.104Z OK 黑曜石宝箱 分身3 刷新时间已到 (201)
2026-09-12T05:55:33.776Z HEARTBEAT
2026-09-12T05:56:07.366Z cycle: 25 pending, 1 due
2026-09-12T05:56:08.060Z OK 黑曜石宝箱 分身4 刷新时间已到 (201)
2026-09-12T06:00:33.779Z HEARTBEAT
2026-09-12T06:05:33.791Z HEARTBEAT
2026-09-12T06:10:33.803Z HEARTBEAT
2026-09-12T06:15:33.814Z HEARTBEAT
2026-09-12T06:20:33.829Z HEARTBEAT
2026-09-12T06:25:33.841Z HEARTBEAT
2026-09-12T06:30:33.852Z HEARTBEAT
2026-09-12T06:35:33.853Z HEARTBEAT
2026-09-12T06:40:33.861Z HEARTBEAT
2026-09-12T06:44:08.317Z cycle: 34 pending, 1 due
2026-09-12T06:44:08.916Z OK 从容花苞 刷新时间已到 (201)
2026-09-12T06:45:33.872Z HEARTBEAT
2026-09-12T06:50:33.874Z HEARTBEAT
2026-09-12T06:51:38.234Z cycle: 33 pending, 1 due
2026-09-12T06:51:38.946Z OK 黑曜石宝箱 分身3 已停止刷新 (201)
2026-09-12T06:54:38.393Z cycle: 29 pending, 1 due
2026-09-12T06:54:39.006Z OK 芙蕾雅宝箱 刷新时间已到 (201)
2026-09-12T06:55:33.882Z HEARTBEAT
2026-09-12T06:56:08.172Z cycle: 31 pending, 1 due
2026-09-12T06:56:08.931Z OK 黑曜石宝箱 分身4 已停止刷新 (201)
2026-09-12T06:59:08.325Z cycle: 30 pending, 1 due
2026-09-12T06:59:10.116Z OK 从容花苞 分身3 刷新时间已到 (201)
2026-09-12T07:00:33.897Z HEARTBEAT
2026-09-12T07:04:38.112Z cycle: 29 pending, 1 due
2026-09-12T07:04:38.729Z OK 从容花苞 分身10 刷新时间已到 (201)
2026-09-12T07:05:33.911Z HEARTBEAT
2026-09-12T07:08:38.238Z cycle: 28 pending, 1 due
2026-09-12T07:08:39.072Z OK 从容花苞 分身7 刷新时间已到 (201)
2026-09-12T07:10:33.912Z HEARTBEAT
2026-09-12T07:15:33.915Z HEARTBEAT
2026-09-12T07:20:33.929Z HEARTBEAT
2026-09-12T07:25:33.931Z HEARTBEAT
2026-09-12T07:28:38.714Z cycle: 29 pending, 1 due
2026-09-12T07:28:39.342Z OK 龙涎草 已停止刷新 (201)
2026-09-12T07:30:33.939Z HEARTBEAT
2026-09-12T07:31:38.646Z cycle: 28 pending, 1 due
2026-09-12T07:31:39.520Z OK 从容花苞 分身6 刷新时间已到 (201)
2026-09-12T07:35:33.946Z HEARTBEAT
2026-09-12T07:36:38.675Z cycle: 30 pending, 1 due
2026-09-12T07:36:39.665Z OK 从容花苞 分身4 刷新时间已到 (201)
2026-09-12T07:40:33.956Z HEARTBEAT
2026-09-12T07:45:33.960Z HEARTBEAT
2026-09-12T07:50:33.967Z HEARTBEAT
2026-09-12T07:55:33.976Z HEARTBEAT
2026-09-12T08:00:33.984Z HEARTBEAT
2026-09-12T08:05:33.985Z HEARTBEAT
2026-09-12T08:07:13.326Z cycle: 28 pending, 1 due
2026-09-12T08:07:13.970Z OK 水猴子 刷新时间已到 (201)
2026-09-12T08:10:33.988Z HEARTBEAT
2026-09-12T08:11:44.132Z cycle: 27 pending, 1 due
2026-09-12T08:11:44.960Z OK 从容花苞 刷新时间已到 (201)
2026-09-12T08:15:33.999Z HEARTBEAT
2026-09-12T08:19:43.354Z cycle: 26 pending, 1 due
2026-09-12T08:19:44.033Z OK 从容花苞 分身3 刷新时间已到 (201)
2026-09-12T08:20:33.999Z HEARTBEAT
2026-09-12T08:25:34.011Z HEARTBEAT
2026-09-12T08:30:34.012Z HEARTBEAT
2026-09-12T08:32:39.690Z cycle: 25 pending, 1 due
2026-09-12T08:32:40.285Z OK 从容花苞 分身10 刷新时间已到 (201)
2026-09-12T08:35:34.016Z HEARTBEAT
2026-09-12T08:40:34.019Z HEARTBEAT
2026-09-12T08:45:34.028Z HEARTBEAT
2026-09-12T08:50:34.029Z HEARTBEAT
2026-09-12T08:55:34.043Z HEARTBEAT
2026-09-12T09:00:34.048Z HEARTBEAT
2026-09-12T09:05:34.061Z HEARTBEAT
2026-09-12T09:10:34.069Z HEARTBEAT
2026-09-12T09:15:34.079Z HEARTBEAT
2026-09-12T09:20:34.080Z HEARTBEAT
2026-09-12T09:25:34.090Z HEARTBEAT
2026-09-12T09:28:40.375Z cycle: 28 pending, 1 due
2026-09-12T09:28:41.192Z OK 从容花苞 分身1 刷新时间已到 (201)
2026-09-12T09:30:34.103Z HEARTBEAT
2026-09-12T09:32:40.441Z cycle: 27 pending, 1 due
2026-09-12T09:32:41.247Z OK 从容花苞 分身10 已停止刷新 (201)
2026-09-12T09:34:40.474Z cycle: 22 pending, 1 due
2026-09-12T09:34:41.080Z OK 从容花苞 分身3 刷新时间已到 (201)
2026-09-12T09:35:11.114Z cycle: 21 pending, 1 due
2026-09-12T09:35:11.756Z OK 真龙宝藏 刷新时间已到 (201)
2026-09-12T09:35:34.116Z HEARTBEAT
2026-09-12T09:40:34.119Z HEARTBEAT
2026-09-12T09:45:34.121Z HEARTBEAT
2026-09-12T09:50:34.135Z HEARTBEAT
2026-09-12T09:55:34.141Z HEARTBEAT
2026-09-12T10:00:34.145Z HEARTBEAT
2026-09-12T10:05:34.155Z HEARTBEAT
2026-09-12T10:10:34.167Z HEARTBEAT
2026-09-12T10:15:34.166Z HEARTBEAT
2026-09-12T10:15:40.832Z cycle: 24 pending, 1 due
2026-09-12T10:15:41.561Z OK 钻头 物资已刷新 (201)
2026-09-12T10:20:34.168Z HEARTBEAT
2026-09-12T10:25:34.170Z HEARTBEAT
2026-09-12T10:30:34.181Z HEARTBEAT
2026-09-12T10:35:34.192Z HEARTBEAT
2026-09-12T10:40:34.197Z HEARTBEAT
2026-09-12T10:45:34.211Z HEARTBEAT
2026-09-12T10:50:34.223Z HEARTBEAT
2026-09-12T10:55:34.228Z HEARTBEAT
2026-09-12T11:00:34.240Z HEARTBEAT
2026-09-12T11:04:12.638Z cycle: 40 pending, 1 due
2026-09-12T11:04:13.309Z OK 芙蕾雅宝箱 刷新时间已到 (201)
2026-09-12T11:05:34.250Z HEARTBEAT
2026-09-12T11:10:34.251Z HEARTBEAT
2026-09-12T11:11:41.885Z cycle: 41 pending, 1 due
2026-09-12T11:11:42.821Z OK 从容花苞 分身4 刷新时间已到 (201)
2026-09-12T11:15:34.261Z HEARTBEAT
2026-09-12T11:20:34.260Z HEARTBEAT
2026-09-12T11:25:34.274Z HEARTBEAT
2026-09-12T11:30:34.278Z HEARTBEAT
2026-09-12T11:35:34.279Z HEARTBEAT
2026-09-12T11:40:34.288Z HEARTBEAT
2026-09-12T11:45:34.294Z HEARTBEAT
2026-09-12T11:50:34.307Z HEARTBEAT
2026-09-12T11:55:34.311Z HEARTBEAT
2026-09-12T12:00:34.320Z HEARTBEAT
2026-09-12T12:05:34.334Z HEARTBEAT
2026-09-12T12:07:12.894Z cycle: 43 pending, 1 due
2026-09-12T12:07:13.557Z OK 水猴子 已停止刷新 (201)
2026-09-12T12:07:42.459Z cycle: 42 pending, 1 due
2026-09-12T12:07:43.903Z OK 从容花苞 刷新时间已到 (201)
2026-09-12T12:10:34.336Z HEARTBEAT
2026-09-12T12:11:42.664Z cycle: 41 pending, 1 due
2026-09-12T12:11:43.344Z OK 从容花苞 分身4 已停止刷新 (201)
2026-09-12T12:12:42.875Z cycle: 40 pending, 1 due
2026-09-12T12:12:43.699Z OK 远古花苞 物资已刷新 (201)
2026-09-12T12:15:34.337Z HEARTBEAT
2026-09-12T12:20:34.352Z HEARTBEAT
2026-09-12T12:25:34.356Z HEARTBEAT
2026-09-12T12:27:16.959Z cycle: 41 pending, 1 due
2026-09-12T12:27:17.565Z OK 从容花苞 分身2 刷新时间已到 (201)
2026-09-12T12:30:34.365Z HEARTBEAT
2026-09-12T12:34:42.899Z cycle: 43 pending, 1 due
2026-09-12T12:34:43.622Z OK 远古花苞 分身10 刷新时间已到 (201)
2026-09-12T12:35:34.380Z HEARTBEAT
2026-09-12T12:40:34.388Z HEARTBEAT
2026-09-12T12:44:17.194Z cycle: 43 pending, 1 due
2026-09-12T12:44:17.892Z OK 黑曜石宝箱 刷新时间已到 (201)
2026-09-12T12:45:34.395Z HEARTBEAT
2026-09-12T12:46:13.205Z cycle: 42 pending, 2 due
2026-09-12T12:46:14.040Z OK 黑曜石宝箱 分身1 刷新时间已到 (201)
2026-09-12T12:46:14.516Z OK 黑曜石宝箱 分身5 刷新时间已到 (201)
2026-09-12T12:47:43.346Z cycle: 40 pending, 1 due
2026-09-12T12:47:44.031Z OK 黑曜石宝箱 分身2 刷新时间已到 (201)
2026-09-12T12:50:34.404Z HEARTBEAT
2026-09-12T12:50:43.144Z cycle: 39 pending, 1 due
2026-09-12T12:50:43.818Z OK 黑曜石宝箱 分身1 刷新时间已到 (201)
2026-09-12T12:52:43.356Z cycle: 38 pending, 1 due
2026-09-12T12:52:44.294Z OK 黑曜石宝箱 分身3 刷新时间已到 (201)
2026-09-12T12:55:34.410Z HEARTBEAT
2026-09-12T12:58:13.460Z cycle: 39 pending, 1 due
2026-09-12T12:58:14.157Z OK 黑曜石宝箱 分身4 刷新时间已到 (201)
2026-09-12T13:00:34.419Z HEARTBEAT
2026-09-12T13:05:34.422Z HEARTBEAT
2026-09-12T13:10:34.431Z HEARTBEAT
2026-09-12T13:15:34.444Z HEARTBEAT
2026-09-12T13:20:14.203Z cycle: 42 pending, 1 due
2026-09-12T13:20:14.930Z OK 从容花苞 分身3 刷新时间已到 (201)
2026-09-12T13:20:34.452Z HEARTBEAT
2026-09-12T13:25:34.464Z HEARTBEAT
2026-09-12T13:27:18.043Z cycle: 41 pending, 1 due
2026-09-12T13:27:19.601Z OK 从容花苞 分身2 已停止刷新 (201)
2026-09-12T13:30:34.473Z HEARTBEAT
2026-09-12T13:35:34.480Z HEARTBEAT
2026-09-12T13:38:13.988Z cycle: 42 pending, 1 due
2026-09-12T13:38:15.476Z OK 真龙宝藏 刷新时间已到 (201)
2026-09-12T13:40:34.486Z HEARTBEAT
2026-09-12T13:43:48.045Z cycle: 41 pending, 1 due
2026-09-12T13:43:50.228Z OK 黑曜石宝箱 已停止刷新 (201)
2026-09-12T13:45:34.492Z HEARTBEAT
2026-09-12T13:50:34.501Z HEARTBEAT
2026-09-12T13:55:34.514Z HEARTBEAT
2026-09-12T14:00:34.521Z HEARTBEAT
2026-09-12T14:05:34.528Z HEARTBEAT
2026-09-12T14:05:48.917Z cycle: 48 pending, 1 due
2026-09-12T14:05:49.598Z OK 从容花苞 分身4 刷新时间已到 (201)
2026-09-12T14:10:34.539Z HEARTBEAT
2026-09-12T14:15:34.550Z HEARTBEAT
2026-09-12T14:17:14.612Z cycle: 47 pending, 2 due
2026-09-12T14:17:16.117Z OK 暴动矿源虫 刷新时间已到 (201)
2026-09-12T14:17:16.508Z OK 暴动矿源虫 分身2 刷新时间已到 (201)
2026-09-12T14:20:19.949Z cycle: 45 pending, 1 due
2026-09-12T14:20:20.653Z OK 从容花苞 分身3 已停止刷新 (201)
2026-09-12T14:20:34.558Z HEARTBEAT
2026-09-12T14:25:34.570Z HEARTBEAT
2026-09-12T14:30:34.570Z HEARTBEAT
2026-09-12T14:33:14.776Z cycle: 44 pending, 1 due
2026-09-12T14:33:15.719Z OK 从容花苞 刷新时间已到 (201)
2026-09-12T14:34:44.871Z cycle: 44 pending, 1 due
2026-09-12T14:34:45.505Z OK 从容花苞 分身2 刷新时间已到 (201)
2026-09-12T14:35:34.584Z HEARTBEAT
2026-09-12T14:38:14.806Z cycle: 43 pending, 1 due
2026-09-12T14:38:15.671Z OK 芙蕾雅宝箱 刷新时间已到 (201)
2026-09-12T14:40:34.597Z HEARTBEAT
2026-09-12T14:45:34.611Z HEARTBEAT
2026-09-12T14:50:34.620Z HEARTBEAT
2026-09-12T14:53:45.401Z cycle: 44 pending, 1 due
2026-09-12T14:53:47.005Z OK 钻头 物资已刷新 (201)
2026-09-12T14:55:34.628Z HEARTBEAT
2026-09-12T14:57:15.289Z cycle: 43 pending, 1 due
2026-09-12T14:57:15.981Z OK 龟壳珍宝 刷新时间已到 (201)
2026-09-12T15:00:34.644Z HEARTBEAT
2026-09-12T15:03:15.173Z cycle: 42 pending, 1 due
2026-09-12T15:03:15.841Z OK 黑曜石宝箱 分身6 刷新时间已到 (201)
2026-09-12T15:05:34.655Z HEARTBEAT
2026-09-12T15:05:45.318Z cycle: 41 pending, 1 due
2026-09-12T15:05:45.999Z OK 从容花苞 分身4 已停止刷新 (201)
2026-09-12T15:08:19.418Z cycle: 40 pending, 1 due
2026-09-12T15:08:20.245Z OK 大贝壳 刷新时间已到 (201)
2026-09-12T15:10:34.663Z HEARTBEAT
2026-09-12T15:15:34.679Z HEARTBEAT
2026-09-12T15:20:34.686Z HEARTBEAT
2026-09-12T15:25:34.693Z HEARTBEAT
2026-09-12T15:30:34.699Z HEARTBEAT
2026-09-12T15:33:20.064Z cycle: 41 pending, 1 due
2026-09-12T15:33:22.404Z OK 小麦 物资已刷新 (201)
2026-09-12T15:34:46.128Z cycle: 41 pending, 1 due
2026-09-12T15:34:46.917Z OK 从容花苞 分身2 已停止刷新 (201)
2026-09-12T15:35:34.710Z HEARTBEAT
2026-09-12T15:40:34.718Z HEARTBEAT
2026-09-12T15:45:34.720Z HEARTBEAT
2026-09-12T15:46:15.973Z cycle: 42 pending, 1 due
2026-09-12T15:46:16.898Z OK 从容花苞 刷新时间已到 (201)
2026-09-12T15:50:34.733Z HEARTBEAT
2026-09-12T15:55:34.749Z HEARTBEAT
2026-09-12T15:55:46.007Z cycle: 41 pending, 1 due
2026-09-12T15:55:47.008Z OK 远古花苞 分身10 刷新时间已到 (201)
2026-09-12T16:00:34.758Z HEARTBEAT
2026-09-12T16:03:16.503Z cycle: 40 pending, 1 due
2026-09-12T16:03:18.114Z OK 黑曜石宝箱 分身6 已停止刷新 (201)
2026-09-12T16:05:34.761Z HEARTBEAT
2026-09-12T16:10:34.766Z HEARTBEAT
2026-09-12T16:15:34.770Z HEARTBEAT
2026-09-12T16:15:46.626Z cycle: 41 pending, 1 due
2026-09-12T16:15:47.413Z OK 黑曜石宝箱 刷新时间已到 (201)
2026-09-12T16:17:16.275Z cycle: 40 pending, 1 due
2026-09-12T16:17:18.107Z OK 暴动矿源虫 分身2 已停止刷新 (201)
2026-09-12T16:18:20.675Z cycle: 39 pending, 2 due
2026-09-12T16:18:21.465Z OK 龙涎草 刷新时间已到 (201)
2026-09-12T16:18:21.888Z OK 黑曜石宝箱 分身1 刷新时间已到 (201)
2026-09-12T16:19:50.313Z cycle: 38 pending, 1 due
2026-09-12T16:19:52.186Z OK 黑曜石宝箱 分身2 刷新时间已到 (201)
2026-09-12T16:20:34.781Z HEARTBEAT
2026-09-12T16:25:16.415Z cycle: 37 pending, 1 due
2026-09-12T16:25:17.406Z OK 黑曜石宝箱 分身3 刷新时间已到 (201)
2026-09-12T16:25:34.781Z HEARTBEAT
2026-09-12T16:28:16.525Z cycle: 36 pending, 1 due
2026-09-12T16:28:17.152Z OK 黑曜石宝箱 分身4 刷新时间已到 (201)
2026-09-12T16:30:34.785Z HEARTBEAT
2026-09-12T16:35:34.788Z HEARTBEAT
2026-09-12T16:40:20.608Z cycle: 35 pending, 1 due
2026-09-12T16:40:21.439Z OK 从容花苞 分身3 刷新时间已到 (201)
2026-09-12T16:40:34.801Z HEARTBEAT
2026-09-12T16:45:34.801Z HEARTBEAT
2026-09-12T16:46:16.723Z cycle: 34 pending, 1 due
2026-09-12T16:46:18.068Z OK 从容花苞 已停止刷新 (201)
2026-09-12T16:49:16.815Z cycle: 33 pending, 1 due
2026-09-12T16:49:17.450Z OK 钻头 物资已刷新 (201)
2026-09-12T16:50:34.802Z HEARTBEAT
2026-09-12T16:50:46.615Z cycle: 32 pending, 1 due
2026-09-12T16:50:47.930Z OK 真龙宝藏 刷新时间已到 (201)
2026-09-12T16:55:34.812Z HEARTBEAT
2026-09-13T01:13:24.134Z === daemon starting ===
2026-09-13T01:13:24.139Z push daemon started (single instance)
2026-09-13T01:18:24.147Z HEARTBEAT
2026-09-13T01:23:24.158Z HEARTBEAT
2026-09-13T01:28:24.166Z HEARTBEAT
2026-09-13T01:33:24.179Z HEARTBEAT
2026-09-13T01:38:24.179Z HEARTBEAT
2026-09-13T01:43:24.187Z HEARTBEAT
2026-09-13T01:48:24.189Z HEARTBEAT
2026-09-13T01:53:24.202Z HEARTBEAT
2026-09-13T01:57:25.651Z cycle: 17 pending, 1 due
2026-09-13T01:57:26.492Z OK 真龙宝藏 刷新时间已到 (201)
2026-09-13T01:58:24.208Z HEARTBEAT
2026-09-13T02:00:29.363Z cycle: 16 pending, 1 due
2026-09-13T02:00:30.134Z OK 龙涎草 刷新时间已到 (201)
2026-09-13T02:03:24.209Z HEARTBEAT
2026-09-13T02:08:24.220Z HEARTBEAT
2026-09-13T02:13:24.236Z HEARTBEAT
2026-09-13T02:18:24.246Z HEARTBEAT
2026-09-13T02:23:24.252Z HEARTBEAT
2026-09-13T02:28:24.262Z HEARTBEAT
2026-09-13T02:33:24.264Z HEARTBEAT
2026-09-13T02:38:24.279Z HEARTBEAT
2026-09-13T02:43:24.284Z HEARTBEAT
2026-09-13T02:48:24.291Z HEARTBEAT
2026-09-13T02:53:24.301Z HEARTBEAT
2026-09-13T02:58:24.302Z HEARTBEAT
2026-09-13T03:00:05.604Z Supabase non-array: object
2026-09-13T03:00:29.976Z cycle: 22 pending, 1 due
2026-09-13T03:00:30.817Z OK 龙涎草 刷新时间已到 (201)
2026-09-13T03:03:24.314Z HEARTBEAT
2026-09-13T03:08:24.327Z HEARTBEAT
2026-09-13T03:13:24.340Z HEARTBEAT
2026-09-13T03:14:05.678Z Supabase non-array: object
2026-09-13T03:18:24.350Z HEARTBEAT
2026-09-13T03:23:24.363Z HEARTBEAT
2026-09-13T03:28:24.368Z HEARTBEAT
2026-09-13T03:33:24.372Z HEARTBEAT
2026-09-13T03:38:24.373Z HEARTBEAT
2026-09-13T03:40:06.573Z Supabase non-array: object
2026-09-13T03:43:24.374Z HEARTBEAT
2026-09-13T03:48:24.380Z HEARTBEAT
2026-09-13T03:53:05.873Z Supabase non-array: object
2026-09-13T03:53:24.390Z HEARTBEAT
2026-09-13T03:58:24.397Z HEARTBEAT
2026-09-13T03:59:06.053Z Supabase non-array: object
2026-09-13T04:00:07.498Z cycle: 23 pending, 1 due
2026-09-13T04:00:08.108Z OK 龙涎草 刷新时间已到 (201)
2026-09-13T04:03:24.411Z HEARTBEAT
2026-09-13T04:08:24.421Z HEARTBEAT
2026-09-13T04:10:07.628Z Supabase non-array: object
2026-09-13T04:13:24.428Z HEARTBEAT
2026-09-13T04:18:24.442Z HEARTBEAT
2026-09-13T04:23:24.450Z HEARTBEAT
2026-09-13T04:26:27.392Z cycle: 22 pending, 1 due
2026-09-13T04:26:28.081Z OK 钻头 物资已刷新 (201)
2026-09-13T04:28:24.460Z HEARTBEAT
2026-09-13T04:33:24.467Z HEARTBEAT
2026-09-13T04:38:24.481Z HEARTBEAT
2026-09-13T04:40:07.411Z Supabase non-array: object
2026-09-13T04:43:24.487Z HEARTBEAT
2026-09-13T04:48:24.494Z HEARTBEAT
2026-09-13T04:53:24.496Z HEARTBEAT
2026-09-13T04:58:24.500Z HEARTBEAT
2026-09-13T05:00:32.884Z cycle: 21 pending, 1 due
2026-09-13T05:00:33.702Z OK 龙涎草 已停止刷新 (201)
2026-09-13T05:03:24.513Z HEARTBEAT
2026-09-13T05:08:24.521Z HEARTBEAT
2026-09-13T05:13:24.530Z HEARTBEAT
2026-09-13T05:18:24.535Z HEARTBEAT
2026-09-13T05:21:28.464Z cycle: 24 pending, 1 due
2026-09-13T05:21:29.119Z OK 海鳄龙 刷新时间已到 (201)
2026-09-13T05:23:24.544Z HEARTBEAT
2026-09-13T05:28:24.555Z HEARTBEAT
2026-09-13T05:33:24.564Z HEARTBEAT
2026-09-13T05:38:24.578Z HEARTBEAT
2026-09-13T05:43:24.591Z HEARTBEAT
2026-09-13T05:48:24.599Z HEARTBEAT
2026-09-13T05:53:24.602Z HEARTBEAT
2026-09-13T05:57:02.938Z cycle: 23 pending, 1 due
2026-09-13T05:57:03.772Z OK 真龙宝藏 已停止刷新 (201)
2026-09-13T05:58:24.604Z HEARTBEAT
2026-09-13T06:03:24.610Z HEARTBEAT
2026-09-13T06:08:24.612Z HEARTBEAT
2026-09-13T06:13:24.615Z HEARTBEAT
2026-09-13T06:18:24.624Z HEARTBEAT
2026-09-13T06:23:24.626Z HEARTBEAT
2026-09-13T06:28:24.634Z HEARTBEAT
2026-09-13T06:33:24.645Z HEARTBEAT
2026-09-13T06:38:24.658Z HEARTBEAT
2026-09-13T06:43:24.662Z HEARTBEAT
2026-09-13T06:48:24.662Z HEARTBEAT
2026-09-13T06:53:24.672Z HEARTBEAT
2026-09-13T06:58:24.684Z HEARTBEAT
2026-09-13T06:59:59.889Z cycle: 36 pending, 1 due
2026-09-13T07:00:03.436Z OK 水猴子 刷新时间已到 (201)
2026-09-13T07:00:29.612Z cycle: 36 pending, 1 due
2026-09-13T07:00:30.228Z OK 水猴子 刷新时间已到 (201)
2026-09-13T07:03:24.694Z HEARTBEAT
2026-09-13T07:04:33.844Z cycle: 35 pending, 1 due
2026-09-13T07:04:34.681Z OK 水猴子 分身5 刷新时间已到 (201)
2026-09-13T07:08:24.702Z HEARTBEAT
2026-09-13T07:13:24.704Z HEARTBEAT
2026-09-13T07:18:24.712Z HEARTBEAT
2026-09-13T07:23:24.712Z HEARTBEAT
2026-09-13T07:28:24.718Z HEARTBEAT
2026-09-13T07:33:24.732Z HEARTBEAT
2026-09-13T07:38:24.743Z HEARTBEAT
2026-09-13T07:43:24.747Z HEARTBEAT
2026-09-13T07:48:24.751Z HEARTBEAT
2026-09-13T07:53:24.761Z HEARTBEAT
2026-09-13T07:58:24.764Z HEARTBEAT
2026-09-13T08:00:04.098Z cycle: 42 pending, 1 due
2026-09-13T08:00:04.946Z OK 龙涎草 已停止刷新 (201)
2026-09-13T08:03:24.775Z HEARTBEAT
2026-09-13T08:08:24.777Z HEARTBEAT
2026-09-13T08:13:24.786Z HEARTBEAT
2026-09-13T08:18:24.790Z HEARTBEAT
2026-09-13T08:20:06.605Z Supabase non-array: object
2026-09-13T08:23:24.800Z HEARTBEAT
2026-09-13T08:28:24.805Z HEARTBEAT
2026-09-13T08:30:07.373Z Supabase non-array: object
2026-09-13T08:33:24.812Z HEARTBEAT
2026-09-13T08:35:06.983Z Supabase non-array: object
2026-09-13T08:38:06.348Z Supabase non-array: object
2026-09-13T08:38:24.823Z HEARTBEAT
2026-09-13T08:40:07.805Z Supabase non-array: object
2026-09-13T08:43:24.834Z HEARTBEAT
2026-09-13T08:45:06.804Z Supabase non-array: object
2026-09-13T08:48:24.848Z HEARTBEAT
2026-09-13T08:53:24.849Z HEARTBEAT
2026-09-13T08:54:01.658Z cycle: 48 pending, 1 due
2026-09-13T08:54:02.371Z OK 黑曜石宝箱 刷新时间已到 (201)
2026-09-13T08:58:06.507Z Supabase non-array: object
2026-09-13T08:58:24.859Z HEARTBEAT
2026-09-13T08:58:31.648Z cycle: 47 pending, 1 due
2026-09-13T08:58:32.334Z OK 黑曜石宝箱 分身1 刷新时间已到 (201)
2026-09-13T09:00:07.248Z cycle: 46 pending, 2 due
2026-09-13T09:00:07.876Z OK 龙涎草 已停止刷新 (201)
2026-09-13T09:00:11.046Z OK 黑曜石宝箱 分身2 刷新时间已到 (201)
2026-09-13T09:03:06.566Z Supabase non-array: object
2026-09-13T09:03:24.861Z HEARTBEAT
2026-09-13T09:03:31.626Z cycle: 44 pending, 1 due
2026-09-13T09:03:32.311Z OK 黑曜石宝箱 分身3 刷新时间已到 (201)
2026-09-13T09:06:04.100Z cycle: 43 pending, 1 due
2026-09-13T09:06:04.942Z OK 黑曜石宝箱 分身4 刷新时间已到 (201)
2026-09-13T09:08:24.876Z HEARTBEAT
2026-09-13T09:10:07.009Z Supabase non-array: object
2026-09-13T09:13:24.888Z HEARTBEAT
2026-09-13T09:15:07.692Z Supabase non-array: object
2026-09-13T09:16:06.748Z Supabase non-array: object
2026-09-13T09:18:24.901Z HEARTBEAT
2026-09-13T09:20:07.172Z Supabase non-array: object
2026-09-13T09:23:02.613Z cycle: 42 pending, 1 due
2026-09-13T09:23:03.432Z OK 北境骨龙 刷新时间已到 (201)
2026-09-13T09:23:24.903Z HEARTBEAT
2026-09-13T09:23:31.769Z cycle: 41 pending, 1 due
2026-09-13T09:23:32.555Z OK 黑曜石宝箱 分身5 刷新时间已到 (201)
2026-09-13T09:24:31.941Z cycle: 40 pending, 1 due
2026-09-13T09:24:32.581Z OK 黑曜石宝箱 分身6 刷新时间已到 (201)
2026-09-13T09:28:24.914Z HEARTBEAT
2026-09-13T09:33:24.919Z HEARTBEAT
2026-09-13T09:35:07.298Z Supabase non-array: object
2026-09-13T09:38:24.923Z HEARTBEAT
2026-09-13T09:43:24.938Z HEARTBEAT
2026-09-13T09:48:24.944Z HEARTBEAT
2026-09-13T09:53:24.951Z HEARTBEAT
2026-09-13T09:54:07.340Z Supabase non-array: object
2026-09-13T09:54:32.490Z cycle: 39 pending, 1 due
2026-09-13T09:54:33.424Z OK 黑曜石宝箱 已停止刷新 (201)
2026-09-13T09:58:03.219Z cycle: 38 pending, 1 due
2026-09-13T09:58:03.838Z OK 黑曜石宝箱 分身1 已停止刷新 (201)
2026-09-13T09:58:24.952Z HEARTBEAT
2026-09-13T10:00:15.341Z cycle: 37 pending, 3 due
2026-09-13T10:00:16.120Z OK 龙涎草 已停止刷新 (201)
2026-09-13T10:00:21.253Z OK 黑曜石宝箱 分身7 刷新时间已到 (201)
2026-09-13T10:00:23.277Z OK 黑曜石宝箱 分身2 已停止刷新 (201)
2026-09-13T10:03:02.601Z cycle: 34 pending, 1 due
2026-09-13T10:03:03.257Z OK 黑曜石宝箱 分身3 已停止刷新 (201)
2026-09-13T10:03:24.959Z HEARTBEAT
2026-09-13T10:04:32.711Z cycle: 33 pending, 1 due
2026-09-13T10:04:33.358Z OK 黑曜石宝箱 分身8 刷新时间已到 (201)
2026-09-13T10:05:08.044Z Supabase non-array: object
2026-09-13T10:06:07.166Z cycle: 32 pending, 1 due
2026-09-13T10:06:08.089Z OK 黑曜石宝箱 分身4 已停止刷新 (201)
2026-09-13T10:08:24.967Z HEARTBEAT
2026-09-13T10:10:08.359Z cycle: 27 pending, 1 due
2026-09-13T10:10:08.961Z OK 真龙宝藏 刷新时间已到 (201)
2026-09-13T10:13:24.974Z HEARTBEAT
2026-09-13T10:18:24.977Z HEARTBEAT
2026-09-13T10:23:24.978Z HEARTBEAT
2026-09-13T10:23:32.809Z cycle: 26 pending, 2 due
2026-09-13T10:23:33.519Z OK 真龙宝藏 分身2 刷新时间已到 (201)
2026-09-13T10:23:34.141Z OK 真龙宝藏 分身2 刷新时间已到 (201)
2026-09-13T10:28:24.991Z HEARTBEAT
2026-09-13T10:30:06.684Z cycle: 24 pending, 1 due
2026-09-13T10:30:07.494Z OK 真龙宝藏 分身4 刷新时间已到 (201)
2026-09-13T10:33:24.995Z HEARTBEAT
2026-09-13T10:38:24.998Z HEARTBEAT
2026-09-13T10:43:24.998Z HEARTBEAT
2026-09-13T10:48:25.011Z HEARTBEAT
2026-09-13T10:53:25.010Z HEARTBEAT
2026-09-13T10:58:25.020Z HEARTBEAT
2026-09-13T11:00:08.707Z cycle: 23 pending, 1 due
2026-09-13T11:00:09.398Z OK 水猴子 已停止刷新 (201)
2026-09-13T11:03:25.033Z HEARTBEAT
2026-09-13T11:04:33.661Z cycle: 22 pending, 1 due
2026-09-13T11:04:34.512Z OK 水猴子 分身5 已停止刷新 (201)
2026-09-13T11:08:25.045Z HEARTBEAT
2026-09-13T11:13:25.058Z HEARTBEAT
2026-09-13T11:16:37.747Z cycle: 21 pending, 1 due
2026-09-13T11:16:39.101Z OK 暴动矿源虫 刷新时间已到 (201)
2026-09-13T11:18:25.060Z HEARTBEAT
2026-09-13T11:23:25.072Z HEARTBEAT
2026-09-13T11:28:25.075Z HEARTBEAT
2026-09-13T11:33:25.076Z HEARTBEAT
2026-09-13T11:38:25.083Z HEARTBEAT
2026-09-13T11:43:25.088Z HEARTBEAT
2026-09-13T11:48:25.104Z HEARTBEAT
2026-09-13T11:53:25.111Z HEARTBEAT
2026-09-13T11:58:25.118Z HEARTBEAT
2026-09-13T12:03:25.118Z HEARTBEAT
2026-09-13T12:08:25.122Z HEARTBEAT
2026-09-13T12:13:25.124Z HEARTBEAT
2026-09-13T12:18:25.138Z HEARTBEAT
2026-09-13T12:23:25.149Z HEARTBEAT
2026-09-13T12:28:25.160Z HEARTBEAT
2026-09-13T12:33:25.174Z HEARTBEAT
2026-09-13T12:38:25.180Z HEARTBEAT
2026-09-13T12:43:25.185Z HEARTBEAT
2026-09-13T12:48:25.199Z HEARTBEAT
2026-09-13T12:50:09.116Z cycle: 25 pending, 1 due
2026-09-13T12:50:10.011Z OK 聚变矿源虫 刷新时间已到 (201)
2026-09-13T12:53:25.200Z HEARTBEAT
2026-09-13T12:58:25.206Z HEARTBEAT
2026-09-13T13:03:25.213Z HEARTBEAT
2026-09-13T13:08:25.213Z HEARTBEAT
2026-09-13T13:13:25.228Z HEARTBEAT
2026-09-13T13:16:35.585Z cycle: 24 pending, 1 due
2026-09-13T13:16:36.251Z OK 暴动矿源虫 已停止刷新 (201)
2026-09-13T13:18:25.240Z HEARTBEAT
2026-09-13T13:18:35.816Z cycle: 23 pending, 1 due
2026-09-13T13:18:36.528Z OK 真龙宝藏 刷新时间已到 (201)
2026-09-13T13:23:25.239Z HEARTBEAT
2026-09-13T13:28:25.245Z HEARTBEAT
2026-09-13T13:33:25.259Z HEARTBEAT
2026-09-13T13:38:25.258Z HEARTBEAT
2026-09-13T13:41:16.077Z fetch retry 1: fetch failed
2026-09-13T13:42:16.114Z fetch retry 1: fetch failed
2026-09-13T13:43:25.262Z HEARTBEAT
2026-09-13T13:44:16.108Z fetch retry 1: fetch failed
2026-09-13T13:46:06.012Z cycle: 23 pending, 2 due
2026-09-13T13:46:07.803Z OK 真龙宝藏 分身4 刷新时间已到 (201)
2026-09-13T13:46:08.213Z OK 真龙宝藏 分身1 刷新时间已到 (201)
2026-09-13T13:48:25.267Z HEARTBEAT
2026-09-13T13:48:36.179Z cycle: 21 pending, 1 due
2026-09-13T13:48:36.837Z OK 龙涎草 刷新时间已到 (201)
2026-09-13T13:50:06.330Z cycle: 20 pending, 1 due
2026-09-13T13:50:07.437Z OK 聚变矿源虫 已停止刷新 (201)
2026-09-13T13:53:25.271Z HEARTBEAT
2026-09-13T13:58:25.278Z HEARTBEAT
2026-09-13T14:00:10.591Z cycle: 19 pending, 1 due
2026-09-13T14:00:12.203Z OK 霜冻龙涎草 刷新时间已到 (201)
2026-09-13T14:03:25.289Z HEARTBEAT
2026-09-13T14:08:25.301Z HEARTBEAT
2026-09-13T14:09:40.934Z cycle: 18 pending, 1 due
2026-09-13T14:09:41.629Z OK 真龙宝藏 已停止刷新 (201)
2026-09-13T14:13:25.313Z HEARTBEAT
2026-09-13T14:18:25.313Z HEARTBEAT
2026-09-13T14:23:25.328Z HEARTBEAT
2026-09-13T14:23:36.658Z cycle: 17 pending, 1 due
2026-09-13T14:23:37.357Z OK 真龙宝藏 分身2 已停止刷新 (201)
2026-09-13T14:28:25.343Z HEARTBEAT
2026-09-13T14:30:08.608Z cycle: 16 pending, 1 due
2026-09-13T14:30:09.433Z OK 真龙宝藏 分身4 已停止刷新 (201)
2026-09-13T14:33:25.358Z HEARTBEAT
2026-09-13T14:38:25.359Z HEARTBEAT
2026-09-13T14:43:25.367Z HEARTBEAT
2026-09-13T14:48:25.381Z HEARTBEAT
2026-09-13T14:53:25.383Z HEARTBEAT
2026-09-13T14:58:25.396Z HEARTBEAT
2026-09-13T15:03:25.398Z HEARTBEAT
2026-09-13T15:08:25.413Z HEARTBEAT
2026-09-13T15:13:25.417Z HEARTBEAT
2026-09-13T15:18:25.423Z HEARTBEAT
2026-09-13T15:22:37.762Z cycle: 15 pending, 1 due
2026-09-13T15:22:39.556Z OK 真龙宝藏 刷新时间已到 (201)
2026-09-13T15:23:25.428Z HEARTBEAT
2026-09-13T15:28:25.441Z HEARTBEAT
2026-09-13T15:33:25.441Z HEARTBEAT
2026-09-13T15:38:25.441Z HEARTBEAT
2026-09-13T15:43:25.447Z HEARTBEAT
2026-09-13T15:48:25.448Z HEARTBEAT
2026-09-13T15:53:25.464Z HEARTBEAT
2026-09-13T15:58:25.474Z HEARTBEAT
2026-09-13T16:00:13.871Z Supabase non-array: object
2026-09-13T16:03:25.474Z HEARTBEAT
2026-09-13T16:08:25.480Z HEARTBEAT
2026-09-13T16:13:25.495Z HEARTBEAT
2026-09-13T16:18:25.499Z HEARTBEAT
2026-09-13T16:23:25.506Z HEARTBEAT
2026-09-13T16:28:25.518Z HEARTBEAT
2026-09-13T16:29:48.510Z fetch retry 1: fetch failed
2026-09-13T16:31:48.616Z fetch retry 1: fetch failed
2026-09-13T16:33:25.531Z HEARTBEAT
2026-09-13T16:38:25.544Z HEARTBEAT
2026-09-13T16:43:25.546Z HEARTBEAT
2026-09-13T16:48:25.562Z HEARTBEAT
2026-09-13T16:53:25.575Z HEARTBEAT
2026-09-13T16:58:25.579Z HEARTBEAT
2026-09-13T17:03:25.588Z HEARTBEAT
2026-09-13T17:08:25.602Z HEARTBEAT
2026-09-13T17:13:25.608Z HEARTBEAT
2026-09-13T17:18:13.318Z cycle: 12 pending, 1 due
2026-09-13T17:18:14.679Z OK 龙涎草 物资已刷新 (201)
2026-09-13T17:18:25.609Z HEARTBEAT
2026-09-13T17:23:25.623Z HEARTBEAT
2026-09-13T17:28:25.632Z HEARTBEAT
2026-09-13T23:01:19.707Z === daemon starting ===
2026-09-13T23:01:19.713Z push daemon started (single instance)
2026-09-13T23:06:19.722Z HEARTBEAT
2026-09-13T23:11:19.724Z HEARTBEAT
2026-09-13T23:16:19.735Z HEARTBEAT
2026-09-13T23:21:19.739Z HEARTBEAT
2026-09-13T23:26:19.751Z HEARTBEAT
2026-09-13T23:31:19.765Z HEARTBEAT
2026-09-13T23:36:19.774Z HEARTBEAT
2026-09-13T23:41:19.789Z HEARTBEAT
2026-09-13T23:46:19.797Z HEARTBEAT
2026-09-13T23:51:19.798Z HEARTBEAT
2026-09-13T23:56:19.801Z HEARTBEAT
2026-09-14T00:01:19.815Z HEARTBEAT
2026-09-14T00:06:19.822Z HEARTBEAT
2026-09-14T00:11:19.832Z HEARTBEAT
2026-09-14T00:16:19.843Z HEARTBEAT
2026-09-14T00:21:19.846Z HEARTBEAT
2026-09-14T00:26:19.853Z HEARTBEAT
2026-09-14T00:31:19.859Z HEARTBEAT
2026-09-14T00:36:19.864Z HEARTBEAT
2026-09-14T00:41:19.868Z HEARTBEAT
2026-09-14T00:46:19.880Z HEARTBEAT
2026-09-14T00:51:19.887Z HEARTBEAT
2026-09-14T00:56:19.888Z HEARTBEAT
2026-09-14T01:01:19.893Z HEARTBEAT
2026-09-14T01:06:19.894Z HEARTBEAT
2026-09-14T01:11:19.902Z HEARTBEAT
2026-09-14T01:16:19.916Z HEARTBEAT
2026-09-14T01:21:19.924Z HEARTBEAT
2026-09-14T01:25:22.183Z cycle: 23 pending, 1 due
2026-09-14T01:25:22.976Z OK 黑曜石宝箱 刷新时间已到 (201)
2026-09-14T01:26:19.938Z HEARTBEAT
2026-09-14T01:30:26.370Z cycle: 22 pending, 1 due
2026-09-14T01:30:27.183Z OK 黑曜石宝箱 分身1 刷新时间已到 (201)
2026-09-14T01:31:19.953Z HEARTBEAT
2026-09-14T01:31:52.213Z cycle: 21 pending, 1 due
2026-09-14T01:31:52.854Z OK 黑曜石宝箱 分身2 刷新时间已到 (201)
2026-09-14T01:32:52.645Z cycle: 20 pending, 1 due
2026-09-14T01:32:53.429Z OK 黑曜石宝箱 分身3 刷新时间已到 (201)
2026-09-14T01:33:52.372Z cycle: 19 pending, 1 due
2026-09-14T01:33:52.968Z OK 黑曜石宝箱 分身4 刷新时间已到 (201)
2026-09-14T01:36:19.954Z HEARTBEAT
2026-09-14T01:41:19.954Z HEARTBEAT
2026-09-14T01:46:19.961Z HEARTBEAT
2026-09-14T01:51:19.972Z HEARTBEAT
2026-09-14T01:56:19.972Z HEARTBEAT
2026-09-14T02:01:19.981Z HEARTBEAT
2026-09-14T02:06:19.988Z HEARTBEAT
2026-09-14T02:11:20.000Z HEARTBEAT
2026-09-14T02:16:20.014Z HEARTBEAT
2026-09-14T02:21:20.017Z HEARTBEAT
2026-09-14T02:25:23.143Z cycle: 20 pending, 1 due
2026-09-14T02:25:23.798Z OK 黑曜石宝箱 已停止刷新 (201)
2026-09-14T02:26:20.017Z HEARTBEAT
2026-09-14T02:30:23.290Z cycle: 19 pending, 1 due
2026-09-14T02:30:24.127Z OK 黑曜石宝箱 分身1 已停止刷新 (201)
2026-09-14T02:31:20.027Z HEARTBEAT
2026-09-14T02:31:53.177Z cycle: 18 pending, 1 due
2026-09-14T02:31:53.980Z OK 黑曜石宝箱 分身2 已停止刷新 (201)
2026-09-14T02:32:57.440Z cycle: 17 pending, 1 due
2026-09-14T02:32:58.106Z OK 黑曜石宝箱 分身3 已停止刷新 (201)
2026-09-14T02:33:53.407Z cycle: 16 pending, 1 due
2026-09-14T02:33:53.988Z OK 黑曜石宝箱 分身4 已停止刷新 (201)
2026-09-14T02:36:20.037Z HEARTBEAT
2026-09-14T02:41:20.048Z HEARTBEAT
2026-09-14T02:46:20.057Z HEARTBEAT
2026-09-14T02:51:20.062Z HEARTBEAT
2026-09-14T02:56:20.063Z HEARTBEAT
2026-09-14T03:01:20.069Z HEARTBEAT
2026-09-14T03:06:20.077Z HEARTBEAT
2026-09-14T03:11:20.084Z HEARTBEAT
2026-09-14T03:16:20.088Z HEARTBEAT
2026-09-14T03:21:20.092Z HEARTBEAT
2026-09-14T03:26:20.092Z HEARTBEAT
2026-09-14T03:31:20.103Z HEARTBEAT
2026-09-14T03:36:20.113Z HEARTBEAT
2026-09-14T03:41:20.121Z HEARTBEAT
2026-09-14T03:46:20.130Z HEARTBEAT
2026-09-14T03:51:20.132Z HEARTBEAT
2026-09-14T03:56:20.133Z HEARTBEAT
2026-09-14T04:01:20.134Z HEARTBEAT
2026-09-14T04:06:20.148Z HEARTBEAT
2026-09-14T04:11:20.154Z HEARTBEAT
2026-09-14T04:11:28.771Z cycle: 19 pending, 1 due
2026-09-14T04:11:29.387Z OK 真龙宝藏 刷新时间已到 (201)
2026-09-14T04:16:20.159Z HEARTBEAT
2026-09-14T04:21:20.174Z HEARTBEAT
2026-09-14T04:26:20.180Z HEARTBEAT
2026-09-14T04:31:20.191Z HEARTBEAT
2026-09-14T04:36:20.203Z HEARTBEAT
2026-09-14T04:41:20.218Z HEARTBEAT
2026-09-14T04:46:20.223Z HEARTBEAT
2026-09-14T04:51:20.235Z HEARTBEAT
2026-09-14T04:56:20.243Z HEARTBEAT
2026-09-14T05:01:20.255Z HEARTBEAT
2026-09-14T05:06:20.258Z HEARTBEAT
2026-09-14T05:11:20.266Z HEARTBEAT
2026-09-14T05:16:20.276Z HEARTBEAT
2026-09-14T05:21:20.289Z HEARTBEAT
2026-09-14T05:26:20.302Z HEARTBEAT
2026-09-14T05:31:20.302Z HEARTBEAT
2026-09-14T05:36:20.306Z HEARTBEAT
2026-09-14T05:41:20.315Z HEARTBEAT
2026-09-14T05:46:20.317Z HEARTBEAT
2026-09-14T05:51:20.321Z HEARTBEAT
2026-09-14T05:55:26.278Z cycle: 23 pending, 1 due
2026-09-14T05:55:26.926Z OK 深海珊瑚 刷新时间已到 (201)
2026-09-14T05:56:20.329Z HEARTBEAT
2026-09-14T06:01:20.337Z HEARTBEAT
2026-09-14T06:06:20.339Z HEARTBEAT
2026-09-14T06:11:20.350Z HEARTBEAT
2026-09-14T06:16:20.365Z HEARTBEAT
2026-09-14T06:19:56.721Z cycle: 20 pending, 1 due
2026-09-14T06:19:57.372Z OK 钻头 物资已刷新 (201)
2026-09-14T06:21:20.364Z HEARTBEAT
2026-09-14T06:26:20.372Z HEARTBEAT
2026-09-14T06:31:20.387Z HEARTBEAT
2026-09-14T06:36:20.391Z HEARTBEAT
2026-09-14T06:41:20.392Z HEARTBEAT
2026-09-14T06:41:30.964Z cycle: 19 pending, 1 due
2026-09-14T06:41:31.627Z OK 黑曜石宝箱 刷新时间已到 (201)
2026-09-14T06:44:30.856Z cycle: 18 pending, 1 due
2026-09-14T06:44:32.397Z OK 黑曜石宝箱 分身1 刷新时间已到 (201)
2026-09-14T06:46:20.408Z HEARTBEAT
2026-09-14T06:48:26.996Z cycle: 17 pending, 1 due
2026-09-14T06:48:27.785Z OK 黑曜石宝箱 分身2 刷新时间已到 (201)
2026-09-14T06:51:20.413Z HEARTBEAT
2026-09-14T06:56:20.419Z HEARTBEAT
2026-09-14T07:01:20.429Z HEARTBEAT
2026-09-14T07:06:20.435Z HEARTBEAT
2026-09-14T07:11:20.440Z HEARTBEAT
2026-09-14T07:16:20.442Z HEARTBEAT
2026-09-14T07:21:20.444Z HEARTBEAT
2026-09-14T07:26:20.445Z HEARTBEAT
2026-09-14T07:31:20.448Z HEARTBEAT
2026-09-14T07:36:20.461Z HEARTBEAT
2026-09-14T07:41:20.468Z HEARTBEAT
2026-09-14T07:41:31.760Z cycle: 16 pending, 1 due
2026-09-14T07:41:32.424Z OK 黑曜石宝箱 已停止刷新 (201)
2026-09-14T07:44:27.859Z cycle: 15 pending, 1 due
2026-09-14T07:44:28.528Z OK 黑曜石宝箱 分身1 已停止刷新 (201)
2026-09-14T07:46:20.468Z HEARTBEAT
2026-09-14T07:48:27.986Z cycle: 14 pending, 1 due
2026-09-14T07:48:28.601Z OK 黑曜石宝箱 分身2 已停止刷新 (201)
2026-09-14T07:51:20.480Z HEARTBEAT
2026-09-14T07:56:20.486Z HEARTBEAT
2026-09-14T08:01:20.491Z HEARTBEAT
2026-09-14T08:06:20.505Z HEARTBEAT
2026-09-14T08:11:07.410Z Supabase non-array: object
2026-09-14T08:11:20.508Z HEARTBEAT
2026-09-14T08:11:28.254Z cycle: 13 pending, 1 due
2026-09-14T08:11:29.905Z OK 真龙宝藏 已停止刷新 (201)
2026-09-14T08:16:20.514Z HEARTBEAT
2026-09-14T08:21:20.521Z HEARTBEAT
2026-09-14T08:26:20.523Z HEARTBEAT
2026-09-14T08:31:20.537Z HEARTBEAT
2026-09-14T08:36:20.547Z HEARTBEAT
2026-09-14T08:41:20.549Z HEARTBEAT
2026-09-14T08:46:20.562Z HEARTBEAT
2026-09-14T08:51:20.575Z HEARTBEAT
2026-09-14T08:56:20.589Z HEARTBEAT
2026-09-14T09:01:20.589Z HEARTBEAT
2026-09-14T09:06:20.595Z HEARTBEAT
2026-09-14T09:11:20.597Z HEARTBEAT
2026-09-14T09:16:20.611Z HEARTBEAT
2026-09-14T09:21:20.622Z HEARTBEAT
2026-09-14T09:26:20.632Z HEARTBEAT
2026-09-14T09:31:20.643Z HEARTBEAT
2026-09-14T09:36:20.655Z HEARTBEAT
2026-09-14T09:41:20.662Z HEARTBEAT
2026-09-14T09:46:20.665Z HEARTBEAT
2026-09-14T09:49:08.634Z Supabase non-array: object
2026-09-14T09:51:20.665Z HEARTBEAT
2026-09-14T09:56:20.665Z HEARTBEAT
2026-09-14T10:00:13.509Z Supabase non-array: object
2026-09-14T10:01:20.675Z HEARTBEAT
2026-09-14T10:06:20.686Z HEARTBEAT
2026-09-14T10:06:29.818Z cycle: 12 pending, 1 due
2026-09-14T10:06:30.641Z OK 龙鱼王 刷新时间已到 (201)
2026-09-14T10:11:20.689Z HEARTBEAT
2026-09-14T10:16:20.694Z HEARTBEAT
2026-09-14T10:21:20.700Z HEARTBEAT
2026-09-14T10:26:20.714Z HEARTBEAT
2026-09-14T10:31:20.721Z HEARTBEAT
2026-09-14T10:36:20.735Z HEARTBEAT
2026-09-14T10:41:20.748Z HEARTBEAT
2026-09-14T10:46:20.748Z HEARTBEAT
2026-09-14T10:51:20.761Z HEARTBEAT
2026-09-14T10:56:20.760Z HEARTBEAT
2026-09-14T11:01:20.761Z HEARTBEAT
2026-09-14T11:06:20.772Z HEARTBEAT
2026-09-14T11:11:20.779Z HEARTBEAT
2026-09-14T11:16:20.791Z HEARTBEAT
2026-09-14T11:21:20.800Z HEARTBEAT
2026-09-14T11:26:20.809Z HEARTBEAT
2026-09-14T11:31:20.816Z HEARTBEAT
2026-09-14T11:36:20.827Z HEARTBEAT
2026-09-14T11:41:20.841Z HEARTBEAT
2026-09-14T11:44:01.244Z cycle: 13 pending, 1 due
2026-09-14T11:44:02.083Z OK 大贝壳 刷新时间已到 (201)
2026-09-14T11:46:20.854Z HEARTBEAT
2026-09-14T11:51:20.868Z HEARTBEAT
2026-09-14T11:55:31.424Z cycle: 13 pending, 1 due
2026-09-14T11:55:32.247Z OK 深海珊瑚 已停止刷新 (201)
2026-09-14T11:56:20.881Z HEARTBEAT
2026-09-14T12:01:20.885Z HEARTBEAT
2026-09-14T12:06:20.898Z HEARTBEAT
2026-09-14T12:11:20.906Z HEARTBEAT
2026-09-14T12:16:20.906Z HEARTBEAT
2026-09-14T12:21:20.913Z HEARTBEAT
2026-09-14T12:26:20.922Z HEARTBEAT
2026-09-14T12:31:20.934Z HEARTBEAT
2026-09-14T12:36:20.945Z HEARTBEAT
2026-09-14T12:41:20.955Z HEARTBEAT
2026-09-14T12:46:20.964Z HEARTBEAT
2026-09-14T12:51:20.980Z HEARTBEAT
2026-09-14T12:56:20.984Z HEARTBEAT
2026-09-14T13:01:20.987Z HEARTBEAT
2026-09-14T13:06:20.998Z HEARTBEAT
2026-09-14T13:11:21.003Z HEARTBEAT
2026-09-14T13:16:21.014Z HEARTBEAT
2026-09-14T13:21:21.023Z HEARTBEAT
2026-09-14T13:26:21.032Z HEARTBEAT
2026-09-14T13:31:21.044Z HEARTBEAT
2026-09-14T13:36:21.046Z HEARTBEAT
2026-09-14T13:41:21.053Z HEARTBEAT
2026-09-14T13:46:21.067Z HEARTBEAT
2026-09-14T13:51:21.073Z HEARTBEAT
2026-09-14T13:56:21.083Z HEARTBEAT
2026-09-14T13:57:43.466Z fetch retry 1: fetch failed
2026-09-14T13:59:13.423Z fetch retry 1: fetch failed
2026-09-14T14:01:21.087Z HEARTBEAT
2026-09-14T14:06:21.098Z HEARTBEAT
2026-09-14T14:11:21.099Z HEARTBEAT
2026-09-14T14:16:21.106Z HEARTBEAT
2026-09-14T14:21:21.117Z HEARTBEAT
2026-09-14T14:26:21.128Z HEARTBEAT
2026-09-14T14:31:21.139Z HEARTBEAT
2026-09-14T14:36:21.151Z HEARTBEAT
2026-09-14T14:41:21.166Z HEARTBEAT
2026-09-14T14:46:21.174Z HEARTBEAT
2026-09-14T14:51:21.176Z HEARTBEAT
2026-09-14T14:56:21.181Z HEARTBEAT
2026-09-14T15:01:21.191Z HEARTBEAT
2026-09-14T15:06:21.203Z HEARTBEAT
2026-09-14T15:11:21.214Z HEARTBEAT
2026-09-14T15:16:21.221Z HEARTBEAT
2026-09-14T15:21:21.234Z HEARTBEAT
2026-09-14T15:26:21.240Z HEARTBEAT
2026-09-14T15:31:21.250Z HEARTBEAT
2026-09-14T15:36:21.253Z HEARTBEAT
2026-09-14T15:41:21.255Z HEARTBEAT
2026-09-14T15:46:21.255Z HEARTBEAT
2026-09-14T15:51:21.267Z HEARTBEAT
2026-09-14T15:56:21.270Z HEARTBEAT
2026-09-14T16:01:21.273Z HEARTBEAT
2026-09-14T16:06:21.285Z HEARTBEAT
2026-09-14T16:11:21.292Z HEARTBEAT
2026-09-14T16:16:21.298Z HEARTBEAT
2026-09-14T16:21:21.307Z HEARTBEAT
2026-09-14T16:26:21.321Z HEARTBEAT
2026-09-14T16:29:09.641Z cycle: 14 pending, 1 due
2026-09-14T16:29:10.334Z OK 真龙宝藏 刷新时间已到 (201)
2026-09-14T16:31:21.333Z HEARTBEAT
2026-09-14T16:36:21.346Z HEARTBEAT
2026-09-14T16:41:21.353Z HEARTBEAT
2026-09-14T16:46:21.366Z HEARTBEAT
2026-09-14T16:51:21.379Z HEARTBEAT
2026-09-14T16:56:21.382Z HEARTBEAT
2026-09-14T17:01:21.392Z HEARTBEAT
2026-09-14T17:06:21.400Z HEARTBEAT
2026-09-14T17:11:21.412Z HEARTBEAT
2026-09-14T17:16:21.419Z HEARTBEAT
2026-09-14T17:21:21.432Z HEARTBEAT
2026-09-14T17:26:21.441Z HEARTBEAT
2026-09-14T17:31:21.452Z HEARTBEAT
2026-09-14T17:36:21.466Z HEARTBEAT
2026-09-14T17:41:21.471Z HEARTBEAT
2026-09-14T17:46:21.475Z HEARTBEAT
2026-09-14T17:51:21.489Z HEARTBEAT
2026-09-14T17:56:21.503Z HEARTBEAT
2026-09-14T18:01:21.503Z HEARTBEAT
2026-09-14T18:06:21.509Z HEARTBEAT
2026-09-14T18:11:21.519Z HEARTBEAT
2026-09-14T18:16:21.529Z HEARTBEAT
2026-09-14T18:21:21.530Z HEARTBEAT
2026-09-14T18:26:21.529Z HEARTBEAT
2026-09-14T18:31:21.539Z HEARTBEAT
2026-09-14T18:36:21.554Z HEARTBEAT
2026-09-14T18:41:21.561Z HEARTBEAT
2026-09-14T18:46:19.241Z HEARTBEAT
2026-09-14T18:51:19.245Z HEARTBEAT
2026-09-14T18:56:19.255Z HEARTBEAT
2026-09-14T19:01:19.262Z HEARTBEAT
2026-09-14T19:06:19.269Z HEARTBEAT
2026-09-14T19:11:19.281Z HEARTBEAT
2026-09-14T19:16:19.296Z HEARTBEAT
2026-09-14T19:21:19.308Z HEARTBEAT
2026-09-14T19:26:19.311Z HEARTBEAT
2026-09-14T19:31:19.313Z HEARTBEAT
2026-09-14T19:36:19.315Z HEARTBEAT
2026-09-14T19:41:19.318Z HEARTBEAT
2026-09-14T19:46:19.329Z HEARTBEAT
2026-09-14T19:51:19.342Z HEARTBEAT
2026-09-14T19:56:19.355Z HEARTBEAT
2026-09-14T20:01:19.359Z HEARTBEAT
2026-09-14T20:06:19.373Z HEARTBEAT
2026-09-14T20:11:19.386Z HEARTBEAT
2026-09-14T20:16:19.394Z HEARTBEAT
2026-09-14T20:21:19.409Z HEARTBEAT
2026-09-14T20:26:19.415Z HEARTBEAT
2026-09-14T23:11:53.834Z === daemon starting ===
2026-09-14T23:11:53.839Z push daemon started (single instance)
2026-09-14T23:16:53.842Z HEARTBEAT
2026-09-14T23:21:53.856Z HEARTBEAT
2026-09-14T23:26:53.865Z HEARTBEAT
2026-09-14T23:31:53.870Z HEARTBEAT
2026-09-14T23:36:53.884Z HEARTBEAT
2026-09-14T23:41:53.893Z HEARTBEAT
2026-09-14T23:46:53.903Z HEARTBEAT
2026-09-14T23:51:53.904Z HEARTBEAT
2026-09-14T23:56:53.919Z HEARTBEAT
2026-09-15T00:01:53.931Z HEARTBEAT
2026-09-15T00:06:53.937Z HEARTBEAT
2026-09-15T00:11:53.941Z HEARTBEAT
2026-09-15T00:16:53.949Z HEARTBEAT
2026-09-15T00:21:53.953Z HEARTBEAT
2026-09-15T00:26:53.964Z HEARTBEAT
2026-09-15T00:31:53.966Z HEARTBEAT
2026-09-15T00:36:53.969Z HEARTBEAT
2026-09-15T00:41:53.984Z HEARTBEAT
2026-09-15T00:46:53.988Z HEARTBEAT
2026-09-15T00:51:53.990Z HEARTBEAT
2026-09-15T00:56:53.990Z HEARTBEAT
2026-09-15T01:01:54.003Z HEARTBEAT
2026-09-15T01:06:54.012Z HEARTBEAT
2026-09-15T01:11:54.012Z HEARTBEAT
2026-09-15T01:16:54.025Z HEARTBEAT
2026-09-15T01:21:54.032Z HEARTBEAT
2026-09-15T01:26:54.045Z HEARTBEAT
2026-09-15T01:31:54.051Z HEARTBEAT
2026-09-15T01:36:54.063Z HEARTBEAT
2026-09-15T01:41:54.075Z HEARTBEAT
2026-09-15T01:46:54.084Z HEARTBEAT
2026-09-15T01:51:54.091Z HEARTBEAT
2026-09-15T01:56:54.093Z HEARTBEAT
2026-09-15T02:01:54.095Z HEARTBEAT
2026-09-15T02:06:54.108Z HEARTBEAT
2026-09-15T02:11:54.112Z HEARTBEAT
2026-09-15T02:16:54.119Z HEARTBEAT
2026-09-15T02:21:54.131Z HEARTBEAT
2026-09-15T02:26:54.131Z HEARTBEAT
2026-09-15T02:31:54.143Z HEARTBEAT
2026-09-15T02:36:54.153Z HEARTBEAT
2026-09-15T02:41:54.162Z HEARTBEAT
2026-09-15T02:46:54.162Z HEARTBEAT
2026-09-15T02:48:27.619Z cycle: 13 pending, 1 due
2026-09-15T02:48:28.697Z OK 霜冻龙涎草 已停止刷新 (201)
2026-09-15T02:51:54.168Z HEARTBEAT
2026-09-15T02:56:54.171Z HEARTBEAT
2026-09-15T03:01:54.176Z HEARTBEAT
2026-09-15T03:06:54.187Z HEARTBEAT
2026-09-15T03:11:54.201Z HEARTBEAT
2026-09-15T03:16:54.216Z HEARTBEAT
2026-09-15T03:21:54.225Z HEARTBEAT
2026-09-15T03:26:54.233Z HEARTBEAT
2026-09-15T03:31:54.234Z HEARTBEAT
2026-09-15T03:36:54.238Z HEARTBEAT
2026-09-15T03:41:54.252Z HEARTBEAT
2026-09-15T03:46:54.260Z HEARTBEAT
2026-09-15T03:51:54.264Z HEARTBEAT
2026-09-15T03:56:54.265Z HEARTBEAT
2026-09-15T04:01:54.276Z HEARTBEAT
2026-09-15T04:06:54.288Z HEARTBEAT
2026-09-15T04:11:54.290Z HEARTBEAT
2026-09-15T04:16:54.290Z HEARTBEAT
2026-09-15T04:21:54.305Z HEARTBEAT
2026-09-15T04:26:54.313Z HEARTBEAT
2026-09-15T04:31:54.319Z HEARTBEAT
2026-09-15T04:36:54.323Z HEARTBEAT
2026-09-15T04:41:54.335Z HEARTBEAT
2026-09-15T04:46:54.340Z HEARTBEAT
2026-09-15T04:51:54.345Z HEARTBEAT
2026-09-15T04:56:54.347Z HEARTBEAT
2026-09-15T05:01:54.360Z HEARTBEAT
2026-09-15T05:06:54.372Z HEARTBEAT
2026-09-15T05:11:54.383Z HEARTBEAT
2026-09-15T05:16:54.396Z HEARTBEAT
2026-09-15T05:21:54.403Z HEARTBEAT
2026-09-15T05:26:54.408Z HEARTBEAT
2026-09-15T05:31:54.409Z HEARTBEAT
2026-09-15T05:36:30.195Z cycle: 26 pending, 1 due
2026-09-15T05:36:31.955Z OK 真龙宝藏 刷新时间已到 (201)
2026-09-15T05:36:54.417Z HEARTBEAT
2026-09-15T05:41:54.430Z HEARTBEAT
2026-09-15T05:46:54.432Z HEARTBEAT
2026-09-15T05:51:54.444Z HEARTBEAT
2026-09-15T05:56:00.320Z cycle: 25 pending, 1 due
2026-09-15T05:56:01.218Z OK 黑曜石宝箱 刷新时间已到 (201)
2026-09-15T05:56:54.452Z HEARTBEAT
2026-09-15T06:00:00.306Z cycle: 24 pending, 1 due
2026-09-15T06:00:00.925Z OK 黑曜石宝箱 分身1 刷新时间已到 (201)
2026-09-15T06:01:54.457Z HEARTBEAT
2026-09-15T06:06:54.462Z HEARTBEAT
2026-09-15T06:11:54.462Z HEARTBEAT
2026-09-15T06:16:54.477Z HEARTBEAT
2026-09-15T06:21:54.483Z HEARTBEAT
2026-09-15T06:26:54.497Z HEARTBEAT
2026-09-15T06:31:54.504Z HEARTBEAT
2026-09-15T06:36:54.517Z HEARTBEAT
2026-09-15T06:41:54.530Z HEARTBEAT
2026-09-15T06:46:54.545Z HEARTBEAT
2026-09-15T06:51:54.561Z HEARTBEAT
2026-09-15T06:56:01.243Z cycle: 31 pending, 1 due
2026-09-15T06:56:01.881Z OK 黑曜石宝箱 已停止刷新 (201)
2026-09-15T06:56:54.574Z HEARTBEAT
2026-09-15T07:00:01.299Z cycle: 30 pending, 1 due
2026-09-15T07:00:01.941Z OK 黑曜石宝箱 分身1 已停止刷新 (201)
2026-09-15T07:01:54.581Z HEARTBEAT
2026-09-15T07:06:54.583Z HEARTBEAT
2026-09-15T07:11:54.597Z HEARTBEAT
2026-09-15T07:15:35.365Z cycle: 29 pending, 1 due
2026-09-15T07:15:36.033Z OK 柱子法师 物资已刷新 (201)
2026-09-15T07:16:54.611Z HEARTBEAT
2026-09-15T07:21:54.612Z HEARTBEAT
2026-09-15T07:26:54.617Z HEARTBEAT
2026-09-15T07:31:54.631Z HEARTBEAT
2026-09-15T07:36:54.633Z HEARTBEAT
2026-09-15T07:41:54.642Z HEARTBEAT
2026-09-15T07:46:54.643Z HEARTBEAT
2026-09-15T07:51:54.655Z HEARTBEAT
2026-09-15T07:56:54.668Z HEARTBEAT
2026-09-15T08:01:54.672Z HEARTBEAT
2026-09-15T08:06:54.674Z HEARTBEAT
2026-09-15T08:11:32.550Z cycle: 29 pending, 1 due
2026-09-15T08:11:33.209Z OK 瓦雷亚宝箱 刷新时间已到 (201)
2026-09-15T08:11:54.681Z HEARTBEAT
2026-09-15T08:16:54.682Z HEARTBEAT
2026-09-15T08:21:54.686Z HEARTBEAT
2026-09-15T08:26:54.689Z HEARTBEAT
2026-09-15T08:31:54.697Z HEARTBEAT
2026-09-15T08:36:54.709Z HEARTBEAT
2026-09-15T08:39:02.740Z cycle: 30 pending, 3 due
2026-09-15T08:39:04.926Z OK 真龙宝藏 刷新时间已到 (201)
2026-09-15T08:39:05.313Z OK 暴动矿源虫 刷新时间已到 (201)
2026-09-15T08:39:05.868Z OK 真龙宝藏 分身1 刷新时间已到 (201)
2026-09-15T08:41:54.723Z HEARTBEAT
2026-09-15T08:44:06.587Z cycle: 27 pending, 1 due
2026-09-15T08:44:07.267Z OK 真龙宝藏 分身2 刷新时间已到 (201)
2026-09-15T08:46:54.729Z HEARTBEAT
2026-09-15T08:51:06.743Z cycle: 26 pending, 1 due
2026-09-15T08:51:07.549Z OK 真龙宝藏 分身3 刷新时间已到 (201)
2026-09-15T08:51:54.733Z HEARTBEAT
2026-09-15T08:54:02.755Z cycle: 25 pending, 1 due
2026-09-15T08:54:03.668Z OK 暴动矿源虫 分身3 刷新时间已到 (201)
2026-09-15T08:56:54.739Z HEARTBEAT
2026-09-15T09:01:54.747Z HEARTBEAT
2026-09-15T09:06:54.750Z HEARTBEAT
2026-09-15T09:11:54.762Z HEARTBEAT
2026-09-15T09:16:54.763Z HEARTBEAT
2026-09-15T09:21:54.773Z HEARTBEAT
2026-09-15T09:26:54.772Z HEARTBEAT
2026-09-15T09:31:54.774Z HEARTBEAT
2026-09-15T09:36:33.539Z cycle: 24 pending, 1 due
2026-09-15T09:36:34.215Z OK 真龙宝藏 已停止刷新 (201)
2026-09-15T09:36:54.782Z HEARTBEAT
2026-09-15T09:41:54.794Z HEARTBEAT
2026-09-15T09:46:54.796Z HEARTBEAT
2026-09-15T09:51:54.800Z HEARTBEAT
2026-09-15T09:56:54.806Z HEARTBEAT
2026-09-15T10:01:54.818Z HEARTBEAT
2026-09-15T10:06:54.833Z HEARTBEAT
2026-09-15T10:11:33.947Z cycle: 23 pending, 1 due
2026-09-15T10:11:34.917Z OK 瓦雷亚宝箱 已停止刷新 (201)
2026-09-15T10:11:54.847Z HEARTBEAT
2026-09-15T10:16:54.859Z HEARTBEAT
2026-09-15T10:19:07.959Z cycle: 22 pending, 1 due
2026-09-15T10:19:09.657Z OK 聚变矿源虫 刷新时间已到 (201)
2026-09-15T10:21:54.867Z HEARTBEAT
2026-09-15T10:26:54.875Z HEARTBEAT
2026-09-15T10:31:54.890Z HEARTBEAT
2026-09-15T10:36:54.897Z HEARTBEAT
2026-09-15T10:38:04.323Z cycle: 21 pending, 1 due
2026-09-15T10:38:04.989Z OK 真龙宝藏 刷新时间已到 (201)
2026-09-15T10:39:04.343Z cycle: 20 pending, 1 due
2026-09-15T10:39:04.985Z OK 暴动矿源虫 已停止刷新 (201)
2026-09-15T10:41:54.896Z HEARTBEAT
2026-09-15T10:46:54.912Z HEARTBEAT
2026-09-15T10:51:54.926Z HEARTBEAT
2026-09-15T10:54:04.504Z cycle: 19 pending, 1 due
2026-09-15T10:54:05.180Z OK 暴动矿源虫 分身3 已停止刷新 (201)
2026-09-15T10:56:54.938Z HEARTBEAT
2026-09-15T11:00:04.773Z cycle: 18 pending, 1 due
2026-09-15T11:00:05.451Z OK 夕阳花 刷新时间已到 (201)
2026-09-15T11:01:54.948Z HEARTBEAT
2026-09-15T11:06:54.960Z HEARTBEAT
2026-09-15T11:11:54.971Z HEARTBEAT
2026-09-15T11:16:54.974Z HEARTBEAT
2026-09-15T11:19:04.878Z cycle: 21 pending, 1 due
2026-09-15T11:19:06.195Z OK 聚变矿源虫 已停止刷新 (201)
2026-09-15T11:21:54.979Z HEARTBEAT
2026-09-15T11:26:54.980Z HEARTBEAT
2026-09-15T11:31:54.984Z HEARTBEAT
2026-09-15T11:36:54.997Z HEARTBEAT
2026-09-15T11:41:55.007Z HEARTBEAT
2026-09-15T11:46:55.008Z HEARTBEAT
2026-09-15T11:51:55.022Z HEARTBEAT
2026-09-15T11:56:55.034Z HEARTBEAT
2026-09-15T12:01:55.034Z HEARTBEAT
2026-09-15T12:06:55.039Z HEARTBEAT
2026-09-15T12:11:55.047Z HEARTBEAT
2026-09-15T12:16:55.051Z HEARTBEAT
2026-09-15T12:21:55.052Z HEARTBEAT
2026-09-15T12:26:55.060Z HEARTBEAT
2026-09-15T12:31:55.072Z HEARTBEAT
2026-09-15T12:36:55.076Z HEARTBEAT
2026-09-15T12:39:10.035Z cycle: 21 pending, 2 due
2026-09-15T12:39:11.620Z OK 真龙宝藏 已停止刷新 (201)
2026-09-15T12:39:12.059Z OK 真龙宝藏 分身1 已停止刷新 (201)
2026-09-15T12:41:55.078Z HEARTBEAT
2026-09-15T12:44:06.554Z cycle: 19 pending, 1 due
2026-09-15T12:44:07.389Z OK 真龙宝藏 分身2 已停止刷新 (201)
2026-09-15T12:46:55.080Z HEARTBEAT
2026-09-15T12:51:06.290Z cycle: 18 pending, 1 due
2026-09-15T12:51:07.243Z OK 真龙宝藏 分身3 已停止刷新 (201)
2026-09-15T12:51:55.091Z HEARTBEAT
2026-09-15T12:56:55.106Z HEARTBEAT
2026-09-15T13:01:55.107Z HEARTBEAT
2026-09-15T13:04:10.819Z cycle: 17 pending, 1 due
2026-09-15T13:04:12.099Z OK 芙蕾雅宝箱 刷新时间已到 (201)
2026-09-15T13:04:36.642Z cycle: 16 pending, 1 due
2026-09-15T13:04:37.261Z OK 芙蕾雅宝箱 分身4 刷新时间已到 (201)
2026-09-15T13:06:55.114Z HEARTBEAT
2026-09-15T13:07:46.789Z fetch retry 1: fetch failed
2026-09-15T13:07:57.475Z fetch retry 2: fetch failed
2026-09-15T13:08:06.097Z SKIP: previous cycle still running
2026-09-15T13:08:08.173Z LOOP ERROR: fetch failed
2026-09-15T13:11:55.122Z HEARTBEAT
2026-09-15T13:16:55.134Z HEARTBEAT
2026-09-15T13:21:55.146Z HEARTBEAT
2026-09-15T13:22:06.770Z cycle: 15 pending, 1 due
2026-09-15T13:22:07.589Z OK 柱子法师 物资已刷新 (201)
2026-09-15T13:26:55.160Z HEARTBEAT
2026-09-15T13:31:55.169Z HEARTBEAT
2026-09-15T13:36:55.177Z HEARTBEAT
2026-09-15T13:41:55.181Z HEARTBEAT
2026-09-15T13:46:55.190Z HEARTBEAT
2026-09-15T13:51:55.201Z HEARTBEAT
2026-09-15T13:56:55.208Z HEARTBEAT
2026-09-15T14:01:55.218Z HEARTBEAT
2026-09-15T14:06:55.226Z HEARTBEAT
2026-09-15T14:11:55.226Z HEARTBEAT
2026-09-15T14:16:55.239Z HEARTBEAT
2026-09-15T14:21:55.242Z HEARTBEAT
2026-09-15T14:26:55.245Z HEARTBEAT
2026-09-15T14:31:55.249Z HEARTBEAT
2026-09-15T14:36:55.255Z HEARTBEAT
2026-09-15T14:38:08.428Z cycle: 14 pending, 1 due
2026-09-15T14:38:09.365Z OK 真龙宝藏 已停止刷新 (201)
2026-09-15T14:41:55.259Z HEARTBEAT
2026-09-15T14:46:55.275Z HEARTBEAT
2026-09-15T14:51:55.285Z HEARTBEAT
2026-09-15T14:56:55.300Z HEARTBEAT
2026-09-15T15:01:55.308Z HEARTBEAT
2026-09-15T15:06:55.309Z HEARTBEAT
2026-09-15T15:11:55.320Z HEARTBEAT
2026-09-15T15:16:55.328Z HEARTBEAT
2026-09-15T15:21:55.333Z HEARTBEAT
2026-09-15T15:26:55.348Z HEARTBEAT
2026-09-15T15:31:55.350Z HEARTBEAT
2026-09-15T15:36:55.358Z HEARTBEAT
2026-09-15T15:41:55.359Z HEARTBEAT
2026-09-15T15:46:55.369Z HEARTBEAT
2026-09-15T15:51:55.377Z HEARTBEAT
2026-09-15T15:56:55.389Z HEARTBEAT
2026-09-15T16:01:55.404Z HEARTBEAT
2026-09-15T16:06:55.414Z HEARTBEAT
2026-09-15T16:11:55.416Z HEARTBEAT
2026-09-15T16:16:55.430Z HEARTBEAT
2026-09-15T16:21:55.432Z HEARTBEAT
2026-09-15T16:26:55.434Z HEARTBEAT
2026-09-15T16:31:55.448Z HEARTBEAT
2026-09-15T16:36:55.454Z HEARTBEAT
2026-09-15T16:41:55.456Z HEARTBEAT
2026-09-15T16:46:55.466Z HEARTBEAT
2026-09-15T16:51:55.474Z HEARTBEAT
2026-09-15T16:56:55.485Z HEARTBEAT
2026-09-15T17:01:55.498Z HEARTBEAT
2026-09-15T17:04:10.022Z cycle: 13 pending, 1 due
2026-09-15T17:04:10.878Z OK 芙蕾雅宝箱 已停止刷新 (201)
2026-09-15T17:04:44.355Z cycle: 12 pending, 1 due
2026-09-15T17:04:44.996Z OK 芙蕾雅宝箱 分身4 已停止刷新 (201)
2026-09-15T17:06:55.509Z HEARTBEAT
2026-09-15T17:11:55.520Z HEARTBEAT
2026-09-15T17:16:54.142Z HEARTBEAT
2026-09-15T17:21:54.155Z HEARTBEAT
2026-09-15T17:26:54.160Z HEARTBEAT
2026-09-15T17:31:54.163Z HEARTBEAT
2026-09-15T17:37:56.261Z === daemon starting ===
2026-09-15T17:37:56.292Z push daemon started (single instance)
2026-09-15T17:42:56.295Z HEARTBEAT
2026-09-15T17:47:56.307Z HEARTBEAT
2026-09-15T17:48:37.211Z fetch retry 1: fetch failed
2026-09-15T17:52:56.314Z HEARTBEAT
2026-09-15T17:57:56.316Z HEARTBEAT
2026-09-15T18:02:56.321Z HEARTBEAT
2026-09-15T18:07:56.321Z HEARTBEAT
2026-09-15T18:12:56.334Z HEARTBEAT
2026-09-15T18:17:56.347Z HEARTBEAT
2026-09-15T18:22:56.356Z HEARTBEAT
2026-09-15T18:27:56.367Z HEARTBEAT
2026-09-15T23:48:21.895Z === daemon starting ===
2026-09-15T23:48:21.912Z push daemon started (single instance)
2026-09-15T23:50:52.500Z cycle: 12 pending, 1 due
2026-09-15T23:50:53.152Z OK 夕阳花 分身3 刷新时间已到 (201)
2026-09-15T23:53:21.905Z HEARTBEAT
2026-09-15T23:58:21.916Z HEARTBEAT
2026-09-16T00:03:21.918Z HEARTBEAT
2026-09-16T00:08:21.922Z HEARTBEAT
2026-09-16T00:12:22.677Z cycle: 14 pending, 1 due
2026-09-16T00:12:23.330Z OK 钻头 分身2 物资已刷新 (201)
2026-09-16T00:13:21.928Z HEARTBEAT
2026-09-16T00:18:21.940Z HEARTBEAT
2026-09-16T00:23:21.941Z HEARTBEAT
2026-09-16T00:28:21.949Z HEARTBEAT
2026-09-16T00:33:21.957Z HEARTBEAT
2026-09-16T00:38:21.969Z HEARTBEAT
2026-09-16T00:41:57.262Z cycle: 14 pending, 1 due
2026-09-16T00:41:58.181Z OK 钻头 分身4 物资已刷新 (201)
2026-09-16T00:42:53.130Z cycle: 14 pending, 1 due
2026-09-16T00:42:53.910Z OK 钻头 分身4 物资已刷新 (201)
2026-09-16T00:43:21.972Z HEARTBEAT
2026-09-16T00:48:21.985Z HEARTBEAT
2026-09-16T00:53:21.992Z HEARTBEAT
2026-09-16T00:58:21.996Z HEARTBEAT
2026-09-16T01:03:22.005Z HEARTBEAT
2026-09-16T01:08:22.015Z HEARTBEAT
2026-09-16T01:13:22.018Z HEARTBEAT
2026-09-16T01:18:22.022Z HEARTBEAT
2026-09-16T01:23:22.037Z HEARTBEAT
2026-09-16T01:26:53.794Z cycle: 13 pending, 1 due
2026-09-16T01:26:54.697Z OK 钻头 物资已刷新 (201)
2026-09-16T01:28:22.037Z HEARTBEAT
2026-09-16T01:33:22.042Z HEARTBEAT
2026-09-16T01:38:22.042Z HEARTBEAT
2026-09-16T01:42:54.278Z cycle: 14 pending, 1 due
2026-09-16T01:42:54.915Z OK 钻头 分身1 物资已刷新 (201)
2026-09-16T01:43:22.057Z HEARTBEAT
2026-09-16T01:48:22.057Z HEARTBEAT
2026-09-16T01:53:22.069Z HEARTBEAT
2026-09-16T01:58:22.073Z HEARTBEAT
2026-09-16T02:03:22.079Z HEARTBEAT
2026-09-16T02:08:22.080Z HEARTBEAT
2026-09-16T02:13:22.094Z HEARTBEAT
2026-09-16T02:18:22.103Z HEARTBEAT
2026-09-16T02:22:24.859Z cycle: 17 pending, 1 due
2026-09-16T02:22:25.919Z OK 钻头 物资已刷新 (201)
2026-09-16T02:23:22.106Z HEARTBEAT
2026-09-16T02:28:22.113Z HEARTBEAT
2026-09-16T02:33:22.119Z HEARTBEAT
2026-09-16T02:38:22.132Z HEARTBEAT
2026-09-16T02:43:22.144Z HEARTBEAT
2026-09-16T02:48:22.153Z HEARTBEAT
2026-09-16T02:53:22.162Z HEARTBEAT
2026-09-16T02:58:22.177Z HEARTBEAT
2026-09-16T03:03:22.191Z HEARTBEAT
2026-09-16T03:08:22.194Z HEARTBEAT
2026-09-16T03:13:22.205Z HEARTBEAT
2026-09-16T03:18:22.207Z HEARTBEAT
2026-09-16T03:23:22.212Z HEARTBEAT
2026-09-16T03:28:22.215Z HEARTBEAT
2026-09-16T03:33:22.221Z HEARTBEAT
2026-09-16T03:38:22.233Z HEARTBEAT
2026-09-16T03:43:22.238Z HEARTBEAT
2026-09-16T03:48:22.241Z HEARTBEAT
2026-09-16T03:50:56.174Z cycle: 18 pending, 1 due
2026-09-16T03:50:57.002Z OK 夕阳花 分身3 已停止刷新 (201)
2026-09-16T03:53:22.250Z HEARTBEAT
2026-09-16T03:58:22.253Z HEARTBEAT
2026-09-16T04:01:26.650Z cycle: 17 pending, 1 due
2026-09-16T04:01:28.524Z OK 真龙宝藏 刷新时间已到 (201)
2026-09-16T04:03:22.261Z HEARTBEAT
2026-09-16T04:08:22.266Z HEARTBEAT
2026-09-16T04:10:26.483Z cycle: 16 pending, 1 due
2026-09-16T04:10:27.295Z OK 真龙宝藏 分身1 刷新时间已到 (201)
2026-09-16T04:13:22.274Z HEARTBEAT
2026-09-16T04:18:22.282Z HEARTBEAT
2026-09-16T04:23:22.282Z HEARTBEAT
2026-09-16T04:28:22.283Z HEARTBEAT
2026-09-16T04:33:22.292Z HEARTBEAT
2026-09-16T04:38:22.305Z HEARTBEAT
2026-09-16T04:43:22.318Z HEARTBEAT
2026-09-16T04:48:22.327Z HEARTBEAT
2026-09-16T04:53:22.335Z HEARTBEAT
2026-09-16T04:58:22.342Z HEARTBEAT
2026-09-16T05:03:22.344Z HEARTBEAT
2026-09-16T05:08:22.358Z HEARTBEAT
2026-09-16T05:13:22.362Z HEARTBEAT
2026-09-16T05:18:22.362Z HEARTBEAT
2026-09-16T05:23:22.365Z HEARTBEAT
2026-09-16T05:28:22.374Z HEARTBEAT
2026-09-16T05:33:22.385Z HEARTBEAT
2026-09-16T05:38:22.384Z HEARTBEAT
2026-09-16T05:43:22.395Z HEARTBEAT
2026-09-16T05:48:22.403Z HEARTBEAT
2026-09-16T05:53:22.409Z HEARTBEAT
2026-09-16T05:58:22.412Z HEARTBEAT
2026-09-16T06:03:22.426Z HEARTBEAT
2026-09-16T06:08:22.431Z HEARTBEAT
2026-09-16T06:13:22.443Z HEARTBEAT
2026-09-16T06:13:28.350Z cycle: 25 pending, 1 due
2026-09-16T06:13:29.025Z OK 黑曜石宝箱 刷新时间已到 (201)
2026-09-16T06:18:22.443Z HEARTBEAT
2026-09-16T06:18:28.369Z cycle: 24 pending, 1 due
2026-09-16T06:18:29.022Z OK 钻头 物资已刷新 (201)
2026-09-16T06:23:22.452Z HEARTBEAT
2026-09-16T06:28:22.454Z HEARTBEAT
2026-09-16T06:33:22.461Z HEARTBEAT
2026-09-16T06:38:22.464Z HEARTBEAT
2026-09-16T06:43:22.477Z HEARTBEAT
2026-09-16T06:48:22.483Z HEARTBEAT
2026-09-16T06:53:22.497Z HEARTBEAT
2026-09-16T06:58:22.497Z HEARTBEAT
2026-09-16T07:03:22.500Z HEARTBEAT
2026-09-16T07:08:22.505Z HEARTBEAT
2026-09-16T07:13:22.518Z HEARTBEAT
2026-09-16T07:13:29.671Z cycle: 25 pending, 1 due
2026-09-16T07:13:30.268Z OK 黑曜石宝箱 已停止刷新 (201)
2026-09-16T07:18:22.519Z HEARTBEAT
2026-09-16T07:23:22.533Z HEARTBEAT
2026-09-16T07:28:22.543Z HEARTBEAT
2026-09-16T07:31:29.774Z cycle: 24 pending, 1 due
2026-09-16T07:31:30.405Z OK 瓦雷亚宝箱 刷新时间已到 (201)
2026-09-16T07:33:22.547Z HEARTBEAT
2026-09-16T07:38:22.558Z HEARTBEAT
2026-09-16T07:43:22.559Z HEARTBEAT
2026-09-16T07:48:22.566Z HEARTBEAT
2026-09-16T07:53:22.569Z HEARTBEAT
2026-09-16T07:58:22.578Z HEARTBEAT
2026-09-16T08:03:22.587Z HEARTBEAT
2026-09-16T08:07:29.903Z cycle: 27 pending, 1 due
2026-09-16T08:07:30.726Z OK 天空岛精英怪 刷新时间已到 (201)
2026-09-16T08:08:22.601Z HEARTBEAT
2026-09-16T08:13:22.602Z HEARTBEAT
2026-09-16T08:15:00.202Z cycle: 26 pending, 1 due
2026-09-16T08:15:00.811Z OK 天空岛精英怪 分身2 刷新时间已到 (201)
2026-09-16T08:18:22.606Z HEARTBEAT
2026-09-16T08:19:04.419Z cycle: 25 pending, 1 due
2026-09-16T08:19:05.807Z OK 天空岛精英怪 分身3 刷新时间已到 (201)
2026-09-16T08:23:22.620Z HEARTBEAT
2026-09-16T08:27:00.216Z cycle: 24 pending, 1 due
2026-09-16T08:27:00.874Z OK 天空岛精英怪 分身5 刷新时间已到 (201)
2026-09-16T08:28:00.437Z cycle: 23 pending, 1 due
2026-09-16T08:28:01.067Z OK 天空岛精英怪 分身5 刷新时间已到 (201)
2026-09-16T08:28:22.625Z HEARTBEAT
2026-09-16T08:33:22.632Z HEARTBEAT
2026-09-16T08:38:22.638Z HEARTBEAT
2026-09-16T08:43:22.651Z HEARTBEAT
2026-09-16T08:48:22.664Z HEARTBEAT
2026-09-16T08:53:22.668Z HEARTBEAT
2026-09-16T08:58:22.671Z HEARTBEAT
2026-09-16T08:59:30.819Z cycle: 27 pending, 1 due
2026-09-16T08:59:31.496Z OK 真龙宝藏 刷新时间已到 (201)
2026-09-16T09:03:22.678Z HEARTBEAT
2026-09-16T09:07:31.118Z cycle: 26 pending, 1 due
2026-09-16T09:07:31.771Z OK 天空岛精英怪 已停止刷新 (201)
2026-09-16T09:08:22.689Z HEARTBEAT
2026-09-16T09:13:22.695Z HEARTBEAT
2026-09-16T09:15:01.214Z cycle: 25 pending, 1 due
2026-09-16T09:15:01.932Z OK 天空岛精英怪 分身2 已停止刷新 (201)
2026-09-16T09:18:22.705Z HEARTBEAT
2026-09-16T09:19:01.267Z cycle: 24 pending, 1 due
2026-09-16T09:19:02.116Z OK 天空岛精英怪 分身3 已停止刷新 (201)
2026-09-16T09:23:22.708Z HEARTBEAT
2026-09-16T09:28:22.714Z HEARTBEAT
2026-09-16T09:31:31.313Z cycle: 23 pending, 1 due
2026-09-16T09:31:31.907Z OK 瓦雷亚宝箱 已停止刷新 (201)
2026-09-16T09:33:22.723Z HEARTBEAT
2026-09-16T09:38:22.723Z HEARTBEAT
2026-09-16T09:43:22.724Z HEARTBEAT
2026-09-16T09:48:22.732Z HEARTBEAT
2026-09-16T09:53:22.745Z HEARTBEAT
2026-09-16T09:58:22.745Z HEARTBEAT
2026-09-16T10:03:22.752Z HEARTBEAT
2026-09-16T10:08:22.765Z HEARTBEAT
2026-09-16T10:13:22.777Z HEARTBEAT
2026-09-16T10:18:22.791Z HEARTBEAT
2026-09-16T10:23:22.792Z HEARTBEAT
2026-09-16T10:28:22.801Z HEARTBEAT
2026-09-16T10:33:22.801Z HEARTBEAT
2026-09-16T10:38:22.804Z HEARTBEAT
2026-09-16T10:43:22.811Z HEARTBEAT
2026-09-16T10:48:22.814Z HEARTBEAT
2026-09-16T10:53:22.826Z HEARTBEAT
2026-09-16T10:58:22.833Z HEARTBEAT
2026-09-16T11:03:22.848Z HEARTBEAT
2026-09-16T11:08:22.850Z HEARTBEAT
2026-09-16T11:13:22.865Z HEARTBEAT
2026-09-16T11:17:32.925Z cycle: 24 pending, 1 due
2026-09-16T11:17:33.755Z OK 天空岛精英怪 分身5 刷新时间已到 (201)
2026-09-16T11:18:22.878Z HEARTBEAT
2026-09-16T11:22:02.850Z cycle: 23 pending, 1 due
2026-09-16T11:22:03.629Z OK 天空岛精英怪 分身7 刷新时间已到 (201)
2026-09-16T11:23:22.880Z HEARTBEAT
2026-09-16T11:28:22.891Z HEARTBEAT
2026-09-16T11:33:22.897Z HEARTBEAT
2026-09-16T11:38:22.907Z HEARTBEAT
2026-09-16T11:43:22.910Z HEARTBEAT
2026-09-16T11:48:22.916Z HEARTBEAT
2026-09-16T11:53:22.925Z HEARTBEAT
2026-09-16T11:58:22.925Z HEARTBEAT
2026-09-16T12:03:22.929Z HEARTBEAT
2026-09-16T12:08:22.932Z HEARTBEAT
2026-09-16T12:13:22.936Z HEARTBEAT
2026-09-16T12:17:33.754Z cycle: 22 pending, 1 due
2026-09-16T12:17:34.407Z OK 天空岛精英怪 分身5 已停止刷新 (201)
2026-09-16T12:18:22.951Z HEARTBEAT
2026-09-16T12:22:04.029Z cycle: 21 pending, 1 due
2026-09-16T12:22:05.400Z OK 天空岛精英怪 分身7 已停止刷新 (201)
2026-09-16T12:23:22.961Z HEARTBEAT
2026-09-16T12:28:22.973Z HEARTBEAT
2026-09-16T12:33:22.977Z HEARTBEAT
2026-09-16T12:38:22.978Z HEARTBEAT
2026-09-16T12:43:22.992Z HEARTBEAT
2026-09-16T12:48:23.004Z HEARTBEAT
2026-09-16T12:53:23.016Z HEARTBEAT
2026-09-16T12:58:23.029Z HEARTBEAT
2026-09-16T12:59:04.213Z cycle: 20 pending, 1 due
2026-09-16T12:59:05.817Z OK 真龙宝藏 已停止刷新 (201)
2026-09-16T13:03:23.040Z HEARTBEAT
2026-09-16T13:06:14.638Z fetch retry 1: fetch failed
2026-09-16T13:06:22.366Z cycle: 19 pending, 2 due
2026-09-16T13:06:23.422Z OK 聚变矿源虫 刷新时间已到 (201)
2026-09-16T13:06:23.876Z OK 聚变矿源虫 分身4 刷新时间已到 (201)
2026-09-16T13:08:23.042Z HEARTBEAT
2026-09-16T13:13:23.055Z HEARTBEAT
2026-09-16T13:18:23.064Z HEARTBEAT
2026-09-16T13:23:23.078Z HEARTBEAT
2026-09-16T13:28:23.076Z HEARTBEAT
2026-09-16T13:33:23.090Z HEARTBEAT
2026-09-16T13:38:23.094Z HEARTBEAT
2026-09-16T13:43:23.102Z HEARTBEAT
2026-09-16T13:48:23.116Z HEARTBEAT
2026-09-16T13:53:23.129Z HEARTBEAT
2026-09-16T13:58:23.134Z HEARTBEAT
2026-09-16T14:03:23.142Z HEARTBEAT
2026-09-16T14:04:09.178Z cycle: 17 pending, 1 due
2026-09-16T14:04:09.813Z OK 暴动矿源虫 刷新时间已到 (201)
2026-09-16T14:06:05.442Z cycle: 16 pending, 1 due
2026-09-16T14:06:06.377Z OK 聚变矿源虫 已停止刷新 (201)
2026-09-16T14:06:35.245Z cycle: 15 pending, 1 due
2026-09-16T14:06:36.158Z OK 聚变矿源虫 分身4 已停止刷新 (201)
2026-09-16T14:08:23.153Z HEARTBEAT
2026-09-16T14:13:23.160Z HEARTBEAT
2026-09-16T14:18:23.173Z HEARTBEAT
2026-09-16T14:21:15.682Z fetch retry 1: fetch failed
2026-09-16T14:23:23.183Z HEARTBEAT
2026-09-16T14:28:23.196Z HEARTBEAT
2026-09-16T14:33:23.205Z HEARTBEAT
2026-09-16T14:38:23.207Z HEARTBEAT
2026-09-16T14:43:23.220Z HEARTBEAT
2026-09-16T14:48:23.219Z HEARTBEAT
2026-09-16T14:53:23.220Z HEARTBEAT
2026-09-16T14:58:23.225Z HEARTBEAT
2026-09-16T15:03:23.232Z HEARTBEAT
2026-09-16T15:08:23.239Z HEARTBEAT
2026-09-16T15:13:23.252Z HEARTBEAT
2026-09-16T15:18:23.263Z HEARTBEAT
2026-09-16T15:23:23.276Z HEARTBEAT
2026-09-16T15:28:23.288Z HEARTBEAT
2026-09-16T15:33:23.301Z HEARTBEAT
2026-09-16T15:35:46.882Z fetch retry 1: fetch failed
2026-09-16T15:35:57.608Z fetch retry 2: fetch failed
2026-09-16T15:36:46.913Z fetch retry 1: fetch failed
2026-09-16T15:38:23.310Z HEARTBEAT
2026-09-16T15:43:23.322Z HEARTBEAT
2026-09-16T15:48:23.329Z HEARTBEAT
2026-09-16T15:53:23.344Z HEARTBEAT
2026-09-16T15:58:23.358Z HEARTBEAT
2026-09-16T16:03:23.373Z HEARTBEAT
2026-09-16T16:08:23.373Z HEARTBEAT
2026-09-16T16:13:23.384Z HEARTBEAT
2026-09-16T16:18:23.390Z HEARTBEAT
2026-09-16T16:23:23.403Z HEARTBEAT
2026-09-16T16:28:23.412Z HEARTBEAT
2026-09-16T16:33:23.418Z HEARTBEAT
2026-09-16T16:38:23.424Z HEARTBEAT
2026-09-17T00:45:23.441Z === daemon starting ===
2026-09-17T00:45:23.461Z push daemon started (single instance)
2026-09-17T00:50:23.459Z HEARTBEAT
2026-09-17T00:55:23.465Z HEARTBEAT
2026-09-17T01:00:23.465Z HEARTBEAT
2026-09-17T01:05:23.477Z HEARTBEAT
2026-09-17T01:10:23.490Z HEARTBEAT
2026-09-17T01:15:23.496Z HEARTBEAT
2026-09-17T01:20:23.508Z HEARTBEAT
2026-09-17T01:25:23.519Z HEARTBEAT
2026-09-17T01:30:23.530Z HEARTBEAT
2026-09-17T01:35:23.542Z HEARTBEAT
2026-09-17T01:40:23.556Z HEARTBEAT
2026-09-17T01:45:23.568Z HEARTBEAT
2026-09-17T01:50:23.580Z HEARTBEAT
2026-09-17T01:55:23.591Z HEARTBEAT
2026-09-17T02:00:23.599Z HEARTBEAT
2026-09-17T02:05:23.611Z HEARTBEAT
2026-09-17T02:10:23.614Z HEARTBEAT
2026-09-17T02:15:23.621Z HEARTBEAT
2026-09-17T02:20:23.621Z HEARTBEAT
2026-09-17T02:25:23.624Z HEARTBEAT
2026-09-17T02:30:23.628Z HEARTBEAT
2026-09-17T02:35:23.632Z HEARTBEAT
2026-09-17T02:40:23.645Z HEARTBEAT
2026-09-17T02:45:23.653Z HEARTBEAT
2026-09-17T02:50:23.663Z HEARTBEAT
2026-09-17T02:55:23.668Z HEARTBEAT
2026-09-17T03:00:23.672Z HEARTBEAT
2026-09-17T03:05:23.684Z HEARTBEAT
2026-09-17T03:10:23.687Z HEARTBEAT
2026-09-17T03:15:23.699Z HEARTBEAT
2026-09-17T03:20:23.709Z HEARTBEAT
2026-09-17T03:25:23.713Z HEARTBEAT
2026-09-17T03:30:23.725Z HEARTBEAT
2026-09-17T03:35:23.730Z HEARTBEAT
2026-09-17T03:40:23.735Z HEARTBEAT
2026-09-17T03:45:23.737Z HEARTBEAT
2026-09-17T03:50:23.742Z HEARTBEAT
2026-09-17T03:55:23.746Z HEARTBEAT
2026-09-17T04:00:23.750Z HEARTBEAT
2026-09-17T04:05:23.763Z HEARTBEAT
2026-09-17T04:10:23.767Z HEARTBEAT
2026-09-17T04:15:23.769Z HEARTBEAT
2026-09-17T04:20:23.782Z HEARTBEAT
2026-09-17T04:25:23.791Z HEARTBEAT
2026-09-17T04:30:23.803Z HEARTBEAT
2026-09-17T04:35:23.807Z HEARTBEAT
2026-09-17T04:40:23.814Z HEARTBEAT
2026-09-17T04:45:23.814Z HEARTBEAT
2026-09-17T04:50:23.825Z HEARTBEAT
2026-09-17T04:55:23.832Z HEARTBEAT
2026-09-17T05:00:23.846Z HEARTBEAT
2026-09-17T05:05:23.851Z HEARTBEAT
2026-09-17T05:10:23.865Z HEARTBEAT
2026-09-17T05:15:23.877Z HEARTBEAT
2026-09-17T05:20:23.879Z HEARTBEAT
2026-09-17T05:25:23.881Z HEARTBEAT
2026-09-17T05:30:23.895Z HEARTBEAT
2026-09-17T05:35:23.905Z HEARTBEAT
2026-09-17T05:40:23.911Z HEARTBEAT
2026-09-17T05:45:23.922Z HEARTBEAT
2026-09-17T05:50:23.932Z HEARTBEAT
2026-09-17T05:55:23.947Z HEARTBEAT
2026-09-17T06:00:23.958Z HEARTBEAT
2026-09-17T06:05:23.971Z HEARTBEAT
2026-09-17T06:10:23.979Z HEARTBEAT
2026-09-17T06:15:23.982Z HEARTBEAT
2026-09-17T06:20:23.989Z HEARTBEAT
2026-09-17T06:25:23.991Z HEARTBEAT
2026-09-17T06:30:23.996Z HEARTBEAT
2026-09-17T06:35:23.999Z HEARTBEAT
2026-09-17T06:40:24.007Z HEARTBEAT
2026-09-17T06:45:24.015Z HEARTBEAT
2026-09-17T06:50:24.020Z HEARTBEAT
2026-09-17T06:55:24.024Z HEARTBEAT
2026-09-17T07:00:24.030Z HEARTBEAT
2026-09-17T07:05:24.038Z HEARTBEAT
2026-09-17T07:10:24.046Z HEARTBEAT
2026-09-17T07:15:24.055Z HEARTBEAT
2026-09-17T07:20:24.069Z HEARTBEAT
2026-09-17T07:25:24.075Z HEARTBEAT
2026-09-17T07:30:24.079Z HEARTBEAT
2026-09-17T07:35:24.087Z HEARTBEAT
2026-09-17T07:40:24.095Z HEARTBEAT
2026-09-17T07:45:24.097Z HEARTBEAT
2026-09-17T07:50:24.107Z HEARTBEAT
2026-09-17T07:55:24.114Z HEARTBEAT
2026-09-17T08:00:24.118Z HEARTBEAT
2026-09-17T08:05:24.126Z HEARTBEAT
2026-09-17T08:10:24.132Z HEARTBEAT
2026-09-17T08:15:24.135Z HEARTBEAT
2026-09-17T08:19:30.818Z cycle: 23 pending, 1 due
2026-09-17T08:19:31.453Z OK 暴动矿源虫 物资已刷新 (201)
2026-09-17T08:20:24.145Z HEARTBEAT
2026-09-17T08:25:24.148Z HEARTBEAT
2026-09-17T08:30:24.159Z HEARTBEAT
2026-09-17T08:35:24.172Z HEARTBEAT
2026-09-17T08:40:24.178Z HEARTBEAT
2026-09-17T08:45:24.193Z HEARTBEAT
2026-09-17T08:50:24.203Z HEARTBEAT
2026-09-17T08:55:24.212Z HEARTBEAT
2026-09-17T09:00:24.217Z HEARTBEAT
2026-09-17T09:05:24.231Z HEARTBEAT
2026-09-17T09:10:24.235Z HEARTBEAT
2026-09-17T09:15:24.242Z HEARTBEAT
2026-09-17T09:20:24.242Z HEARTBEAT
2026-09-17T09:25:24.249Z HEARTBEAT
2026-09-17T09:30:24.260Z HEARTBEAT
2026-09-17T09:35:24.268Z HEARTBEAT
2026-09-17T09:40:24.272Z HEARTBEAT
2026-09-17T09:45:24.272Z HEARTBEAT
2026-09-17T09:50:24.282Z HEARTBEAT
2026-09-17T09:53:02.102Z cycle: 23 pending, 1 due
2026-09-17T09:53:02.767Z OK 柱子法师 物资已刷新 (201)
2026-09-17T09:55:24.290Z HEARTBEAT
2026-09-17T09:59:02.201Z cycle: 24 pending, 1 due
2026-09-17T09:59:02.849Z OK 聚变矿源虫 物资已刷新 (201)
2026-09-17T10:00:24.293Z HEARTBEAT
2026-09-17T10:05:24.293Z HEARTBEAT
2026-09-17T10:10:24.298Z HEARTBEAT
2026-09-17T10:15:24.300Z HEARTBEAT
2026-09-17T10:20:24.315Z HEARTBEAT
2026-09-17T10:25:22.568Z HEARTBEAT
2026-09-17T10:30:22.570Z HEARTBEAT
2026-09-17T10:35:22.582Z HEARTBEAT
2026-09-17T10:40:22.592Z HEARTBEAT
2026-09-17T10:45:22.595Z HEARTBEAT
2026-09-17T10:50:22.605Z HEARTBEAT
2026-09-17T10:55:22.618Z HEARTBEAT
2026-09-17T11:00:22.632Z HEARTBEAT
2026-09-17T11:05:22.642Z HEARTBEAT
2026-09-17T11:10:22.655Z HEARTBEAT
2026-09-17T11:15:22.669Z HEARTBEAT
2026-09-17T11:20:22.684Z HEARTBEAT
2026-09-17T11:25:22.693Z HEARTBEAT
2026-09-17T11:30:22.700Z HEARTBEAT
2026-09-17T11:35:22.708Z HEARTBEAT
2026-09-17T11:40:22.710Z HEARTBEAT
2026-09-17T11:45:22.725Z HEARTBEAT
2026-09-17T11:50:22.737Z HEARTBEAT
2026-09-17T11:55:22.750Z HEARTBEAT
2026-09-17T12:00:22.752Z HEARTBEAT
2026-09-17T12:05:22.763Z HEARTBEAT
2026-09-17T12:10:22.775Z HEARTBEAT
2026-09-17T12:15:22.784Z HEARTBEAT
2026-09-17T12:20:22.791Z HEARTBEAT
2026-09-17T12:25:22.796Z HEARTBEAT
2026-09-17T12:30:22.803Z HEARTBEAT
2026-09-17T12:35:22.813Z HEARTBEAT
2026-09-17T12:40:22.826Z HEARTBEAT
2026-09-17T12:45:22.830Z HEARTBEAT
2026-09-17T12:50:22.833Z HEARTBEAT
2026-09-17T12:55:22.836Z HEARTBEAT
2026-09-17T13:00:22.837Z HEARTBEAT
2026-09-17T13:05:22.847Z HEARTBEAT
2026-09-17T13:10:22.859Z HEARTBEAT
2026-09-17T13:13:03.294Z cycle: 24 pending, 2 due
2026-09-17T13:13:04.239Z OK 龙涎草 刷新时间已到 (201)
2026-09-17T13:13:04.653Z OK 龙涎草 分身1 刷新时间已到 (201)
2026-09-17T13:15:22.871Z HEARTBEAT
2026-09-17T13:20:22.884Z HEARTBEAT
2026-09-17T13:24:03.463Z cycle: 22 pending, 2 due
2026-09-17T13:24:05.243Z OK 深海珊瑚 物资已刷新 (201)
2026-09-17T13:24:05.811Z OK 龙涎草 物资已刷新 (201)
2026-09-17T13:24:37.496Z cycle: 20 pending, 2 due
2026-09-17T13:24:38.311Z OK 远古花苞 物资已刷新 (201)
2026-09-17T13:24:38.776Z OK 霜冻龙涎草 物资已刷新 (201)
2026-09-17T13:25:22.890Z HEARTBEAT
2026-09-17T13:30:22.895Z HEARTBEAT
2026-09-17T13:35:22.904Z HEARTBEAT
2026-09-17T13:40:22.904Z HEARTBEAT
2026-09-17T13:45:22.913Z HEARTBEAT
2026-09-17T13:50:22.915Z HEARTBEAT
2026-09-17T13:55:22.920Z HEARTBEAT
2026-09-17T14:00:22.926Z HEARTBEAT
2026-09-17T14:05:22.938Z HEARTBEAT
2026-09-17T14:10:22.938Z HEARTBEAT
2026-09-17T14:10:34.371Z cycle: 18 pending, 1 due
2026-09-17T14:10:35.073Z OK 龟壳珍宝 刷新时间已到 (201)
2026-09-17T14:15:22.949Z HEARTBEAT
2026-09-17T14:20:22.956Z HEARTBEAT
2026-09-17T14:25:22.959Z HEARTBEAT
2026-09-17T14:30:22.967Z HEARTBEAT
2026-09-17T14:35:22.967Z HEARTBEAT
2026-09-17T14:40:22.973Z HEARTBEAT
2026-09-17T14:45:22.981Z HEARTBEAT
2026-09-17T14:50:22.986Z HEARTBEAT
2026-09-17T14:55:22.990Z HEARTBEAT
2026-09-17T15:00:22.991Z HEARTBEAT
2026-09-17T15:05:22.995Z HEARTBEAT
2026-09-17T15:10:22.997Z HEARTBEAT
2026-09-17T15:15:23.008Z HEARTBEAT
2026-09-17T15:20:23.018Z HEARTBEAT
2026-09-17T15:25:23.018Z HEARTBEAT
2026-09-17T15:30:23.032Z HEARTBEAT
2026-09-17T15:35:23.047Z HEARTBEAT
2026-09-17T15:39:36.205Z cycle: 22 pending, 1 due
2026-09-17T15:39:39.675Z OK 柱子法师 物资已刷新 (201)
2026-09-17T15:40:23.053Z HEARTBEAT
2026-09-17T15:42:10.087Z cycle: 21 pending, 1 due
2026-09-17T15:42:10.977Z OK 柱子法师 刷新时间已到 (201)
2026-09-17T15:45:23.068Z HEARTBEAT
2026-09-17T15:50:23.078Z HEARTBEAT
2026-09-17T15:55:23.088Z HEARTBEAT
2026-09-17T16:00:23.090Z HEARTBEAT
2026-09-17T16:05:23.097Z HEARTBEAT
2026-09-17T16:10:23.103Z HEARTBEAT
2026-09-17T16:12:06.274Z cycle: 22 pending, 1 due
2026-09-17T16:12:07.628Z OK 柱子法师 已停止刷新 (201)
2026-09-17T16:15:23.110Z HEARTBEAT
2026-09-17T16:20:23.122Z HEARTBEAT
2026-09-17T16:24:06.618Z cycle: 25 pending, 1 due
2026-09-17T16:24:07.475Z OK 夕阳花 物资已刷新 (201)
2026-09-17T16:25:23.128Z HEARTBEAT
2026-09-17T16:30:23.137Z HEARTBEAT
2026-09-17T16:35:23.141Z HEARTBEAT
2026-09-17T16:40:23.145Z HEARTBEAT
2026-09-17T16:45:23.150Z HEARTBEAT
2026-09-17T16:50:23.154Z HEARTBEAT
2026-09-17T16:55:23.162Z HEARTBEAT
2026-09-17T17:00:23.164Z HEARTBEAT
2026-09-17T17:05:23.169Z HEARTBEAT
2026-09-17T17:10:23.171Z HEARTBEAT
2026-09-17T17:15:23.182Z HEARTBEAT
2026-09-17T17:20:23.196Z HEARTBEAT
2026-09-17T17:25:23.195Z HEARTBEAT
2026-09-17T17:30:23.208Z HEARTBEAT
2026-09-17T17:35:23.219Z HEARTBEAT
2026-09-17T17:40:23.225Z HEARTBEAT
2026-09-17T17:45:23.231Z HEARTBEAT
2026-09-17T17:50:23.232Z HEARTBEAT
2026-09-17T17:55:23.236Z HEARTBEAT
2026-09-17T18:00:23.236Z HEARTBEAT
2026-09-17T18:05:23.240Z HEARTBEAT
2026-09-17T18:10:23.253Z HEARTBEAT
2026-09-17T18:10:37.861Z cycle: 26 pending, 1 due
2026-09-17T18:10:38.700Z OK 龟壳珍宝 已停止刷新 (201)
2026-09-17T18:15:23.259Z HEARTBEAT
2026-09-17T18:20:23.271Z HEARTBEAT
2026-09-17T18:25:23.273Z HEARTBEAT
2026-09-17T18:30:23.283Z HEARTBEAT
2026-09-17T18:35:23.287Z HEARTBEAT
2026-09-17T18:40:23.296Z HEARTBEAT
2026-09-17T18:45:23.301Z HEARTBEAT
2026-09-17T18:50:23.311Z HEARTBEAT
2026-09-17T18:55:23.314Z HEARTBEAT
2026-09-17T19:00:23.316Z HEARTBEAT
2026-09-17T19:05:23.315Z HEARTBEAT
2026-09-17T19:10:23.322Z HEARTBEAT
2026-09-17T19:13:12.808Z cycle: 25 pending, 2 due
2026-09-17T19:13:13.633Z OK 龙涎草 已停止刷新 (201)
2026-09-17T19:13:14.125Z OK 龙涎草 分身1 已停止刷新 (201)
2026-09-17T19:15:23.324Z HEARTBEAT
2026-09-17T19:20:23.330Z HEARTBEAT
2026-09-17T19:25:23.343Z HEARTBEAT
2026-09-17T19:30:23.353Z HEARTBEAT
2026-09-17T19:35:23.364Z HEARTBEAT
2026-09-17T19:40:23.366Z HEARTBEAT
2026-09-17T19:45:23.370Z HEARTBEAT
2026-09-17T19:50:23.378Z HEARTBEAT
2026-09-17T19:55:23.379Z HEARTBEAT
2026-09-17T20:00:23.381Z HEARTBEAT
2026-09-17T20:05:23.389Z HEARTBEAT
2026-09-17T20:10:23.397Z HEARTBEAT
2026-09-17T20:15:23.401Z HEARTBEAT
2026-09-17T21:03:35.313Z === daemon starting ===
2026-09-17T21:03:35.335Z push daemon started (single instance)
2026-09-17T21:08:35.338Z HEARTBEAT
2026-09-17T21:13:35.352Z HEARTBEAT
2026-09-17T21:18:35.363Z HEARTBEAT
2026-09-17T21:23:35.367Z HEARTBEAT
2026-09-17T21:28:35.370Z HEARTBEAT
2026-09-17T21:33:35.379Z HEARTBEAT
2026-09-17T21:38:35.388Z HEARTBEAT
2026-09-17T21:43:35.397Z HEARTBEAT
2026-09-17T21:48:35.403Z HEARTBEAT
2026-09-17T21:49:06.589Z cycle: 35 pending, 1 due
2026-09-17T21:49:07.217Z OK 柱子法师 刷新时间已到 (201)
2026-09-17T21:53:35.414Z HEARTBEAT
2026-09-17T21:58:35.417Z HEARTBEAT
2026-09-17T22:03:35.417Z HEARTBEAT
2026-09-17T22:04:06.709Z cycle: 34 pending, 1 due
2026-09-17T22:04:07.356Z OK 柱子法师 分身3 刷新时间已到 (201)
2026-09-17T22:08:35.420Z HEARTBEAT
2026-09-17T22:13:35.434Z HEARTBEAT
2026-09-17T22:18:35.436Z HEARTBEAT
2026-09-17T22:19:07.085Z cycle: 33 pending, 1 due
2026-09-17T22:19:07.724Z OK 柱子法师 已停止刷新 (201)
2026-09-17T22:23:35.444Z HEARTBEAT
2026-09-17T22:28:35.458Z HEARTBEAT
2026-09-17T22:33:35.468Z HEARTBEAT
2026-09-17T22:34:07.087Z cycle: 34 pending, 1 due
2026-09-17T22:34:07.889Z OK 柱子法师 分身3 已停止刷新 (201)
2026-09-17T22:38:35.473Z HEARTBEAT
2026-09-17T22:43:35.474Z HEARTBEAT
2026-09-17T22:48:35.487Z HEARTBEAT
2026-09-17T22:53:35.491Z HEARTBEAT
2026-09-17T22:58:35.500Z HEARTBEAT
2026-09-17T23:03:35.502Z HEARTBEAT
2026-09-17T23:04:41.587Z cycle: 34 pending, 1 due
2026-09-17T23:04:42.230Z OK 贝壳 刷新时间已到 (201)
2026-09-17T23:06:17.884Z fetch retry 1: fetch failed
2026-09-17T23:08:35.516Z HEARTBEAT
2026-09-17T23:10:07.622Z cycle: 33 pending, 1 due
2026-09-17T23:10:08.288Z OK 真龙宝藏 刷新时间已到 (201)
2026-09-17T23:13:35.516Z HEARTBEAT
2026-09-17T23:15:07.979Z cycle: 34 pending, 1 due
2026-09-17T23:15:08.598Z OK 真龙宝藏 分身7 刷新时间已到 (201)
2026-09-17T23:15:41.726Z cycle: 34 pending, 1 due
2026-09-17T23:15:42.322Z OK 钻头 分身6 物资已刷新 (201)
2026-09-17T23:18:35.531Z HEARTBEAT
2026-09-17T23:18:38.000Z cycle: 33 pending, 1 due
2026-09-17T23:18:38.600Z OK 真龙宝藏 分身5 刷新时间已到 (201)
2026-09-17T23:20:12.022Z cycle: 32 pending, 1 due
2026-09-17T23:20:12.724Z OK 真龙宝藏 分身4 刷新时间已到 (201)
2026-09-17T23:23:35.532Z HEARTBEAT
2026-09-17T23:24:37.956Z cycle: 35 pending, 1 due
2026-09-17T23:24:38.625Z OK 真龙宝藏 分身1 刷新时间已到 (201)
2026-09-17T23:28:35.538Z HEARTBEAT
2026-09-17T23:33:35.550Z HEARTBEAT
2026-09-17T23:38:35.561Z HEARTBEAT
2026-09-17T23:39:08.331Z cycle: 38 pending, 2 due
2026-09-17T23:39:08.998Z OK 龙涎草 刷新时间已到 (201)
2026-09-17T23:39:09.391Z OK 霜冻龙涎草 刷新时间已到 (201)
2026-09-17T23:43:35.570Z HEARTBEAT
2026-09-17T23:48:08.303Z cycle: 37 pending, 1 due
2026-09-17T23:48:08.930Z OK 钻头 分身8 物资已刷新 (201)
2026-09-17T23:48:35.577Z HEARTBEAT
2026-09-17T23:53:35.587Z HEARTBEAT
2026-09-17T23:57:12.426Z cycle: 36 pending, 1 due
2026-09-17T23:57:13.237Z OK 钻头 物资已刷新 (201)
2026-09-17T23:58:35.596Z HEARTBEAT
2026-09-18T00:03:35.600Z HEARTBEAT
2026-09-18T00:08:35.604Z HEARTBEAT
2026-09-18T00:13:35.608Z HEARTBEAT
2026-09-18T00:18:35.611Z HEARTBEAT
2026-09-18T00:23:35.619Z HEARTBEAT
2026-09-18T00:28:35.631Z HEARTBEAT
2026-09-18T00:33:35.636Z HEARTBEAT
2026-09-18T00:34:13.735Z cycle: 37 pending, 2 due
2026-09-18T00:34:22.203Z OK 真龙宝藏 分身3 刷新时间已到 (201)
2026-09-18T00:34:27.749Z OK 钻头 分身6 物资已刷新 (201)
2026-09-18T00:38:35.644Z HEARTBEAT
2026-09-18T00:40:43.060Z cycle: 37 pending, 1 due
2026-09-18T00:40:51.030Z OK 钻头 分身1 物资已刷新 (201)
2026-09-18T00:43:35.652Z HEARTBEAT
2026-09-18T00:43:42.930Z cycle: 37 pending, 1 due
2026-09-18T00:43:49.816Z OK 钻头 分身8 物资已刷新 (201)
2026-09-18T00:48:35.655Z HEARTBEAT
2026-09-18T00:50:42.154Z cycle: 37 pending, 1 due
2026-09-18T00:50:48.162Z OK 钻头 分身10 物资已刷新 (201)
2026-09-18T00:53:35.666Z HEARTBEAT
2026-09-18T00:58:35.678Z HEARTBEAT
2026-09-18T01:02:44.922Z cycle: 39 pending, 1 due
2026-09-18T01:02:51.928Z OK 钻头 分身5 物资已刷新 (201)
2026-09-18T01:03:35.681Z HEARTBEAT
2026-09-18T01:08:35.686Z HEARTBEAT
2026-09-18T01:13:13.771Z cycle: 38 pending, 1 due
2026-09-18T01:13:21.563Z OK 贝壳 分身2 刷新时间已到 (201)
2026-09-18T01:13:35.700Z HEARTBEAT
2026-09-18T01:18:35.717Z HEARTBEAT
2026-09-18T01:19:43.996Z cycle: 38 pending, 2 due
2026-09-18T01:19:51.925Z OK 龙涎草 刷新时间已到 (201)
2026-09-18T01:19:56.868Z OK 钻头 分身9 物资已刷新 (201)
2026-09-18T01:21:43.099Z cycle: 36 pending, 1 due
2026-09-18T01:21:50.441Z OK 贝壳 分身6 刷新时间已到 (201)
2026-09-18T01:22:44.013Z cycle: 35 pending, 1 due
2026-09-18T01:22:52.026Z OK 真龙宝藏 刷新时间已到 (201)
2026-09-18T01:23:14.965Z cycle: 35 pending, 2 due
2026-09-18T01:23:22.726Z OK 钻头 物资已刷新 (201)
2026-09-18T01:23:27.700Z OK 钻头 分身3 物资已刷新 (201)
2026-09-18T01:23:35.724Z HEARTBEAT
2026-09-18T01:28:14.378Z cycle: 33 pending, 1 due
2026-09-18T01:28:22.087Z OK 贝壳 分身9 刷新时间已到 (201)
2026-09-18T01:28:35.733Z HEARTBEAT
2026-09-18T01:33:35.740Z HEARTBEAT
2026-09-18T01:35:43.940Z cycle: 33 pending, 1 due
2026-09-18T01:35:44.609Z OK 钻头 分身3 物资已刷新 (201)
2026-09-18T01:37:40.017Z cycle: 32 pending, 1 due
2026-09-18T01:37:40.800Z OK 真龙宝藏 分身10 刷新时间已到 (201)
2026-09-18T01:38:35.746Z HEARTBEAT
2026-09-18T01:43:35.755Z HEARTBEAT
2026-09-18T01:48:10.204Z cycle: 33 pending, 1 due
2026-09-18T01:48:11.033Z OK 弥莲 分身1 刷新时间已到 (201)
2026-09-18T01:48:35.769Z HEARTBEAT
2026-09-18T01:48:40.171Z cycle: 32 pending, 1 due
2026-09-18T01:48:40.753Z OK 弥莲 分身2 刷新时间已到 (201)
2026-09-18T01:53:35.781Z HEARTBEAT
2026-09-18T01:58:35.783Z HEARTBEAT
2026-09-18T02:03:35.796Z HEARTBEAT
2026-09-18T02:08:35.800Z HEARTBEAT
2026-09-18T02:13:35.811Z HEARTBEAT
2026-09-18T02:18:35.823Z HEARTBEAT
2026-09-18T02:23:35.828Z HEARTBEAT
2026-09-18T02:28:35.830Z HEARTBEAT
2026-09-18T02:33:35.838Z HEARTBEAT
2026-09-18T02:35:11.017Z cycle: 31 pending, 1 due
2026-09-18T02:35:11.849Z OK 钻头 物资已刷新 (201)
2026-09-18T02:38:35.852Z HEARTBEAT
2026-09-18T02:43:35.860Z HEARTBEAT
2026-09-18T02:48:35.862Z HEARTBEAT
2026-09-18T02:53:35.865Z HEARTBEAT
2026-09-18T02:58:35.874Z HEARTBEAT
2026-09-18T03:01:11.210Z cycle: 31 pending, 1 due
2026-09-18T03:01:11.856Z OK 黑曜石宝箱 刷新时间已到 (201)
2026-09-18T03:03:35.886Z HEARTBEAT
2026-09-18T03:04:41.380Z cycle: 30 pending, 1 due
2026-09-18T03:04:42.066Z OK 贝壳 已停止刷新 (201)
2026-09-18T03:08:35.887Z HEARTBEAT
2026-09-18T03:10:11.409Z cycle: 29 pending, 1 due
2026-09-18T03:10:12.262Z OK 真龙宝藏 已停止刷新 (201)
2026-09-18T03:13:35.890Z HEARTBEAT
2026-09-18T03:15:11.485Z cycle: 28 pending, 1 due
2026-09-18T03:15:12.252Z OK 真龙宝藏 分身7 已停止刷新 (201)
2026-09-18T03:18:11.529Z cycle: 27 pending, 1 due
2026-09-18T03:18:12.148Z OK 真龙宝藏 分身5 已停止刷新 (201)
2026-09-18T03:18:35.893Z HEARTBEAT
2026-09-18T03:20:11.525Z cycle: 26 pending, 1 due
2026-09-18T03:20:12.323Z OK 真龙宝藏 分身4 已停止刷新 (201)
2026-09-18T03:23:35.898Z HEARTBEAT
2026-09-18T03:24:45.598Z cycle: 25 pending, 1 due
2026-09-18T03:24:46.283Z OK 真龙宝藏 分身1 已停止刷新 (201)
2026-09-18T03:28:35.908Z HEARTBEAT
2026-09-18T03:33:35.911Z HEARTBEAT
2026-09-18T03:38:35.921Z HEARTBEAT
2026-09-18T03:43:35.930Z HEARTBEAT
2026-09-18T03:47:42.058Z cycle: 24 pending, 1 due
2026-09-18T03:47:42.848Z OK 真龙宝藏 刷新时间已到 (201)
2026-09-18T03:48:35.934Z HEARTBEAT
2026-09-18T03:53:35.934Z HEARTBEAT
2026-09-18T03:58:35.935Z HEARTBEAT
2026-09-18T04:03:35.948Z HEARTBEAT
2026-09-18T04:08:35.953Z HEARTBEAT
2026-09-18T04:13:35.958Z HEARTBEAT
2026-09-18T04:18:35.960Z HEARTBEAT
2026-09-18T04:23:35.974Z HEARTBEAT
2026-09-18T04:28:35.980Z HEARTBEAT
2026-09-18T04:33:35.987Z HEARTBEAT
2026-09-18T04:34:13.122Z cycle: 23 pending, 1 due
2026-09-18T04:34:14.384Z OK 真龙宝藏 分身3 已停止刷新 (201)
2026-09-18T04:38:35.988Z HEARTBEAT
2026-09-18T04:43:35.998Z HEARTBEAT
2026-09-18T04:48:36.000Z HEARTBEAT
2026-09-18T04:53:36.001Z HEARTBEAT
2026-09-18T04:55:13.290Z cycle: 22 pending, 1 due
2026-09-18T04:55:13.963Z OK 真龙宝藏 刷新时间已到 (201)
2026-09-18T04:57:17.583Z cycle: 21 pending, 1 due
2026-09-18T04:57:18.195Z OK 瓦雷亚宝箱 刷新时间已到 (201)
2026-09-18T04:58:36.014Z HEARTBEAT
2026-09-18T05:01:17.347Z cycle: 20 pending, 1 due
2026-09-18T05:01:17.998Z OK 黑曜石宝箱 已停止刷新 (201)
2026-09-18T05:03:36.021Z HEARTBEAT
2026-09-18T05:08:36.034Z HEARTBEAT
2026-09-18T05:13:13.382Z cycle: 19 pending, 1 due
2026-09-18T05:13:14.035Z OK 贝壳 分身2 已停止刷新 (201)
2026-09-18T05:13:36.037Z HEARTBEAT
2026-09-18T05:18:36.037Z HEARTBEAT
2026-09-18T05:21:43.445Z cycle: 18 pending, 1 due
2026-09-18T05:21:44.044Z OK 贝壳 分身6 已停止刷新 (201)
2026-09-18T05:23:36.040Z HEARTBEAT
2026-09-18T05:27:47.641Z cycle: 17 pending, 1 due
2026-09-18T05:27:48.574Z OK 贝壳 分身9 已停止刷新 (201)
2026-09-18T05:28:36.045Z HEARTBEAT
2026-09-18T05:33:36.055Z HEARTBEAT
2026-09-18T05:37:43.681Z cycle: 16 pending, 1 due
2026-09-18T05:37:44.621Z OK 真龙宝藏 分身10 已停止刷新 (201)
2026-09-18T05:38:36.068Z HEARTBEAT
2026-09-18T05:39:13.777Z cycle: 15 pending, 2 due
2026-09-18T05:39:14.403Z OK 龙涎草 已停止刷新 (201)
2026-09-18T05:39:15.467Z OK 霜冻龙涎草 已停止刷新 (201)
2026-09-18T05:43:36.081Z HEARTBEAT
2026-09-18T05:48:36.093Z HEARTBEAT
2026-09-18T05:53:36.099Z HEARTBEAT
2026-09-18T05:57:14.130Z cycle: 13 pending, 1 due
2026-09-18T05:57:15.431Z OK 瓦雷亚宝箱 已停止刷新 (201)
2026-09-18T05:58:36.109Z HEARTBEAT
2026-09-18T06:03:36.112Z HEARTBEAT
2026-09-18T06:08:36.112Z HEARTBEAT
2026-09-18T06:13:36.127Z HEARTBEAT
2026-09-18T06:18:36.128Z HEARTBEAT
2026-09-18T06:23:36.130Z HEARTBEAT
2026-09-18T06:28:36.141Z HEARTBEAT
2026-09-18T06:33:36.155Z HEARTBEAT
2026-09-18T06:38:36.156Z HEARTBEAT
2026-09-18T06:43:36.162Z HEARTBEAT
2026-09-18T06:48:36.164Z HEARTBEAT
2026-09-18T06:53:36.168Z HEARTBEAT
2026-09-18T06:58:36.183Z HEARTBEAT
2026-09-18T07:03:36.189Z HEARTBEAT
2026-09-18T07:08:36.200Z HEARTBEAT
2026-09-18T07:13:36.213Z HEARTBEAT
2026-09-18T07:18:36.213Z HEARTBEAT
2026-09-18T07:19:15.472Z cycle: 14 pending, 1 due
2026-09-18T07:19:16.106Z OK 龙涎草 已停止刷新 (201)
2026-09-18T07:23:36.223Z HEARTBEAT
2026-09-18T07:28:36.225Z HEARTBEAT
2026-09-18T07:33:36.230Z HEARTBEAT
2026-09-18T07:38:36.235Z HEARTBEAT
2026-09-18T07:43:36.243Z HEARTBEAT
2026-09-18T07:47:45.593Z cycle: 23 pending, 1 due
2026-09-18T07:47:46.758Z OK 真龙宝藏 已停止刷新 (201)
2026-09-18T07:48:36.254Z HEARTBEAT
2026-09-18T07:53:36.256Z HEARTBEAT
2026-09-18T07:58:36.261Z HEARTBEAT
2026-09-18T08:03:36.266Z HEARTBEAT
2026-09-18T08:08:36.276Z HEARTBEAT
2026-09-18T08:13:36.279Z HEARTBEAT
2026-09-18T08:18:36.280Z HEARTBEAT
2026-09-18T08:23:36.285Z HEARTBEAT
2026-09-18T08:28:36.294Z HEARTBEAT
2026-09-18T08:33:36.303Z HEARTBEAT
2026-09-18T08:38:36.308Z HEARTBEAT
2026-09-18T08:43:36.324Z HEARTBEAT
2026-09-18T08:48:36.325Z HEARTBEAT
2026-09-18T08:53:36.334Z HEARTBEAT
2026-09-18T08:58:36.341Z HEARTBEAT
2026-09-18T09:03:36.346Z HEARTBEAT
2026-09-18T09:08:36.348Z HEARTBEAT
2026-09-18T09:08:50.755Z cycle: 23 pending, 1 due
2026-09-18T09:08:51.390Z OK 芙蕾雅宝箱 刷新时间已到 (201)
2026-09-18T09:13:36.353Z HEARTBEAT
2026-09-18T09:18:36.357Z HEARTBEAT
2026-09-18T09:23:36.370Z HEARTBEAT
2026-09-18T09:28:36.373Z HEARTBEAT
2026-09-18T09:33:36.379Z HEARTBEAT
2026-09-18T09:38:36.382Z HEARTBEAT
2026-09-18T09:43:36.391Z HEARTBEAT
2026-09-18T09:48:36.395Z HEARTBEAT
2026-09-18T09:53:36.397Z HEARTBEAT
2026-09-18T09:58:36.408Z HEARTBEAT
2026-09-18T10:03:36.415Z HEARTBEAT
2026-09-18T10:04:22.022Z cycle: 24 pending, 1 due
2026-09-18T10:04:22.860Z OK 黑曜石宝箱 刷新时间已到 (201)
2026-09-18T10:07:51.877Z cycle: 23 pending, 1 due
2026-09-18T10:07:52.541Z OK 黑曜石宝箱 分身1 刷新时间已到 (201)
2026-09-18T10:08:36.423Z HEARTBEAT
2026-09-18T10:11:17.926Z cycle: 22 pending, 1 due
2026-09-18T10:11:18.725Z OK 黑曜石宝箱 分身2 刷新时间已到 (201)
2026-09-18T10:12:17.770Z cycle: 21 pending, 1 due
2026-09-18T10:12:18.359Z OK 黑曜石宝箱 分身3 刷新时间已到 (201)
2026-09-18T10:13:36.428Z HEARTBEAT
2026-09-18T10:14:17.957Z cycle: 20 pending, 1 due
2026-09-18T10:14:18.572Z OK 黑曜石宝箱 分身4 刷新时间已到 (201)
2026-09-18T10:18:36.441Z HEARTBEAT
2026-09-18T10:23:36.451Z HEARTBEAT
2026-09-18T10:28:36.466Z HEARTBEAT
2026-09-18T10:33:36.472Z HEARTBEAT
2026-09-18T10:38:36.472Z HEARTBEAT
2026-09-18T10:43:36.470Z HEARTBEAT
2026-09-18T10:46:52.251Z cycle: 19 pending, 1 due
2026-09-18T10:46:52.893Z OK 真龙宝藏 刷新时间已到 (201)
2026-09-18T10:48:36.473Z HEARTBEAT
2026-09-18T10:53:36.476Z HEARTBEAT
2026-09-18T10:58:36.482Z HEARTBEAT
2026-09-18T11:03:36.482Z HEARTBEAT
2026-09-18T11:04:22.580Z cycle: 18 pending, 1 due
2026-09-18T11:04:23.258Z OK 黑曜石宝箱 已停止刷新 (201)
2026-09-18T11:07:48.767Z cycle: 17 pending, 1 due
2026-09-18T11:07:49.419Z OK 黑曜石宝箱 分身1 已停止刷新 (201)
2026-09-18T11:08:36.484Z HEARTBEAT
2026-09-18T11:11:18.629Z cycle: 16 pending, 1 due
2026-09-18T11:11:19.325Z OK 黑曜石宝箱 分身2 已停止刷新 (201)
2026-09-18T11:12:18.830Z cycle: 15 pending, 1 due
2026-09-18T11:12:19.770Z OK 黑曜石宝箱 分身3 已停止刷新 (201)
2026-09-18T11:13:36.499Z HEARTBEAT
2026-09-18T11:14:18.750Z cycle: 14 pending, 1 due
2026-09-18T11:14:19.547Z OK 黑曜石宝箱 分身4 已停止刷新 (201)
2026-09-18T11:18:36.498Z HEARTBEAT
2026-09-18T11:23:36.502Z HEARTBEAT
2026-09-18T11:28:36.505Z HEARTBEAT
2026-09-18T11:33:36.519Z HEARTBEAT
2026-09-18T11:34:49.354Z cycle: 15 pending, 1 due
2026-09-18T11:34:50.158Z OK 龟壳珍宝 刷新时间已到 (201)
2026-09-18T11:38:36.532Z HEARTBEAT
2026-09-18T11:43:36.541Z HEARTBEAT
2026-09-18T11:48:36.547Z HEARTBEAT
2026-09-18T11:53:36.562Z HEARTBEAT
2026-09-18T11:58:36.570Z HEARTBEAT
2026-09-18T12:03:36.577Z HEARTBEAT
2026-09-18T12:08:36.590Z HEARTBEAT
2026-09-18T12:13:36.603Z HEARTBEAT
2026-09-18T12:18:36.615Z HEARTBEAT
2026-09-18T12:23:36.622Z HEARTBEAT
2026-09-18T12:28:36.623Z HEARTBEAT
2026-09-18T12:33:36.633Z HEARTBEAT
2026-09-18T12:38:36.643Z HEARTBEAT
2026-09-18T12:43:36.649Z HEARTBEAT
2026-09-18T12:48:36.661Z HEARTBEAT
2026-09-18T12:53:36.660Z HEARTBEAT
2026-09-18T12:58:36.675Z HEARTBEAT
2026-09-18T13:03:36.675Z HEARTBEAT
2026-09-18T13:08:36.680Z HEARTBEAT
2026-09-18T13:09:20.425Z cycle: 20 pending, 1 due
2026-09-18T13:09:21.882Z OK 芙蕾雅宝箱 已停止刷新 (201)
2026-09-18T13:13:36.691Z HEARTBEAT
2026-09-18T13:18:36.705Z HEARTBEAT
2026-09-18T13:23:36.706Z HEARTBEAT
2026-09-18T13:28:36.707Z HEARTBEAT
2026-09-18T13:33:36.717Z HEARTBEAT
2026-09-18T13:34:20.908Z cycle: 19 pending, 1 due
2026-09-18T13:34:21.578Z OK 真龙宝藏 刷新时间已到 (201)
2026-09-18T13:38:36.724Z HEARTBEAT
2026-09-18T13:43:36.735Z HEARTBEAT
2026-09-18T13:48:36.744Z HEARTBEAT
2026-09-18T13:53:36.746Z HEARTBEAT
2026-09-18T13:58:36.753Z HEARTBEAT
2026-09-18T13:59:55.323Z cycle: 18 pending, 1 due
2026-09-18T13:59:56.146Z OK 真龙宝藏 分身1 刷新时间已到 (201)
2026-09-18T14:03:36.754Z HEARTBEAT
2026-09-18T14:08:36.756Z HEARTBEAT
2026-09-18T14:13:36.756Z HEARTBEAT
2026-09-18T14:16:21.897Z cycle: 17 pending, 1 due
2026-09-18T14:16:24.529Z OK 真龙宝藏 分身2 刷新时间已到 (201)
2026-09-18T14:18:36.759Z HEARTBEAT
2026-09-18T14:23:36.760Z HEARTBEAT
2026-09-18T14:28:36.766Z HEARTBEAT
2026-09-18T14:33:36.765Z HEARTBEAT
2026-09-18T14:38:36.771Z HEARTBEAT
2026-09-18T14:43:36.776Z HEARTBEAT
2026-09-18T14:46:25.954Z cycle: 19 pending, 1 due
2026-09-18T14:46:27.563Z OK 真龙宝藏 已停止刷新 (201)
2026-09-18T14:48:36.784Z HEARTBEAT
2026-09-18T14:53:36.793Z HEARTBEAT
2026-09-18T14:58:36.803Z HEARTBEAT
2026-09-18T15:01:52.299Z cycle: 18 pending, 1 due
2026-09-18T15:01:56.464Z OK 贝壳 刷新时间已到 (201)
2026-09-18T15:03:36.816Z HEARTBEAT
2026-09-18T15:08:36.820Z HEARTBEAT
2026-09-18T15:13:36.821Z HEARTBEAT
2026-09-18T15:18:36.830Z HEARTBEAT
2026-09-18T15:23:36.837Z HEARTBEAT
2026-09-18T15:28:36.851Z HEARTBEAT
2026-09-18T15:33:36.852Z HEARTBEAT
2026-09-18T15:34:53.148Z cycle: 17 pending, 1 due
2026-09-18T15:34:55.226Z OK 龟壳珍宝 已停止刷新 (201)
2026-09-18T15:38:36.865Z HEARTBEAT
2026-09-18T15:43:36.871Z HEARTBEAT
2026-09-18T15:48:36.876Z HEARTBEAT
2026-09-18T15:53:36.889Z HEARTBEAT
2026-09-18T15:58:36.902Z HEARTBEAT
2026-09-18T16:03:36.916Z HEARTBEAT
2026-09-18T16:08:36.929Z HEARTBEAT
2026-09-18T16:13:36.930Z HEARTBEAT
2026-09-18T16:16:53.531Z cycle: 16 pending, 1 due
2026-09-18T16:16:54.198Z OK 真龙宝藏 刷新时间已到 (201)
2026-09-18T16:18:36.943Z HEARTBEAT
2026-09-18T16:21:53.471Z cycle: 13 pending, 1 due
2026-09-18T16:21:54.091Z OK 真龙宝藏 分身5 刷新时间已到 (201)
2026-09-18T16:23:36.945Z HEARTBEAT
2026-09-18T16:28:36.945Z HEARTBEAT
2026-09-18T16:33:36.954Z HEARTBEAT
2026-09-18T16:38:36.953Z HEARTBEAT
2026-09-18T16:43:36.959Z HEARTBEAT
2026-09-18T16:48:36.962Z HEARTBEAT
2026-09-19T01:16:48.146Z === daemon starting ===
2026-09-19T01:16:48.157Z push daemon started (single instance)
2026-09-19T01:17:18.874Z cycle: 28 pending, 2 due
2026-09-19T01:17:19.551Z OK 龟壳珍宝 刷新时间已到 (201)
2026-09-19T01:17:19.936Z OK 贝壳 已停止刷新 (201)
2026-09-19T01:21:48.159Z HEARTBEAT
2026-09-19T01:26:48.173Z HEARTBEAT
2026-09-19T01:30:19.011Z cycle: 26 pending, 1 due
2026-09-19T01:30:19.649Z OK 真龙宝藏 刷新时间已到 (201)
2026-09-19T01:31:48.182Z HEARTBEAT
2026-09-19T01:36:48.190Z HEARTBEAT
2026-09-19T01:40:22.948Z cycle: 25 pending, 1 due
2026-09-19T01:40:23.555Z OK 真龙宝藏 分身7 刷新时间已到 (201)
2026-09-19T01:41:48.196Z HEARTBEAT
2026-09-19T01:43:48.956Z cycle: 24 pending, 1 due
2026-09-19T01:43:49.863Z OK 真龙宝藏 分身8 刷新时间已到 (201)
2026-09-19T01:46:48.202Z HEARTBEAT
2026-09-19T01:51:48.211Z HEARTBEAT
2026-09-19T01:56:48.219Z HEARTBEAT
2026-09-19T01:58:49.196Z cycle: 25 pending, 1 due
2026-09-19T01:58:50.014Z OK 小型法师 刷新时间已到 (201)
2026-09-19T02:01:48.228Z HEARTBEAT
2026-09-19T02:06:19.540Z cycle: 24 pending, 1 due
2026-09-19T02:06:20.192Z OK 大贝壳 刷新时间已到 (201)
2026-09-19T02:06:48.237Z HEARTBEAT
2026-09-19T02:11:48.242Z HEARTBEAT
2026-09-19T02:16:48.256Z HEARTBEAT
2026-09-19T02:21:48.265Z HEARTBEAT
2026-09-19T02:26:48.273Z HEARTBEAT
2026-09-19T02:31:48.284Z HEARTBEAT
2026-09-19T02:36:48.297Z HEARTBEAT
2026-09-19T02:41:48.309Z HEARTBEAT
2026-09-19T02:46:48.315Z HEARTBEAT
2026-09-19T02:51:48.321Z HEARTBEAT
2026-09-19T02:53:20.201Z cycle: 23 pending, 1 due
2026-09-19T02:53:20.855Z OK 真龙宝藏 刷新时间已到 (201)
2026-09-19T02:56:48.325Z HEARTBEAT
2026-09-19T02:58:50.104Z cycle: 22 pending, 1 due
2026-09-19T02:58:50.903Z OK 小型法师 已停止刷新 (201)
2026-09-19T03:01:48.328Z HEARTBEAT
2026-09-19T03:06:48.329Z HEARTBEAT
2026-09-19T03:11:48.339Z HEARTBEAT
2026-09-19T03:16:48.349Z HEARTBEAT
2026-09-19T03:21:48.360Z HEARTBEAT
2026-09-19T03:26:48.375Z HEARTBEAT
2026-09-19T03:31:48.381Z HEARTBEAT
2026-09-19T03:36:48.385Z HEARTBEAT
2026-09-19T03:41:48.392Z HEARTBEAT
2026-09-19T03:44:50.827Z cycle: 23 pending, 1 due
2026-09-19T03:44:51.449Z OK 真龙宝藏 分身2 刷新时间已到 (201)
2026-09-19T03:46:48.402Z HEARTBEAT
2026-09-19T03:51:48.401Z HEARTBEAT
2026-09-19T03:56:48.404Z HEARTBEAT
2026-09-19T04:01:48.417Z HEARTBEAT
2026-09-19T04:06:48.418Z HEARTBEAT
2026-09-19T04:11:48.426Z HEARTBEAT
2026-09-19T04:16:48.439Z HEARTBEAT
2026-09-19T04:21:48.451Z HEARTBEAT
2026-09-19T04:26:48.460Z HEARTBEAT
2026-09-19T04:31:48.468Z HEARTBEAT
2026-09-19T04:36:48.480Z HEARTBEAT
2026-09-19T04:37:51.630Z cycle: 23 pending, 1 due
2026-09-19T04:37:52.574Z OK 远古花苞 刷新时间已到 (201)
2026-09-19T04:38:21.650Z cycle: 22 pending, 1 due
2026-09-19T04:38:22.534Z OK 远古花苞 分身2 刷新时间已到 (201)
2026-09-19T04:41:48.493Z HEARTBEAT
2026-09-19T04:46:48.504Z HEARTBEAT
2026-09-19T04:51:48.516Z HEARTBEAT
2026-09-19T04:56:48.519Z HEARTBEAT
2026-09-19T05:01:48.531Z HEARTBEAT
2026-09-19T05:06:48.546Z HEARTBEAT
2026-09-19T05:11:48.555Z HEARTBEAT
2026-09-19T05:12:22.130Z cycle: 21 pending, 1 due
2026-09-19T05:12:22.972Z OK 龟壳珍宝 已停止刷新 (201)
2026-09-19T05:16:48.559Z HEARTBEAT
2026-09-19T05:21:48.566Z HEARTBEAT
2026-09-19T05:21:52.309Z cycle: 20 pending, 1 due
2026-09-19T05:21:52.958Z OK 真龙宝藏 刷新时间已到 (201)
2026-09-19T05:26:48.578Z HEARTBEAT
2026-09-19T05:30:22.586Z cycle: 19 pending, 1 due
2026-09-19T05:30:23.865Z OK 真龙宝藏 已停止刷新 (201)
2026-09-19T05:31:48.592Z HEARTBEAT
2026-09-19T05:36:48.598Z HEARTBEAT
2026-09-19T05:40:23.118Z cycle: 20 pending, 1 due
2026-09-19T05:40:23.951Z OK 真龙宝藏 分身7 已停止刷新 (201)
2026-09-19T05:41:48.607Z HEARTBEAT
2026-09-19T05:43:56.543Z cycle: 19 pending, 1 due
2026-09-19T05:43:57.387Z OK 真龙宝藏 分身8 已停止刷新 (201)
2026-09-19T05:46:48.612Z HEARTBEAT
2026-09-19T05:51:48.623Z HEARTBEAT
2026-09-19T05:56:48.636Z HEARTBEAT
2026-09-19T06:01:48.642Z HEARTBEAT
2026-09-19T06:05:52.979Z cycle: 18 pending, 1 due
2026-09-19T06:05:53.662Z OK 大贝壳 已停止刷新 (201)
2026-09-19T06:06:48.646Z HEARTBEAT
2026-09-19T06:11:48.648Z HEARTBEAT
2026-09-19T06:16:48.650Z HEARTBEAT
2026-09-19T06:21:48.659Z HEARTBEAT
2026-09-19T06:26:48.660Z HEARTBEAT
2026-09-19T06:28:53.449Z cycle: 17 pending, 1 due
2026-09-19T06:28:54.290Z OK 真龙宝藏 刷新时间已到 (201)
2026-09-19T06:31:48.664Z HEARTBEAT
2026-09-19T06:36:48.664Z HEARTBEAT
2026-09-19T06:41:48.665Z HEARTBEAT
2026-09-19T06:46:48.671Z HEARTBEAT
2026-09-19T06:51:48.684Z HEARTBEAT
2026-09-19T06:56:48.690Z HEARTBEAT
2026-09-19T07:01:48.692Z HEARTBEAT
2026-09-19T07:06:48.696Z HEARTBEAT
2026-09-19T07:11:48.709Z HEARTBEAT
2026-09-19T07:16:48.719Z HEARTBEAT
2026-09-19T07:21:48.720Z HEARTBEAT
2026-09-19T07:26:48.725Z HEARTBEAT
2026-09-19T07:31:48.730Z HEARTBEAT
2026-09-19T07:34:54.209Z cycle: 18 pending, 1 due
2026-09-19T07:34:54.865Z OK 真龙宝藏 分身1 刷新时间已到 (201)
2026-09-19T07:36:48.730Z HEARTBEAT
2026-09-19T07:41:48.737Z HEARTBEAT
2026-09-19T07:44:54.398Z cycle: 21 pending, 1 due
2026-09-19T07:44:55.315Z OK 真龙宝藏 分身2 已停止刷新 (201)
2026-09-19T07:46:48.745Z HEARTBEAT
2026-09-19T07:51:48.756Z HEARTBEAT
2026-09-19T07:56:48.767Z HEARTBEAT
2026-09-19T08:01:48.780Z HEARTBEAT
2026-09-19T08:06:48.781Z HEARTBEAT
2026-09-19T08:11:48.791Z HEARTBEAT
2026-09-19T08:16:48.803Z HEARTBEAT
2026-09-19T08:21:48.816Z HEARTBEAT
2026-09-19T08:26:48.828Z HEARTBEAT
2026-09-19T08:31:48.840Z HEARTBEAT
2026-09-19T08:36:48.853Z HEARTBEAT
2026-09-19T08:37:59.117Z cycle: 20 pending, 1 due
2026-09-19T08:38:00.456Z OK 远古花苞 已停止刷新 (201)
2026-09-19T08:38:29.223Z cycle: 19 pending, 1 due
2026-09-19T08:38:30.029Z OK 远古花苞 分身2 已停止刷新 (201)
2026-09-19T08:41:48.862Z HEARTBEAT
2026-09-19T08:46:48.862Z HEARTBEAT
2026-09-19T08:51:48.862Z HEARTBEAT
2026-09-19T08:56:48.863Z HEARTBEAT
2026-09-19T09:01:48.877Z HEARTBEAT
2026-09-19T09:06:48.877Z HEARTBEAT
2026-09-19T09:11:48.879Z HEARTBEAT
2026-09-19T09:16:48.879Z HEARTBEAT
2026-09-19T09:21:48.893Z HEARTBEAT
2026-09-19T09:22:00.031Z cycle: 19 pending, 1 due
2026-09-19T09:22:01.125Z OK 真龙宝藏 已停止刷新 (201)
2026-09-19T09:26:48.899Z HEARTBEAT
2026-09-19T09:31:48.912Z HEARTBEAT
2026-09-19T09:36:48.922Z HEARTBEAT
2026-09-19T09:39:26.196Z cycle: 17 pending, 1 due
2026-09-19T09:39:27.739Z OK 芙蕾雅宝箱 刷新时间已到 (201)
2026-09-19T09:41:48.922Z HEARTBEAT
2026-09-19T09:43:26.077Z cycle: 16 pending, 1 due
2026-09-19T09:43:26.715Z OK 龟壳珍宝 刷新时间已到 (201)
2026-09-19T09:46:48.930Z HEARTBEAT
2026-09-19T09:51:48.943Z HEARTBEAT
2026-09-19T09:56:48.955Z HEARTBEAT
2026-09-19T10:01:48.961Z HEARTBEAT
2026-09-19T10:06:48.972Z HEARTBEAT
2026-09-19T10:11:48.980Z HEARTBEAT
2026-09-19T10:16:48.987Z HEARTBEAT
2026-09-19T10:21:48.999Z HEARTBEAT
2026-09-19T10:26:49.003Z HEARTBEAT
2026-09-19T10:31:49.003Z HEARTBEAT
2026-09-19T10:36:49.009Z HEARTBEAT
2026-09-19T10:41:49.017Z HEARTBEAT
2026-09-19T10:46:49.023Z HEARTBEAT
2026-09-19T10:51:49.026Z HEARTBEAT
2026-09-19T10:52:27.233Z cycle: 17 pending, 1 due
2026-09-19T10:52:29.335Z OK 真龙宝藏 刷新时间已到 (201)
2026-09-19T10:56:49.030Z HEARTBEAT
2026-09-19T11:01:49.041Z HEARTBEAT
2026-09-19T11:06:49.043Z HEARTBEAT
2026-09-19T11:11:49.049Z HEARTBEAT
2026-09-19T11:16:49.053Z HEARTBEAT
2026-09-19T11:21:49.056Z HEARTBEAT
2026-09-19T11:26:49.068Z HEARTBEAT
2026-09-19T11:31:49.069Z HEARTBEAT
2026-09-19T11:36:49.073Z HEARTBEAT
2026-09-19T11:41:49.073Z HEARTBEAT
2026-09-19T11:46:49.076Z HEARTBEAT
2026-09-19T11:51:49.080Z HEARTBEAT
2026-09-19T11:52:32.107Z cycle: 16 pending, 1 due
2026-09-19T11:52:32.924Z OK 龟壳珍宝 刷新时间已到 (201)
2026-09-19T11:56:49.080Z HEARTBEAT
2026-09-19T12:01:49.088Z HEARTBEAT
2026-09-19T12:06:49.088Z HEARTBEAT
2026-09-19T12:11:49.092Z HEARTBEAT
2026-09-19T12:16:49.105Z HEARTBEAT
2026-09-19T12:21:49.113Z HEARTBEAT
2026-09-19T12:26:49.116Z HEARTBEAT
2026-09-19T12:31:49.118Z HEARTBEAT
2026-09-19T12:36:49.131Z HEARTBEAT
2026-09-19T12:41:49.131Z HEARTBEAT
2026-09-19T12:46:49.131Z HEARTBEAT
2026-09-19T12:51:49.144Z HEARTBEAT
2026-09-19T12:56:49.151Z HEARTBEAT
2026-09-19T13:01:49.162Z HEARTBEAT
2026-09-19T13:03:39.246Z fetch retry 1: fetch failed
2026-09-19T13:06:49.163Z HEARTBEAT
2026-09-19T13:11:49.176Z HEARTBEAT
2026-09-19T13:16:49.176Z HEARTBEAT
2026-09-19T13:21:49.191Z HEARTBEAT
2026-09-19T13:26:49.205Z HEARTBEAT
2026-09-19T13:31:49.217Z HEARTBEAT
2026-09-19T13:36:49.226Z HEARTBEAT
2026-09-19T13:41:49.237Z HEARTBEAT
2026-09-19T13:46:49.245Z HEARTBEAT
2026-09-19T13:51:49.256Z HEARTBEAT
2026-09-19T13:56:49.263Z HEARTBEAT
2026-09-19T14:01:49.267Z HEARTBEAT
2026-09-19T14:06:49.278Z HEARTBEAT
2026-09-19T14:11:49.289Z HEARTBEAT
2026-09-19T14:16:49.290Z HEARTBEAT
2026-09-19T14:21:49.294Z HEARTBEAT
2026-09-19T14:26:49.298Z HEARTBEAT
2026-09-19T14:31:49.313Z HEARTBEAT
2026-09-19T14:36:49.317Z HEARTBEAT
2026-09-19T14:41:49.329Z HEARTBEAT
2026-09-19T14:46:49.330Z HEARTBEAT
2026-09-19T14:51:49.339Z HEARTBEAT
2026-09-19T14:52:30.706Z cycle: 15 pending, 1 due
2026-09-19T14:52:31.558Z OK 真龙宝藏 已停止刷新 (201)
2026-09-19T14:56:49.347Z HEARTBEAT
2026-09-19T15:01:49.354Z HEARTBEAT
2026-09-19T15:06:49.361Z HEARTBEAT
2026-09-19T15:11:49.361Z HEARTBEAT
2026-09-19T15:16:49.362Z HEARTBEAT
2026-09-19T15:21:49.376Z HEARTBEAT
2026-09-19T15:24:32.015Z cycle: 14 pending, 1 due
2026-09-19T15:24:32.972Z OK 芙蕾雅宝箱 刷新时间已到 (201)
2026-09-19T15:26:49.382Z HEARTBEAT
2026-09-19T15:31:49.382Z HEARTBEAT
2026-09-19T15:36:49.394Z HEARTBEAT
2026-09-19T15:41:49.397Z HEARTBEAT
2026-09-19T15:46:49.397Z HEARTBEAT
2026-09-19T15:51:49.405Z HEARTBEAT
2026-09-19T15:52:31.926Z cycle: 13 pending, 1 due
2026-09-19T15:52:33.285Z OK 龟壳珍宝 已停止刷新 (201)
2026-09-19T15:56:49.415Z HEARTBEAT
2026-09-19T16:01:49.422Z HEARTBEAT
2026-09-19T16:06:49.435Z HEARTBEAT
2026-09-19T16:11:49.437Z HEARTBEAT
2026-09-19T16:16:49.439Z HEARTBEAT
2026-09-19T16:21:49.451Z HEARTBEAT
2026-09-19T16:26:42.291Z fetch retry 1: fetch failed
2026-09-19T16:26:49.461Z HEARTBEAT
2026-09-19T16:31:49.465Z HEARTBEAT
2026-09-19T16:36:49.480Z HEARTBEAT
2026-09-19T19:11:19.054Z === daemon starting ===
2026-09-19T19:11:19.059Z push daemon started (single instance)
2026-09-19T19:16:19.057Z HEARTBEAT
2026-09-19T19:21:19.057Z HEARTBEAT
2026-09-19T19:24:19.416Z cycle: 16 pending, 1 due
2026-09-19T19:24:20.171Z OK 芙蕾雅宝箱 已停止刷新 (201)
2026-09-19T19:26:19.058Z HEARTBEAT
2026-09-19T19:31:19.059Z HEARTBEAT
2026-09-20T00:48:28.581Z === daemon starting ===
2026-09-20T00:48:28.586Z push daemon started (single instance)
2026-09-20T00:48:59.879Z cycle: 28 pending, 2 due
2026-09-20T00:49:00.486Z OK 从容花苞 刷新时间已到 (201)
2026-09-20T00:49:01.010Z OK 大贝壳 分身1 刷新时间已到 (201)
2026-09-20T00:53:28.593Z HEARTBEAT
2026-09-20T00:58:28.593Z HEARTBEAT
2026-09-20T00:58:59.399Z cycle: 27 pending, 1 due
2026-09-20T00:59:00.074Z OK 龟壳珍宝 分身9 刷新时间已到 (201)
2026-09-20T01:03:28.593Z HEARTBEAT
2026-09-20T01:08:28.603Z HEARTBEAT
2026-09-20T01:13:28.603Z HEARTBEAT
2026-09-20T01:18:28.609Z HEARTBEAT
2026-09-20T01:23:28.623Z HEARTBEAT
2026-09-20T01:28:28.637Z HEARTBEAT
2026-09-20T01:33:28.641Z HEARTBEAT
2026-09-20T01:34:29.658Z cycle: 26 pending, 1 due
2026-09-20T01:34:30.272Z OK 芙蕾雅宝箱 刷新时间已到 (201)
2026-09-20T01:36:29.870Z cycle: 25 pending, 1 due
2026-09-20T01:36:31.413Z OK 从容花苞 已停止刷新 (201)
2026-09-20T01:38:28.646Z HEARTBEAT
2026-09-20T01:43:28.655Z HEARTBEAT
2026-09-20T01:48:28.670Z HEARTBEAT
2026-09-20T01:50:04.027Z cycle: 24 pending, 1 due
2026-09-20T01:50:04.793Z OK 龟壳珍宝 分身7 刷新时间已到 (201)
2026-09-20T01:53:28.676Z HEARTBEAT
2026-09-20T01:58:28.683Z HEARTBEAT
2026-09-20T02:03:28.685Z HEARTBEAT
2026-09-20T02:08:28.698Z HEARTBEAT
2026-09-20T02:13:28.709Z HEARTBEAT
2026-09-20T02:18:28.718Z HEARTBEAT
2026-09-20T02:23:28.732Z HEARTBEAT
2026-09-20T02:28:28.734Z HEARTBEAT
2026-09-20T02:33:28.739Z HEARTBEAT
2026-09-20T02:38:28.750Z HEARTBEAT
2026-09-20T02:43:28.759Z HEARTBEAT
2026-09-20T02:44:00.673Z cycle: 25 pending, 1 due
2026-09-20T02:44:01.281Z OK 龟壳珍宝 分身10 刷新时间已到 (201)
2026-09-20T02:48:28.765Z HEARTBEAT
2026-09-20T02:52:34.998Z cycle: 24 pending, 1 due
2026-09-20T02:52:35.674Z OK 大贝壳 分身3 刷新时间已到 (201)
2026-09-20T02:53:28.772Z HEARTBEAT
2026-09-20T02:54:00.825Z cycle: 23 pending, 1 due
2026-09-20T02:54:01.514Z OK 龟壳珍宝 分身6 已停止刷新 (201)
2026-09-20T02:58:28.782Z HEARTBEAT
2026-09-20T03:03:28.782Z HEARTBEAT
2026-09-20T03:08:28.787Z HEARTBEAT
2026-09-20T03:10:31.476Z cycle: 22 pending, 1 due
2026-09-20T03:10:32.304Z OK 大贝壳 分身8 已停止刷新 (201)
2026-09-20T03:13:28.800Z HEARTBEAT
2026-09-20T03:18:28.808Z HEARTBEAT
2026-09-20T03:23:28.817Z HEARTBEAT
2026-09-20T03:28:28.824Z HEARTBEAT
2026-09-20T03:33:28.834Z HEARTBEAT
2026-09-20T03:38:28.837Z HEARTBEAT
2026-09-20T03:43:28.842Z HEARTBEAT
2026-09-20T03:48:28.845Z HEARTBEAT
2026-09-20T03:53:28.858Z HEARTBEAT
2026-09-20T03:58:28.866Z HEARTBEAT
2026-09-20T04:03:28.879Z HEARTBEAT
2026-09-20T04:08:28.893Z HEARTBEAT
2026-09-20T04:13:28.908Z HEARTBEAT
2026-09-20T04:15:31.912Z cycle: 23 pending, 1 due
2026-09-20T04:15:32.534Z OK 真龙宝藏 已停止刷新 (201)
2026-09-20T04:18:28.921Z HEARTBEAT
2026-09-20T04:19:31.964Z cycle: 22 pending, 1 due
2026-09-20T04:19:32.634Z OK 真龙宝藏 分身5 已停止刷新 (201)
2026-09-20T04:23:28.928Z HEARTBEAT
2026-09-20T04:28:28.937Z HEARTBEAT
2026-09-20T04:29:02.073Z cycle: 21 pending, 1 due
2026-09-20T04:29:02.887Z OK 真龙宝藏 刷新时间已到 (201)
2026-09-20T04:33:28.948Z HEARTBEAT
2026-09-20T04:38:28.956Z HEARTBEAT
2026-09-20T04:42:06.326Z cycle: 20 pending, 1 due
2026-09-20T04:42:07.001Z OK 大贝壳 分身1 已停止刷新 (201)
2026-09-20T04:43:28.956Z HEARTBEAT
2026-09-20T04:48:28.970Z HEARTBEAT
2026-09-20T04:53:28.976Z HEARTBEAT
2026-09-20T04:58:28.981Z HEARTBEAT
2026-09-20T04:58:32.713Z cycle: 21 pending, 1 due
2026-09-20T04:58:33.523Z OK 龟壳珍宝 分身9 已停止刷新 (201)
2026-09-20T05:03:28.991Z HEARTBEAT
2026-09-20T05:08:28.998Z HEARTBEAT
2026-09-20T05:13:29.007Z HEARTBEAT
2026-09-20T05:18:29.016Z HEARTBEAT
2026-09-20T05:23:29.017Z HEARTBEAT
2026-09-20T05:28:29.028Z HEARTBEAT
2026-09-20T05:33:29.032Z HEARTBEAT
2026-09-20T05:34:33.135Z cycle: 20 pending, 1 due
2026-09-20T05:34:33.891Z OK 芙蕾雅宝箱 已停止刷新 (201)
2026-09-20T05:38:29.042Z HEARTBEAT
2026-09-20T05:43:29.055Z HEARTBEAT
2026-09-20T05:48:29.058Z HEARTBEAT
2026-09-20T05:50:07.468Z cycle: 19 pending, 1 due
2026-09-20T05:50:08.586Z OK 龟壳珍宝 分身7 已停止刷新 (201)
2026-09-20T05:53:29.065Z HEARTBEAT
2026-09-20T05:58:29.078Z HEARTBEAT
2026-09-20T06:03:29.093Z HEARTBEAT
2026-09-20T06:08:29.091Z HEARTBEAT
2026-09-20T06:11:33.538Z cycle: 20 pending, 1 due
2026-09-20T06:11:34.128Z OK 真龙宝藏 分身1 刷新时间已到 (201)
2026-09-20T06:13:29.101Z HEARTBEAT
2026-09-20T06:18:29.103Z HEARTBEAT
2026-09-20T06:23:29.105Z HEARTBEAT
2026-09-20T06:28:29.114Z HEARTBEAT
2026-09-20T06:33:29.125Z HEARTBEAT
2026-09-20T06:38:29.128Z HEARTBEAT
2026-09-20T06:43:29.140Z HEARTBEAT
2026-09-20T06:44:04.244Z cycle: 19 pending, 1 due
2026-09-20T06:44:05.065Z OK 龟壳珍宝 分身10 已停止刷新 (201)
2026-09-20T06:47:34.419Z cycle: 20 pending, 1 due
2026-09-20T06:47:35.232Z OK 龟壳珍宝 刷新时间已到 (201)
2026-09-20T06:48:29.147Z HEARTBEAT
2026-09-20T06:52:34.644Z cycle: 21 pending, 1 due
2026-09-20T06:52:35.357Z OK 大贝壳 分身3 已停止刷新 (201)
2026-09-20T06:53:29.160Z HEARTBEAT
2026-09-20T06:58:29.164Z HEARTBEAT
2026-09-20T07:03:29.178Z HEARTBEAT
2026-09-20T07:08:29.192Z HEARTBEAT
2026-09-20T07:13:29.203Z HEARTBEAT
2026-09-20T07:18:29.207Z HEARTBEAT
2026-09-20T07:23:29.211Z HEARTBEAT
2026-09-20T07:28:29.223Z HEARTBEAT
2026-09-20T07:33:29.239Z HEARTBEAT
2026-09-20T07:38:29.253Z HEARTBEAT
2026-09-20T07:43:29.263Z HEARTBEAT
2026-09-20T07:48:29.265Z HEARTBEAT
2026-09-20T07:53:29.278Z HEARTBEAT
2026-09-20T07:55:35.321Z cycle: 22 pending, 1 due
2026-09-20T07:55:37.110Z OK 真龙宝藏 分身2 刷新时间已到 (201)
2026-09-20T07:58:29.291Z HEARTBEAT
2026-09-20T08:03:29.291Z HEARTBEAT
2026-09-20T08:08:29.306Z HEARTBEAT
2026-09-20T08:13:29.305Z HEARTBEAT
2026-09-20T08:18:29.318Z HEARTBEAT
2026-09-20T08:23:29.320Z HEARTBEAT
2026-09-20T08:28:29.325Z HEARTBEAT
2026-09-20T08:29:05.930Z cycle: 24 pending, 1 due
2026-09-20T08:29:06.546Z OK 真龙宝藏 已停止刷新 (201)
2026-09-20T08:33:29.327Z HEARTBEAT
2026-09-20T08:38:29.341Z HEARTBEAT
2026-09-20T08:43:29.352Z HEARTBEAT
2026-09-20T08:48:10.058Z cycle: 26 pending, 1 due
2026-09-20T08:48:10.710Z OK 芙蕾雅宝箱 刷新时间已到 (201)
2026-09-20T08:48:29.363Z HEARTBEAT
2026-09-20T08:53:29.375Z HEARTBEAT
2026-09-20T08:57:06.539Z cycle: 28 pending, 1 due
2026-09-20T08:57:07.333Z OK 钻头 物资已刷新 (201)
2026-09-20T08:58:29.376Z HEARTBEAT
2026-09-20T08:59:36.340Z cycle: 27 pending, 1 due
2026-09-20T08:59:37.007Z OK 龟壳珍宝 分身1 刷新时间已到 (201)
2026-09-20T09:03:29.384Z HEARTBEAT
2026-09-20T09:08:29.394Z HEARTBEAT
2026-09-20T09:13:29.406Z HEARTBEAT
2026-09-20T09:18:29.419Z HEARTBEAT
2026-09-20T09:23:29.429Z HEARTBEAT
2026-09-20T09:28:29.431Z HEARTBEAT
2026-09-20T09:33:29.444Z HEARTBEAT
2026-09-20T09:38:27.629Z HEARTBEAT
2026-09-20T09:43:27.641Z HEARTBEAT
2026-09-20T09:48:27.643Z HEARTBEAT
2026-09-20T09:51:09.554Z cycle: 29 pending, 1 due
2026-09-20T09:51:10.181Z OK 钻头 物资已刷新 (201)
2026-09-20T09:53:27.648Z HEARTBEAT
2026-09-20T09:58:27.657Z HEARTBEAT
2026-09-20T10:03:27.668Z HEARTBEAT
2026-09-20T10:08:05.337Z cycle: 30 pending, 1 due
2026-09-20T10:08:06.297Z OK 钻头 分身1 物资已刷新 (201)
2026-09-20T10:08:27.672Z HEARTBEAT
2026-09-20T10:13:27.688Z HEARTBEAT
2026-09-20T10:18:27.692Z HEARTBEAT
2026-09-20T10:23:27.701Z HEARTBEAT
2026-09-20T10:28:27.710Z HEARTBEAT
2026-09-20T10:32:05.852Z cycle: 30 pending, 1 due
2026-09-20T10:32:06.479Z OK 真龙宝藏 刷新时间已到 (201)
2026-09-20T10:33:27.725Z HEARTBEAT
2026-09-20T10:38:27.740Z HEARTBEAT
2026-09-20T10:43:27.747Z HEARTBEAT
2026-09-20T10:44:05.923Z cycle: 29 pending, 1 due
2026-09-20T10:44:06.569Z OK 龟壳珍宝 刷新时间已到 (201)
2026-09-20T10:44:35.993Z cycle: 28 pending, 1 due
2026-09-20T10:44:36.625Z OK 勇猛勋章 刷新时间已到 (201)
2026-09-20T10:47:36.043Z cycle: 29 pending, 1 due
2026-09-20T10:47:36.730Z OK 龟壳珍宝 已停止刷新 (201)
2026-09-20T10:48:27.755Z HEARTBEAT
2026-09-20T10:51:06.096Z cycle: 28 pending, 2 due
2026-09-20T10:51:06.887Z OK 芙蕾雅宝箱 分身4 刷新时间已到 (201)
2026-09-20T10:51:07.338Z OK 芙蕾雅宝箱 分身4 刷新时间已到 (201)
2026-09-20T10:53:27.768Z HEARTBEAT
2026-09-20T10:58:27.778Z HEARTBEAT
2026-09-20T11:02:06.322Z cycle: 26 pending, 1 due
2026-09-20T11:02:07.161Z OK 龟壳珍宝 分身4 刷新时间已到 (201)
2026-09-20T11:03:27.778Z HEARTBEAT
2026-09-20T11:08:27.784Z HEARTBEAT
2026-09-20T11:13:27.786Z HEARTBEAT
2026-09-20T11:15:40.448Z cycle: 25 pending, 1 due
2026-09-20T11:15:41.522Z OK 钻头 物资已刷新 (201)
2026-09-20T11:18:27.799Z HEARTBEAT
2026-09-20T11:23:27.806Z HEARTBEAT
2026-09-20T11:28:27.811Z HEARTBEAT
2026-09-20T11:33:27.825Z HEARTBEAT
2026-09-20T11:38:27.837Z HEARTBEAT
2026-09-20T11:43:27.850Z HEARTBEAT
2026-09-20T11:48:27.851Z HEARTBEAT
2026-09-20T11:53:27.867Z HEARTBEAT
2026-09-20T11:58:27.881Z HEARTBEAT
2026-09-20T12:03:27.889Z HEARTBEAT
2026-09-20T12:08:27.891Z HEARTBEAT
2026-09-20T12:13:27.892Z HEARTBEAT
2026-09-20T12:17:37.345Z cycle: 21 pending, 1 due
2026-09-20T12:17:39.064Z OK 龟壳珍宝 刷新时间已到 (201)
2026-09-20T12:18:17.262Z LOOP ERROR: Unexpected token 'I', "Internal s"... is not valid JSON
2026-09-20T12:18:27.902Z HEARTBEAT
2026-09-20T12:23:27.904Z HEARTBEAT
2026-09-20T12:28:27.914Z HEARTBEAT
2026-09-20T12:33:27.913Z HEARTBEAT
2026-09-20T12:38:27.917Z HEARTBEAT
2026-09-20T12:43:27.930Z HEARTBEAT
2026-09-20T12:47:41.758Z cycle: 20 pending, 1 due
2026-09-20T12:47:42.440Z OK 真龙宝藏 刷新时间已到 (201)
2026-09-20T12:48:27.938Z HEARTBEAT
2026-09-20T12:53:27.939Z HEARTBEAT
2026-09-20T12:58:27.951Z HEARTBEAT
2026-09-20T13:03:27.959Z HEARTBEAT
2026-09-20T13:08:27.968Z HEARTBEAT
2026-09-20T13:13:27.978Z HEARTBEAT
2026-09-20T13:18:27.980Z HEARTBEAT
2026-09-20T13:23:27.985Z HEARTBEAT
2026-09-20T13:28:27.988Z HEARTBEAT
2026-09-20T13:33:28.004Z HEARTBEAT
2026-09-20T13:38:28.012Z HEARTBEAT
2026-09-20T13:43:28.016Z HEARTBEAT
2026-09-20T13:48:28.029Z HEARTBEAT
2026-09-20T13:53:28.028Z HEARTBEAT
2026-09-20T13:58:28.040Z HEARTBEAT
2026-09-20T14:03:28.053Z HEARTBEAT
2026-09-20T14:08:28.062Z HEARTBEAT
2026-09-20T14:09:19.338Z fetch retry 1: fetch failed
2026-09-20T14:13:28.073Z HEARTBEAT
2026-09-20T14:18:28.077Z HEARTBEAT
2026-09-20T14:23:28.083Z HEARTBEAT
2026-09-20T14:28:28.092Z HEARTBEAT
2026-09-20T14:31:39.691Z cycle: 19 pending, 1 due
2026-09-20T14:31:42.154Z OK 真龙宝藏 已停止刷新 (201)
2026-09-20T14:33:28.095Z HEARTBEAT
2026-09-20T14:38:28.107Z HEARTBEAT
2026-09-20T14:43:28.120Z HEARTBEAT
2026-09-20T14:44:40.054Z cycle: 18 pending, 1 due
2026-09-20T14:44:41.041Z OK 勇猛勋章 已停止刷新 (201)
2026-09-20T14:48:28.124Z HEARTBEAT
2026-09-20T14:51:10.123Z cycle: 17 pending, 1 due
2026-09-20T14:51:10.918Z OK 芙蕾雅宝箱 分身4 已停止刷新 (201)
2026-09-20T14:53:28.127Z HEARTBEAT
2026-09-20T14:58:28.132Z HEARTBEAT
2026-09-20T15:03:28.145Z HEARTBEAT
2026-09-20T15:08:28.158Z HEARTBEAT
2026-09-20T15:13:28.164Z HEARTBEAT
2026-09-20T15:18:28.169Z HEARTBEAT
2026-09-20T15:23:28.181Z HEARTBEAT
2026-09-20T15:28:28.185Z HEARTBEAT
2026-09-20T15:33:28.190Z HEARTBEAT
2026-09-20T15:38:28.194Z HEARTBEAT
2026-09-20T15:43:28.202Z HEARTBEAT
2026-09-20T15:48:28.203Z HEARTBEAT
2026-09-20T15:53:28.206Z HEARTBEAT
2026-09-20T15:58:28.219Z HEARTBEAT
2026-09-20T15:59:44.937Z cycle: 16 pending, 1 due
2026-09-20T15:59:45.656Z OK 真龙宝藏 刷新时间已到 (201)
2026-09-20T16:03:28.229Z HEARTBEAT
2026-09-20T16:06:41.090Z cycle: 15 pending, 1 due
2026-09-20T16:06:41.773Z OK 远古花苞 刷新时间已到 (201)
2026-09-20T16:08:28.229Z HEARTBEAT
2026-09-20T16:13:28.235Z HEARTBEAT
2026-09-20T16:17:15.564Z cycle: 14 pending, 1 due
2026-09-20T16:17:16.270Z OK 龟壳珍宝 已停止刷新 (201)
2026-09-20T16:18:28.239Z HEARTBEAT
2026-09-20T16:23:28.253Z HEARTBEAT
2026-09-20T16:28:28.256Z HEARTBEAT
2026-09-20T16:33:28.267Z HEARTBEAT
2026-09-20T16:38:28.269Z HEARTBEAT
2026-09-20T16:43:28.274Z HEARTBEAT
2026-09-20T16:48:28.277Z HEARTBEAT
2026-09-20T16:53:28.283Z HEARTBEAT
2026-09-20T16:58:28.284Z HEARTBEAT
2026-09-20T17:03:28.296Z HEARTBEAT
2026-09-20T17:08:28.303Z HEARTBEAT
2026-09-20T17:13:28.314Z HEARTBEAT
2026-09-20T17:18:28.318Z HEARTBEAT
2026-09-20T17:23:28.322Z HEARTBEAT
2026-09-20T17:28:28.328Z HEARTBEAT
2026-09-20T17:33:28.338Z HEARTBEAT
2026-09-20T17:38:28.345Z HEARTBEAT
2026-09-20T17:43:28.359Z HEARTBEAT
2026-09-20T17:48:28.364Z HEARTBEAT
2026-09-20T17:53:28.377Z HEARTBEAT
2026-09-20T17:58:28.381Z HEARTBEAT
2026-09-20T18:03:28.384Z HEARTBEAT
2026-09-20T18:08:28.389Z HEARTBEAT
2026-09-20T18:13:28.395Z HEARTBEAT
2026-09-20T18:18:28.405Z HEARTBEAT
2026-09-20T18:23:28.407Z HEARTBEAT
2026-09-20T18:28:28.413Z HEARTBEAT
2026-09-20T18:33:28.416Z HEARTBEAT
2026-09-20T18:38:28.418Z HEARTBEAT
2026-09-20T18:43:28.431Z HEARTBEAT
2026-09-20T18:48:28.442Z HEARTBEAT
2026-09-20T18:53:28.448Z HEARTBEAT
2026-09-21T00:58:23.494Z === daemon starting ===
2026-09-21T00:58:23.502Z push daemon started (single instance)
2026-09-21T01:03:23.514Z HEARTBEAT
2026-09-21T01:08:23.527Z HEARTBEAT
2026-09-21T01:12:28.276Z cycle: 19 pending, 1 due
2026-09-21T01:12:28.911Z OK 钻头 分身2 物资已刷新 (201)
2026-09-21T01:13:23.537Z HEARTBEAT
2026-09-21T01:18:23.544Z HEARTBEAT
2026-09-21T01:23:23.552Z HEARTBEAT
2026-09-21T01:28:23.556Z HEARTBEAT
2026-09-21T01:33:23.563Z HEARTBEAT
2026-09-21T01:38:23.577Z HEARTBEAT
2026-09-21T01:43:23.592Z HEARTBEAT
2026-09-21T01:48:23.603Z HEARTBEAT
2026-09-21T01:52:28.701Z cycle: 19 pending, 1 due
2026-09-21T01:52:29.301Z OK 家用小麦 物资已刷新 (201)
2026-09-21T01:53:23.608Z HEARTBEAT
2026-09-21T01:58:23.608Z HEARTBEAT
2026-09-21T02:03:23.611Z HEARTBEAT
2026-09-21T02:08:23.613Z HEARTBEAT
2026-09-21T02:09:55.018Z cycle: 18 pending, 1 due
2026-09-21T02:09:55.652Z OK 钻头 物资已刷新 (201)
2026-09-21T02:13:23.629Z HEARTBEAT
2026-09-21T02:18:23.628Z HEARTBEAT
2026-09-21T02:23:23.636Z HEARTBEAT
2026-09-21T02:28:23.641Z HEARTBEAT
2026-09-21T02:33:23.642Z HEARTBEAT
2026-09-21T02:38:23.654Z HEARTBEAT
2026-09-21T02:43:23.655Z HEARTBEAT
2026-09-21T02:48:23.665Z HEARTBEAT
2026-09-21T02:50:55.769Z cycle: 18 pending, 1 due
2026-09-21T02:50:56.384Z OK 真龙宝藏 刷新时间已到 (201)
2026-09-21T02:53:23.679Z HEARTBEAT
2026-09-21T02:53:59.615Z cycle: 17 pending, 1 due
2026-09-21T02:54:00.393Z OK 芙蕾雅宝箱 刷新时间已到 (201)
2026-09-21T02:58:23.692Z HEARTBEAT
2026-09-21T03:03:23.704Z HEARTBEAT
2026-09-21T03:08:23.703Z HEARTBEAT
2026-09-21T03:13:23.716Z HEARTBEAT
2026-09-21T03:18:23.720Z HEARTBEAT
2026-09-21T03:23:23.722Z HEARTBEAT
2026-09-21T03:24:26.112Z cycle: 17 pending, 1 due
2026-09-21T03:24:28.559Z OK 大贝壳 已停止刷新 (201)
2026-09-21T03:28:23.726Z HEARTBEAT
2026-09-21T03:33:23.737Z HEARTBEAT
2026-09-21T03:38:23.744Z HEARTBEAT
2026-09-21T03:43:23.754Z HEARTBEAT
2026-09-21T03:48:23.763Z HEARTBEAT
2026-09-21T03:51:56.729Z cycle: 16 pending, 1 due
2026-09-21T03:51:57.375Z OK 钻头 物资已刷新 (201)
2026-09-21T03:53:23.770Z HEARTBEAT
2026-09-21T03:58:23.779Z HEARTBEAT
2026-09-21T04:03:23.784Z HEARTBEAT
2026-09-21T04:08:23.791Z HEARTBEAT
2026-09-21T04:13:23.792Z HEARTBEAT
2026-09-21T04:18:23.802Z HEARTBEAT
2026-09-21T04:23:23.814Z HEARTBEAT
2026-09-21T04:28:23.818Z HEARTBEAT
2026-09-21T04:33:23.821Z HEARTBEAT
2026-09-21T04:38:23.822Z HEARTBEAT
2026-09-21T04:43:23.828Z HEARTBEAT
2026-09-21T04:48:23.837Z HEARTBEAT
2026-09-21T04:53:23.844Z HEARTBEAT
2026-09-21T04:58:23.856Z HEARTBEAT
2026-09-21T05:03:23.864Z HEARTBEAT
2026-09-21T05:08:23.876Z HEARTBEAT
2026-09-21T05:13:23.884Z HEARTBEAT
2026-09-21T05:18:23.885Z HEARTBEAT
2026-09-21T05:21:31.868Z cycle: 18 pending, 1 due
2026-09-21T05:21:32.514Z OK 海鳄龙 已停止刷新 (201)
2026-09-21T05:23:23.891Z HEARTBEAT
2026-09-21T05:28:23.895Z HEARTBEAT
2026-09-21T05:33:23.907Z HEARTBEAT
2026-09-21T05:38:23.915Z HEARTBEAT
2026-09-21T05:43:23.924Z HEARTBEAT
2026-09-21T05:48:23.937Z HEARTBEAT
2026-09-21T05:53:23.943Z HEARTBEAT
2026-09-21T05:58:23.955Z HEARTBEAT
2026-09-21T06:03:23.955Z HEARTBEAT
2026-09-21T06:08:23.970Z HEARTBEAT
2026-09-21T06:13:23.971Z HEARTBEAT
2026-09-21T06:18:23.986Z HEARTBEAT
2026-09-21T06:23:23.994Z HEARTBEAT
2026-09-21T06:28:24.003Z HEARTBEAT
2026-09-21T06:33:24.013Z HEARTBEAT
2026-09-21T06:38:24.027Z HEARTBEAT
2026-09-21T06:39:29.280Z cycle: 18 pending, 1 due
2026-09-21T06:39:30.091Z OK 龟壳珍宝 刷新时间已到 (201)
2026-09-21T06:43:24.040Z HEARTBEAT
2026-09-21T06:44:58.912Z cycle: 17 pending, 1 due
2026-09-21T06:44:59.561Z OK 真龙宝藏 刷新时间已到 (201)
2026-09-21T06:48:24.054Z HEARTBEAT
2026-09-21T06:53:24.069Z HEARTBEAT
2026-09-21T06:57:29.393Z cycle: 16 pending, 1 due
2026-09-21T06:57:30.309Z OK 家用小麦 物资已刷新 (201)
2026-09-21T06:58:24.075Z HEARTBEAT
2026-09-21T07:03:24.077Z HEARTBEAT
2026-09-21T07:08:24.091Z HEARTBEAT
2026-09-21T07:13:24.099Z HEARTBEAT
2026-09-21T07:18:24.105Z HEARTBEAT
2026-09-21T07:23:24.108Z HEARTBEAT
2026-09-21T07:28:24.120Z HEARTBEAT
2026-09-21T07:33:24.133Z HEARTBEAT
2026-09-21T07:38:24.136Z HEARTBEAT
2026-09-21T07:43:24.151Z HEARTBEAT
2026-09-21T07:48:24.157Z HEARTBEAT
2026-09-21T07:48:30.130Z cycle: 17 pending, 1 due
2026-09-21T07:48:30.799Z OK 噬星兽 物资已刷新 (201)
2026-09-21T07:53:24.162Z HEARTBEAT
2026-09-21T07:58:24.164Z HEARTBEAT
2026-09-21T07:58:30.111Z cycle: 16 pending, 1 due
2026-09-21T07:58:30.934Z OK 芙蕾雅宝箱 刷新时间已到 (201)
2026-09-21T08:03:24.169Z HEARTBEAT
2026-09-21T08:08:24.179Z HEARTBEAT
2026-09-21T08:13:24.181Z HEARTBEAT
2026-09-21T08:18:24.189Z HEARTBEAT
2026-09-21T08:23:24.204Z HEARTBEAT
2026-09-21T08:28:24.211Z HEARTBEAT
2026-09-21T08:33:24.226Z HEARTBEAT
2026-09-21T08:38:24.227Z HEARTBEAT
2026-09-21T08:43:24.233Z HEARTBEAT
2026-09-21T08:48:24.247Z HEARTBEAT
2026-09-21T08:53:24.252Z HEARTBEAT
2026-09-21T08:58:24.262Z HEARTBEAT
2026-09-21T09:03:24.273Z HEARTBEAT
2026-09-21T09:08:24.280Z HEARTBEAT
2026-09-21T09:13:24.288Z HEARTBEAT
2026-09-21T09:18:24.296Z HEARTBEAT
2026-09-21T09:23:05.187Z cycle: 20 pending, 1 due
2026-09-21T09:23:05.847Z OK 北境骨龙 已停止刷新 (201)
2026-09-21T09:23:24.305Z HEARTBEAT
2026-09-21T09:23:31.154Z cycle: 19 pending, 1 due
2026-09-21T09:23:31.758Z OK 龟壳珍宝 刷新时间已到 (201)
2026-09-21T09:28:24.306Z HEARTBEAT
2026-09-21T09:33:24.320Z HEARTBEAT
2026-09-21T09:38:24.320Z HEARTBEAT
2026-09-21T09:43:24.333Z HEARTBEAT
2026-09-21T09:48:24.339Z HEARTBEAT
2026-09-21T09:53:03.404Z cycle: 22 pending, 1 due
2026-09-21T09:53:04.062Z OK 龙涎草 刷新时间已到 (201)
2026-09-21T09:53:24.349Z HEARTBEAT
2026-09-21T09:58:24.357Z HEARTBEAT
2026-09-21T09:59:33.833Z cycle: 21 pending, 1 due
2026-09-21T09:59:34.640Z OK 真龙宝藏 刷新时间已到 (201)
2026-09-21T10:03:24.362Z HEARTBEAT
2026-09-21T10:08:24.369Z HEARTBEAT
2026-09-21T10:13:24.373Z HEARTBEAT
2026-09-21T10:16:02.304Z cycle: 20 pending, 1 due
2026-09-21T10:16:03.864Z OK 真龙宝藏 分身1 刷新时间已到 (201)
2026-09-21T10:18:24.389Z HEARTBEAT
2026-09-21T10:23:24.396Z HEARTBEAT
2026-09-21T10:28:24.411Z HEARTBEAT
2026-09-21T10:33:24.417Z HEARTBEAT
2026-09-21T10:38:24.425Z HEARTBEAT
2026-09-21T10:39:32.452Z cycle: 20 pending, 1 due
2026-09-21T10:39:33.120Z OK 龟壳珍宝 已停止刷新 (201)
2026-09-21T10:43:24.425Z HEARTBEAT
2026-09-21T10:48:24.429Z HEARTBEAT
2026-09-21T10:53:02.719Z cycle: 21 pending, 1 due
2026-09-21T10:53:03.319Z OK 钻头 分身1 物资已刷新 (201)
2026-09-21T10:53:24.443Z HEARTBEAT
2026-09-21T10:58:24.444Z HEARTBEAT
2026-09-21T11:03:24.449Z HEARTBEAT
2026-09-21T11:08:24.460Z HEARTBEAT
2026-09-21T11:13:24.470Z HEARTBEAT
2026-09-21T11:15:33.163Z cycle: 20 pending, 1 due
2026-09-21T11:15:34.243Z OK 真龙宝藏 刷新时间已到 (201)
2026-09-21T11:18:24.469Z HEARTBEAT
2026-09-21T11:23:24.476Z HEARTBEAT
2026-09-21T11:28:24.482Z HEARTBEAT
2026-09-21T11:33:24.495Z HEARTBEAT
2026-09-21T11:36:38.108Z cycle: 19 pending, 1 due
2026-09-21T11:36:38.833Z OK 真龙宝藏 刷新时间已到 (201)
2026-09-21T11:38:24.497Z HEARTBEAT
2026-09-21T11:40:33.853Z cycle: 18 pending, 1 due
2026-09-21T11:40:34.538Z OK 大贝壳 刷新时间已到 (201)
2026-09-21T11:43:24.508Z HEARTBEAT
2026-09-21T11:48:24.519Z HEARTBEAT
2026-09-21T11:53:24.522Z HEARTBEAT
2026-09-21T11:57:33.230Z SKIP: previous cycle still running
2026-09-21T11:58:24.526Z HEARTBEAT
2026-09-21T11:58:33.882Z cycle: 19 pending, 1 due
2026-09-21T11:58:35.791Z OK 芙蕾雅宝箱 已停止刷新 (201)
2026-09-21T12:03:24.530Z HEARTBEAT
2026-09-21T12:08:24.539Z HEARTBEAT
2026-09-21T12:11:33.411Z SKIP: previous cycle still running
2026-09-21T12:13:24.549Z HEARTBEAT
2026-09-21T12:18:24.561Z HEARTBEAT
2026-09-21T12:19:33.541Z SKIP: previous cycle still running
2026-09-21T12:22:03.576Z SKIP: previous cycle still running
2026-09-21T12:23:24.562Z HEARTBEAT
2026-09-21T12:28:24.564Z HEARTBEAT
2026-09-21T12:28:33.648Z SKIP: previous cycle still running
2026-09-21T12:33:24.569Z HEARTBEAT
2026-09-21T12:38:05.929Z cycle: 18 pending, 1 due
2026-09-21T12:38:06.606Z OK 钻头 物资已刷新 (201)
2026-09-21T12:38:24.574Z HEARTBEAT
2026-09-21T12:43:24.574Z HEARTBEAT
2026-09-21T12:48:24.578Z HEARTBEAT
2026-09-21T12:48:34.408Z cycle: 17 pending, 1 due
2026-09-21T12:48:35.082Z OK 龟壳珍宝 刷新时间已到 (201)
2026-09-21T12:53:24.583Z HEARTBEAT
2026-09-21T12:58:24.589Z HEARTBEAT
2026-09-21T13:03:24.592Z HEARTBEAT
2026-09-21T13:08:24.602Z HEARTBEAT
2026-09-21T13:08:45.017Z fetch retry 1: fetch failed
2026-09-21T13:08:55.773Z fetch retry 2: fetch failed
2026-09-21T13:09:15.008Z fetch retry 1: fetch failed
2026-09-21T13:09:25.678Z fetch retry 2: fetch failed
2026-09-21T13:09:44.989Z fetch retry 1: fetch failed
2026-09-21T13:09:55.718Z fetch retry 2: fetch failed
2026-09-21T13:10:04.300Z SKIP: previous cycle still running
2026-09-21T13:10:06.416Z LOOP ERROR: fetch failed
2026-09-21T13:13:15.017Z fetch retry 1: fetch failed
2026-09-21T13:13:24.609Z HEARTBEAT
2026-09-21T13:18:24.616Z HEARTBEAT
2026-09-21T13:21:45.135Z fetch retry 1: fetch failed
2026-09-21T13:21:55.847Z fetch retry 2: fetch failed
2026-09-21T13:23:24.629Z HEARTBEAT
2026-09-21T13:28:24.642Z HEARTBEAT
2026-09-21T13:31:15.292Z fetch retry 1: fetch failed
2026-09-21T13:33:24.651Z HEARTBEAT
2026-09-21T13:38:24.652Z HEARTBEAT
2026-09-21T13:43:09.288Z cycle: 20 pending, 1 due
2026-09-21T13:43:10.345Z OK 龟壳珍宝 刷新时间已到 (201)
2026-09-21T13:43:24.657Z HEARTBEAT
2026-09-21T13:48:24.665Z HEARTBEAT
2026-09-21T13:53:24.677Z HEARTBEAT
2026-09-21T13:58:24.684Z HEARTBEAT
2026-09-21T14:03:24.685Z HEARTBEAT
2026-09-21T14:08:24.700Z HEARTBEAT
2026-09-21T14:13:24.702Z HEARTBEAT
2026-09-21T14:18:24.714Z HEARTBEAT
2026-09-21T14:23:24.726Z HEARTBEAT
2026-09-21T14:28:24.733Z HEARTBEAT
2026-09-21T14:31:06.056Z cycle: 22 pending, 1 due
2026-09-21T14:31:06.744Z OK 真龙宝藏 分身5 刷新时间已到 (201)
2026-09-21T14:33:24.744Z HEARTBEAT
2026-09-21T14:38:24.759Z HEARTBEAT
2026-09-21T14:43:24.764Z HEARTBEAT
2026-09-21T14:48:24.773Z HEARTBEAT
2026-09-21T14:50:06.772Z cycle: 25 pending, 1 due
2026-09-21T14:50:07.461Z OK 真龙宝藏 刷新时间已到 (201)
2026-09-21T14:53:24.783Z HEARTBEAT
2026-09-21T14:57:06.491Z cycle: 24 pending, 1 due
2026-09-21T14:57:07.213Z OK 真龙宝藏 分身2 刷新时间已到 (201)
2026-09-21T14:58:24.785Z HEARTBEAT
2026-09-21T15:03:24.792Z HEARTBEAT
2026-09-21T15:08:24.797Z HEARTBEAT
2026-09-21T15:13:24.798Z HEARTBEAT
2026-09-21T15:17:37.342Z cycle: 23 pending, 1 due
2026-09-21T15:17:38.003Z OK 真龙宝藏 刷新时间已到 (201)
2026-09-21T15:18:24.809Z HEARTBEAT
2026-09-21T15:23:24.820Z HEARTBEAT
2026-09-21T15:28:24.822Z HEARTBEAT
2026-09-21T15:33:24.837Z HEARTBEAT
2026-09-21T15:38:24.844Z HEARTBEAT
2026-09-21T15:40:37.222Z cycle: 22 pending, 1 due
2026-09-21T15:40:37.810Z OK 大贝壳 已停止刷新 (201)
2026-09-21T15:43:24.849Z HEARTBEAT
2026-09-21T15:48:24.855Z HEARTBEAT
2026-09-21T15:53:08.758Z cycle: 21 pending, 1 due
2026-09-21T15:53:09.407Z OK 龙涎草 已停止刷新 (201)
2026-09-21T15:53:24.856Z HEARTBEAT
2026-09-21T15:58:07.360Z cycle: 20 pending, 1 due
2026-09-21T15:58:08.250Z OK 龟壳珍宝 刷新时间已到 (201)
2026-09-21T15:58:24.869Z HEARTBEAT
2026-09-21T16:03:24.884Z HEARTBEAT
2026-09-21T16:08:24.891Z HEARTBEAT
2026-09-21T16:13:24.902Z HEARTBEAT
2026-09-21T16:18:24.907Z HEARTBEAT
2026-09-21T16:23:24.911Z HEARTBEAT
2026-09-21T16:24:08.362Z cycle: 19 pending, 1 due
2026-09-21T16:24:09.532Z OK 芙蕾雅宝箱 刷新时间已到 (201)
2026-09-21T16:28:24.923Z HEARTBEAT
2026-09-21T16:33:24.923Z HEARTBEAT
2026-09-21T16:36:07.998Z cycle: 18 pending, 1 due
2026-09-21T16:36:08.698Z OK 芙蕾雅宝箱 分身3 刷新时间已到 (201)
2026-09-21T16:38:24.928Z HEARTBEAT
2026-09-21T16:43:24.937Z HEARTBEAT
2026-09-21T16:45:37.966Z cycle: 17 pending, 1 due
2026-09-21T16:45:38.592Z OK 芙蕾雅宝箱 分身7 刷新时间已到 (201)
2026-09-21T16:48:24.951Z HEARTBEAT
2026-09-21T16:53:24.965Z HEARTBEAT
2026-09-21T16:58:24.967Z HEARTBEAT
2026-09-21T17:03:24.973Z HEARTBEAT
2026-09-21T17:08:24.981Z HEARTBEAT
2026-09-21T17:13:24.995Z HEARTBEAT
2026-09-21T17:18:25.003Z HEARTBEAT
2026-09-21T17:23:25.012Z HEARTBEAT
2026-09-21T17:28:25.015Z HEARTBEAT
2026-09-21T17:33:25.023Z HEARTBEAT
2026-09-21T17:38:25.028Z HEARTBEAT
2026-09-21T17:42:38.820Z cycle: 16 pending, 1 due
2026-09-21T17:42:39.974Z OK 龟壳珍宝 已停止刷新 (201)
2026-09-21T17:43:25.030Z HEARTBEAT
2026-09-21T17:48:25.031Z HEARTBEAT
2026-09-21T17:53:25.042Z HEARTBEAT
2026-09-21T17:58:25.052Z HEARTBEAT
2026-09-21T18:03:25.063Z HEARTBEAT
2026-09-21T18:08:25.074Z HEARTBEAT
2026-09-21T18:13:25.078Z HEARTBEAT
2026-09-21T18:18:25.091Z HEARTBEAT
2026-09-21T18:23:25.095Z HEARTBEAT
2026-09-21T18:28:25.103Z HEARTBEAT
2026-09-21T18:31:13.478Z cycle: 17 pending, 1 due
2026-09-21T18:31:14.133Z OK 真龙宝藏 分身5 已停止刷新 (201)
2026-09-21T18:33:25.117Z HEARTBEAT
2026-09-21T18:38:25.131Z HEARTBEAT
2026-09-21T18:43:25.130Z HEARTBEAT
2026-09-21T18:48:25.133Z HEARTBEAT
2026-09-21T18:50:09.771Z cycle: 16 pending, 1 due
2026-09-21T18:50:10.536Z OK 真龙宝藏 已停止刷新 (201)
2026-09-21T18:53:25.136Z HEARTBEAT
2026-09-21T18:57:09.845Z cycle: 15 pending, 1 due
2026-09-21T18:57:10.466Z OK 真龙宝藏 分身2 已停止刷新 (201)
2026-09-21T18:58:25.140Z HEARTBEAT
2026-09-21T19:03:25.146Z HEARTBEAT
2026-09-21T19:08:25.154Z HEARTBEAT
2026-09-21T21:41:46.410Z === daemon starting ===
2026-09-21T21:41:46.416Z push daemon started (single instance)
2026-09-21T21:42:19.779Z cycle: 15 pending, 2 due
2026-09-21T21:42:20.606Z OK 芙蕾雅宝箱 分身7 已停止刷新 (201)
2026-09-21T21:42:21.060Z OK 钻头 物资已刷新 (201)
2026-09-21T21:46:46.414Z HEARTBEAT
2026-09-21T21:51:46.414Z HEARTBEAT
2026-09-21T21:56:46.415Z HEARTBEAT
2026-09-21T22:01:46.416Z HEARTBEAT
2026-09-21T22:06:46.416Z HEARTBEAT
2026-09-21T22:11:46.419Z HEARTBEAT
2026-09-21T22:16:46.419Z HEARTBEAT
2026-09-21T22:21:46.420Z HEARTBEAT
2026-09-21T22:26:46.420Z HEARTBEAT
2026-09-21T22:31:46.418Z HEARTBEAT
2026-09-21T22:36:46.419Z HEARTBEAT
2026-09-21T22:41:46.422Z HEARTBEAT
2026-09-21T22:46:46.423Z HEARTBEAT
2026-09-21T22:51:46.424Z HEARTBEAT
2026-09-21T22:56:46.425Z HEARTBEAT
2026-09-21T23:01:46.425Z HEARTBEAT
2026-09-21T23:06:46.426Z HEARTBEAT
2026-09-21T23:11:46.428Z HEARTBEAT
2026-09-21T23:16:46.429Z HEARTBEAT
2026-09-21T23:21:46.430Z HEARTBEAT
2026-09-21T23:26:46.429Z HEARTBEAT
2026-09-21T23:31:46.429Z HEARTBEAT
2026-09-21T23:36:46.429Z HEARTBEAT
2026-09-21T23:41:46.430Z HEARTBEAT
2026-09-21T23:46:46.430Z HEARTBEAT
2026-09-21T23:51:46.431Z HEARTBEAT
2026-09-21T23:56:46.431Z HEARTBEAT
2026-09-21T23:58:47.302Z cycle: 10 pending, 1 due
2026-09-21T23:58:48.303Z OK 龟壳珍宝 已停止刷新 (201)
2026-09-22T00:01:46.432Z HEARTBEAT
2026-09-22T00:06:46.433Z HEARTBEAT
2026-09-22T00:11:46.434Z HEARTBEAT
2026-09-22T00:16:46.436Z HEARTBEAT
2026-09-22T00:21:46.435Z HEARTBEAT
2026-09-22T00:26:46.436Z HEARTBEAT
2026-09-22T00:31:46.436Z HEARTBEAT
2026-09-22T00:36:46.435Z HEARTBEAT
2026-09-22T00:41:46.437Z HEARTBEAT
2026-09-22T00:46:46.439Z HEARTBEAT
2026-09-22T00:51:46.439Z HEARTBEAT
2026-09-22T00:56:46.438Z HEARTBEAT
2026-09-22T01:01:46.438Z HEARTBEAT
2026-09-22T01:06:46.439Z HEARTBEAT
2026-09-22T01:11:46.439Z HEARTBEAT
2026-09-22T01:16:46.440Z HEARTBEAT
2026-09-22T01:21:46.440Z HEARTBEAT
2026-09-22T01:25:21.328Z cycle: 11 pending, 1 due
2026-09-22T01:25:22.223Z OK 真龙宝藏 刷新时间已到 (201)
2026-09-22T01:26:46.440Z HEARTBEAT
2026-09-22T01:31:46.440Z HEARTBEAT
2026-09-22T01:36:46.441Z HEARTBEAT
2026-09-22T01:41:46.441Z HEARTBEAT
2026-09-22T01:46:46.442Z HEARTBEAT
2026-09-22T01:51:46.442Z HEARTBEAT
2026-09-22T01:56:46.443Z HEARTBEAT
2026-09-22T02:01:46.444Z HEARTBEAT
2026-09-22T02:06:46.443Z HEARTBEAT
2026-09-22T02:11:46.444Z HEARTBEAT
2026-09-22T02:16:46.444Z HEARTBEAT
2026-09-22T02:21:46.443Z HEARTBEAT
2026-09-22T02:26:46.443Z HEARTBEAT
2026-09-22T02:31:46.444Z HEARTBEAT
2026-09-22T02:36:46.444Z HEARTBEAT
2026-09-22T02:41:46.445Z HEARTBEAT
2026-09-22T02:46:46.445Z HEARTBEAT
2026-09-22T02:51:46.445Z HEARTBEAT
2026-09-22T02:56:46.445Z HEARTBEAT
2026-09-22T03:01:46.445Z HEARTBEAT
2026-09-22T03:06:46.446Z HEARTBEAT
2026-09-22T03:11:46.446Z HEARTBEAT
2026-09-22T03:16:46.447Z HEARTBEAT
2026-09-22T03:21:46.448Z HEARTBEAT
2026-09-22T03:21:47.241Z cycle: 12 pending, 1 due
2026-09-22T03:21:48.213Z OK 芙蕾雅宝箱 刷新时间已到 (201)
2026-09-22T03:26:46.447Z HEARTBEAT
2026-09-22T03:31:46.448Z HEARTBEAT
2026-09-22T03:36:46.449Z HEARTBEAT
2026-09-22T03:41:46.449Z HEARTBEAT
2026-09-22T03:46:46.449Z HEARTBEAT
2026-09-22T03:51:46.450Z HEARTBEAT
2026-09-22T03:56:46.451Z HEARTBEAT
2026-09-22T04:01:46.451Z HEARTBEAT
2026-09-22T04:06:46.450Z HEARTBEAT
2026-09-22T04:11:46.449Z HEARTBEAT
2026-09-22T04:16:46.451Z HEARTBEAT
2026-09-22T04:21:46.453Z HEARTBEAT
2026-09-22T04:26:46.454Z HEARTBEAT
2026-09-22T04:31:46.454Z HEARTBEAT
2026-09-22T04:36:46.455Z HEARTBEAT
2026-09-22T04:41:46.456Z HEARTBEAT
2026-09-22T04:46:46.458Z HEARTBEAT
2026-09-22T04:51:46.458Z HEARTBEAT
2026-09-22T04:56:46.459Z HEARTBEAT
2026-09-22T05:01:46.458Z HEARTBEAT
2026-09-22T05:05:17.317Z cycle: 14 pending, 1 due
2026-09-22T05:05:19.740Z OK 真龙宝藏 分身1 刷新时间已到 (201)
2026-09-22T05:06:46.460Z HEARTBEAT
2026-09-22T05:11:46.462Z HEARTBEAT
2026-09-22T05:16:46.461Z HEARTBEAT
2026-09-22T05:21:46.462Z HEARTBEAT
2026-09-22T05:26:46.464Z HEARTBEAT
2026-09-22T05:31:46.464Z HEARTBEAT
2026-09-22T05:36:46.464Z HEARTBEAT
2026-09-22T05:41:46.466Z HEARTBEAT
2026-09-22T05:46:46.470Z HEARTBEAT
2026-09-22T05:51:46.477Z HEARTBEAT
2026-09-22T05:56:46.482Z HEARTBEAT
2026-09-22T06:01:46.494Z HEARTBEAT
2026-09-22T06:06:46.501Z HEARTBEAT
2026-09-22T06:11:46.509Z HEARTBEAT
2026-09-22T06:13:22.249Z cycle: 15 pending, 1 due
2026-09-22T06:13:22.924Z OK 大贝壳 刷新时间已到 (201)
2026-09-22T06:16:46.516Z HEARTBEAT
2026-09-22T06:21:46.522Z HEARTBEAT
2026-09-22T06:26:46.524Z HEARTBEAT
2026-09-22T06:31:46.530Z HEARTBEAT
2026-09-22T06:36:46.538Z HEARTBEAT
2026-09-22T06:41:46.543Z HEARTBEAT
2026-09-22T06:46:46.553Z HEARTBEAT
2026-09-22T06:51:46.556Z HEARTBEAT
2026-09-22T06:54:48.898Z cycle: 14 pending, 1 due
2026-09-22T06:54:49.599Z OK 真龙宝藏 刷新时间已到 (201)
2026-09-22T06:56:46.566Z HEARTBEAT
2026-09-22T07:01:46.570Z HEARTBEAT
2026-09-22T07:06:46.583Z HEARTBEAT
2026-09-22T07:11:46.593Z HEARTBEAT
2026-09-22T07:15:18.885Z cycle: 12 pending, 1 due
2026-09-22T07:15:19.527Z OK 芙蕾雅宝箱 刷新时间已到 (201)
2026-09-22T07:16:46.597Z HEARTBEAT
2026-09-22T07:21:46.604Z HEARTBEAT
2026-09-22T07:26:46.617Z HEARTBEAT
2026-09-22T07:31:46.628Z HEARTBEAT
2026-09-22T07:36:46.632Z HEARTBEAT
2026-09-22T07:41:46.638Z HEARTBEAT
2026-09-22T07:46:46.641Z HEARTBEAT
2026-09-22T07:51:46.648Z HEARTBEAT
2026-09-22T07:56:46.655Z HEARTBEAT
2026-09-22T07:58:49.642Z cycle: 15 pending, 1 due
2026-09-22T07:58:50.254Z OK 真龙宝藏 分身1 刷新时间已到 (201)
2026-09-22T08:01:46.659Z HEARTBEAT
2026-09-22T08:06:46.668Z HEARTBEAT
2026-09-22T08:11:46.670Z HEARTBEAT
2026-09-22T08:16:46.676Z HEARTBEAT
2026-09-22T08:21:46.689Z HEARTBEAT
2026-09-22T08:26:46.701Z HEARTBEAT
2026-09-22T08:31:46.708Z HEARTBEAT
2026-09-22T08:36:46.709Z HEARTBEAT
2026-09-22T08:41:46.716Z HEARTBEAT
2026-09-22T08:46:46.720Z HEARTBEAT
2026-09-22T08:51:46.729Z HEARTBEAT
2026-09-22T08:55:30.606Z fetch retry 1: fetch failed
2026-09-22T08:55:41.289Z fetch retry 2: fetch failed
2026-09-22T08:56:46.743Z HEARTBEAT
2026-09-22T09:01:46.749Z HEARTBEAT
2026-09-22T09:06:46.759Z HEARTBEAT
2026-09-22T09:11:46.768Z HEARTBEAT
2026-09-22T09:16:46.774Z HEARTBEAT
2026-09-22T09:17:50.712Z cycle: 18 pending, 1 due
2026-09-22T09:17:51.293Z OK 钻头 分身1 物资已刷新 (201)
2026-09-22T09:21:46.779Z HEARTBEAT
2026-09-22T09:26:46.791Z HEARTBEAT
2026-09-22T09:31:46.796Z HEARTBEAT
2026-09-22T09:36:46.802Z HEARTBEAT
2026-09-22T09:41:46.803Z HEARTBEAT
2026-09-22T09:46:46.816Z HEARTBEAT
2026-09-22T09:51:46.823Z HEARTBEAT
2026-09-22T09:56:46.837Z HEARTBEAT
2026-09-22T10:01:46.840Z HEARTBEAT
2026-09-22T10:04:21.579Z cycle: 18 pending, 1 due
2026-09-22T10:04:23.702Z OK 钻头 物资已刷新 (201)
2026-09-22T10:06:46.843Z HEARTBEAT
2026-09-22T10:11:46.845Z HEARTBEAT
2026-09-22T10:16:46.854Z HEARTBEAT
2026-09-22T10:21:46.862Z HEARTBEAT
2026-09-22T10:26:46.863Z HEARTBEAT
2026-09-22T10:31:46.873Z HEARTBEAT
2026-09-22T10:36:46.877Z HEARTBEAT
2026-09-22T10:41:46.878Z HEARTBEAT
2026-09-22T10:46:46.892Z HEARTBEAT
2026-09-22T10:51:46.905Z HEARTBEAT
2026-09-22T10:54:52.146Z cycle: 17 pending, 1 due
2026-09-22T10:54:52.750Z OK 真龙宝藏 已停止刷新 (201)
2026-09-22T10:56:46.913Z HEARTBEAT
2026-09-22T11:01:46.929Z HEARTBEAT
2026-09-22T11:06:46.930Z HEARTBEAT
2026-09-22T11:11:46.936Z HEARTBEAT
2026-09-22T11:16:46.940Z HEARTBEAT
2026-09-22T11:21:46.940Z HEARTBEAT
2026-09-22T11:26:46.941Z HEARTBEAT
2026-09-22T11:31:46.947Z HEARTBEAT
2026-09-22T11:36:46.962Z HEARTBEAT
2026-09-22T11:41:46.964Z HEARTBEAT
2026-09-22T11:46:22.950Z cycle: 22 pending, 1 due
2026-09-22T11:46:23.642Z OK 芙蕾雅宝箱 刷新时间已到 (201)
2026-09-22T11:46:46.964Z HEARTBEAT
2026-09-22T11:51:46.975Z HEARTBEAT
2026-09-22T11:56:46.974Z HEARTBEAT
2026-09-22T11:58:53.271Z cycle: 21 pending, 1 due
2026-09-22T11:58:53.917Z OK 真龙宝藏 分身1 已停止刷新 (201)
2026-09-22T12:01:46.986Z HEARTBEAT
2026-09-22T12:06:46.999Z HEARTBEAT
2026-09-22T12:11:47.013Z HEARTBEAT
2026-09-22T12:11:53.500Z cycle: 20 pending, 1 due
2026-09-22T12:11:54.512Z OK 暴动矿源虫 刷新时间已到 (201)
2026-09-22T12:16:47.024Z HEARTBEAT
2026-09-22T12:21:47.036Z HEARTBEAT
2026-09-22T12:26:47.044Z HEARTBEAT
2026-09-22T12:31:47.055Z HEARTBEAT
2026-09-22T12:36:47.062Z HEARTBEAT
2026-09-22T12:41:47.064Z HEARTBEAT
2026-09-22T12:46:47.071Z HEARTBEAT
2026-09-22T12:51:47.073Z HEARTBEAT
2026-09-22T12:56:47.087Z HEARTBEAT
2026-09-22T13:01:47.092Z HEARTBEAT
2026-09-22T13:06:47.097Z HEARTBEAT
2026-09-22T13:08:24.084Z cycle: 23 pending, 1 due
2026-09-22T13:08:24.764Z OK 聚变矿源虫 刷新时间已到 (201)
2026-09-22T13:11:47.101Z HEARTBEAT
2026-09-22T13:16:24.252Z cycle: 22 pending, 1 due
2026-09-22T13:16:24.917Z OK 聚变矿源虫 分身6 刷新时间已到 (201)
2026-09-22T13:16:47.106Z HEARTBEAT
2026-09-22T13:21:47.107Z HEARTBEAT
2026-09-22T13:25:24.362Z cycle: 21 pending, 1 due
2026-09-22T13:25:25.632Z OK 龟壳珍宝 刷新时间已到 (201)
2026-09-22T13:26:47.119Z HEARTBEAT
2026-09-22T13:31:47.124Z HEARTBEAT
2026-09-22T13:36:47.128Z HEARTBEAT
2026-09-22T13:41:47.136Z HEARTBEAT
2026-09-22T13:46:47.143Z HEARTBEAT
2026-09-22T13:51:47.145Z HEARTBEAT
2026-09-22T13:56:47.158Z HEARTBEAT
2026-09-22T14:01:47.169Z HEARTBEAT
2026-09-22T14:06:47.172Z HEARTBEAT
2026-09-22T14:08:25.258Z cycle: 21 pending, 1 due
2026-09-22T14:08:25.942Z OK 聚变矿源虫 已停止刷新 (201)
2026-09-22T14:11:47.178Z HEARTBEAT
2026-09-22T14:11:54.974Z cycle: 22 pending, 1 due
2026-09-22T14:11:55.799Z OK 暴动矿源虫 已停止刷新 (201)
2026-09-22T14:15:25.190Z cycle: 21 pending, 1 due
2026-09-22T14:15:26.622Z OK 龟壳珍宝 分身3 刷新时间已到 (201)
2026-09-22T14:16:25.716Z cycle: 20 pending, 1 due
2026-09-22T14:16:27.092Z OK 聚变矿源虫 分身6 已停止刷新 (201)
2026-09-22T14:16:47.178Z HEARTBEAT
2026-09-22T14:21:47.180Z HEARTBEAT
2026-09-22T14:26:47.193Z HEARTBEAT
2026-09-22T14:31:47.207Z HEARTBEAT
2026-09-22T14:36:47.222Z HEARTBEAT
2026-09-22T14:41:47.222Z HEARTBEAT
2026-09-22T14:46:47.226Z HEARTBEAT
2026-09-22T14:51:47.229Z HEARTBEAT
2026-09-22T14:56:47.235Z HEARTBEAT
2026-09-22T15:01:47.245Z HEARTBEAT
2026-09-22T15:02:26.091Z cycle: 21 pending, 1 due
2026-09-22T15:02:26.932Z OK 真龙宝藏 刷新时间已到 (201)
2026-09-22T15:06:47.257Z HEARTBEAT
2026-09-22T15:11:47.258Z HEARTBEAT
2026-09-22T15:16:47.258Z HEARTBEAT
2026-09-22T15:21:47.259Z HEARTBEAT
2026-09-22T15:26:47.258Z HEARTBEAT
2026-09-22T15:31:47.259Z HEARTBEAT
2026-09-22T15:36:47.258Z HEARTBEAT
2026-09-22T15:41:47.259Z HEARTBEAT
2026-09-22T15:46:47.259Z HEARTBEAT
2026-09-22T15:51:47.260Z HEARTBEAT
2026-09-22T15:56:47.259Z HEARTBEAT
2026-09-22T15:59:26.272Z cycle: 28 pending, 1 due
2026-09-22T15:59:27.866Z OK 芙蕾雅宝箱 刷新时间已到 (201)
2026-09-22T16:01:47.259Z HEARTBEAT
2026-09-22T16:06:47.262Z HEARTBEAT
2026-09-22T16:11:47.263Z HEARTBEAT
2026-09-22T16:16:47.262Z HEARTBEAT
2026-09-22T16:21:47.262Z HEARTBEAT
2026-09-22T16:26:47.263Z HEARTBEAT
2026-09-22T23:06:00.955Z === daemon starting ===
2026-09-22T23:06:00.960Z push daemon started (single instance)
2026-09-22T23:06:32.721Z cycle: 17 pending, 1 due
2026-09-22T23:06:33.549Z OK 龟壳珍宝 分身9 刷新时间已到 (201)
2026-09-22T23:11:00.959Z HEARTBEAT
2026-09-22T23:16:00.958Z HEARTBEAT
2026-09-22T23:21:00.970Z HEARTBEAT
2026-09-22T23:25:05.998Z cycle: 15 pending, 1 due
2026-09-22T23:25:06.771Z OK 龟壳珍宝 分身6 刷新时间已到 (201)
2026-09-22T23:26:00.970Z HEARTBEAT
2026-09-22T23:31:00.980Z HEARTBEAT
2026-09-22T23:36:00.983Z HEARTBEAT
2026-09-22T23:41:00.996Z HEARTBEAT
2026-09-22T23:46:01.005Z HEARTBEAT
2026-09-22T23:51:01.006Z HEARTBEAT
2026-09-22T23:56:01.015Z HEARTBEAT
2026-09-23T00:01:01.026Z HEARTBEAT
2026-09-23T00:06:01.027Z HEARTBEAT
2026-09-23T00:11:01.038Z HEARTBEAT
2026-09-23T00:16:01.044Z HEARTBEAT
2026-09-23T00:17:36.677Z cycle: 14 pending, 1 due
2026-09-23T00:17:37.340Z OK 大企鹅 已停止刷新 (201)
2026-09-23T00:21:01.049Z HEARTBEAT
2026-09-23T00:26:01.048Z HEARTBEAT
2026-09-23T00:28:36.863Z cycle: 13 pending, 1 due
2026-09-23T00:28:37.674Z OK 龟壳珍宝 分身8 已停止刷新 (201)
2026-09-23T00:31:01.052Z HEARTBEAT
2026-09-23T00:36:01.058Z HEARTBEAT
2026-09-23T00:41:01.069Z HEARTBEAT
2026-09-23T00:46:01.083Z HEARTBEAT
2026-09-23T00:51:01.089Z HEARTBEAT
2026-09-23T00:56:01.100Z HEARTBEAT
2026-09-23T01:01:01.105Z HEARTBEAT
2026-09-23T01:06:01.105Z HEARTBEAT
2026-09-23T01:11:01.108Z HEARTBEAT
2026-09-23T01:16:01.112Z HEARTBEAT
2026-09-23T01:20:03.321Z cycle: 12 pending, 1 due
2026-09-23T01:20:04.160Z OK 龟壳珍宝 已停止刷新 (201)
2026-09-23T01:21:01.124Z HEARTBEAT
2026-09-23T01:26:01.134Z HEARTBEAT
2026-09-23T01:31:01.149Z HEARTBEAT
2026-09-23T01:36:01.161Z HEARTBEAT
2026-09-23T01:41:01.165Z HEARTBEAT
2026-09-23T01:46:01.170Z HEARTBEAT
2026-09-23T01:51:01.170Z HEARTBEAT
2026-09-23T01:56:01.183Z HEARTBEAT
2026-09-23T02:00:08.401Z cycle: 11 pending, 2 due
2026-09-23T02:00:09.076Z OK 深海珊瑚 已停止刷新 (201)
2026-09-23T02:00:09.496Z OK 深海珊瑚 分身1 已停止刷新 (201)
2026-09-23T02:01:01.186Z HEARTBEAT
2026-09-23T02:06:01.192Z HEARTBEAT
2026-09-23T02:11:01.200Z HEARTBEAT
2026-09-23T02:16:01.206Z HEARTBEAT
2026-09-23T02:21:01.206Z HEARTBEAT
2026-09-23T02:26:01.214Z HEARTBEAT
2026-09-23T02:31:01.225Z HEARTBEAT
2026-09-23T02:36:01.234Z HEARTBEAT
2026-09-23T02:40:34.739Z cycle: 17 pending, 1 due
2026-09-23T02:40:35.398Z OK 龟壳珍宝 分身9 已停止刷新 (201)
2026-09-23T02:41:01.238Z HEARTBEAT
2026-09-23T02:46:01.250Z HEARTBEAT
2026-09-23T02:51:01.251Z HEARTBEAT
2026-09-23T02:56:01.253Z HEARTBEAT
2026-09-23T03:01:01.266Z HEARTBEAT
2026-09-23T03:06:01.267Z HEARTBEAT
2026-09-23T03:11:01.277Z HEARTBEAT
2026-09-23T03:16:01.283Z HEARTBEAT
2026-09-23T03:21:01.295Z HEARTBEAT
2026-09-23T03:25:05.185Z cycle: 16 pending, 1 due
2026-09-23T03:25:05.840Z OK 龟壳珍宝 分身6 已停止刷新 (201)
2026-09-23T03:26:01.298Z HEARTBEAT
2026-09-23T03:31:01.310Z HEARTBEAT
2026-09-23T03:36:01.312Z HEARTBEAT
2026-09-23T03:41:01.319Z HEARTBEAT
2026-09-23T03:46:01.320Z HEARTBEAT
2026-09-23T03:51:01.328Z HEARTBEAT
2026-09-23T03:56:01.339Z HEARTBEAT
2026-09-23T04:01:01.353Z HEARTBEAT
2026-09-23T04:06:01.357Z HEARTBEAT
2026-09-23T04:11:01.357Z HEARTBEAT
2026-09-23T04:16:01.362Z HEARTBEAT
2026-09-23T04:21:01.375Z HEARTBEAT
2026-09-23T04:26:01.387Z HEARTBEAT
2026-09-23T04:31:01.394Z HEARTBEAT
2026-09-23T04:36:01.397Z HEARTBEAT
2026-09-23T04:41:01.401Z HEARTBEAT
2026-09-23T04:46:01.401Z HEARTBEAT
2026-09-23T04:51:01.412Z HEARTBEAT
2026-09-23T04:56:01.427Z HEARTBEAT
2026-09-23T05:01:01.437Z HEARTBEAT
2026-09-23T05:03:36.817Z cycle: 17 pending, 1 due
2026-09-23T05:03:37.686Z OK 从容花苞 刷新时间已到 (201)
2026-09-23T05:06:01.445Z HEARTBEAT
2026-09-23T05:11:01.449Z HEARTBEAT
2026-09-23T05:16:01.456Z HEARTBEAT
2026-09-23T05:21:01.455Z HEARTBEAT
2026-09-23T05:26:01.460Z HEARTBEAT
2026-09-23T05:31:01.464Z HEARTBEAT
2026-09-23T05:36:01.470Z HEARTBEAT
2026-09-23T05:41:01.472Z HEARTBEAT
2026-09-23T05:46:01.482Z HEARTBEAT
2026-09-23T05:51:01.488Z HEARTBEAT
2026-09-23T05:56:01.496Z HEARTBEAT
2026-09-23T06:01:01.506Z HEARTBEAT
2026-09-23T06:03:37.677Z cycle: 16 pending, 1 due
2026-09-23T06:03:38.768Z OK 从容花苞 已停止刷新 (201)
2026-09-23T06:06:01.515Z HEARTBEAT
2026-09-23T06:11:01.514Z HEARTBEAT
2026-09-23T06:16:01.523Z HEARTBEAT
2026-09-23T06:21:01.523Z HEARTBEAT
2026-09-23T06:24:07.768Z cycle: 15 pending, 1 due
2026-09-23T06:24:08.438Z OK 暴动矿源虫 刷新时间已到 (201)
2026-09-23T06:26:01.533Z HEARTBEAT
2026-09-23T06:31:01.542Z HEARTBEAT
2026-09-23T06:36:01.548Z HEARTBEAT
2026-09-23T06:41:01.554Z HEARTBEAT
2026-09-23T06:46:01.564Z HEARTBEAT
2026-09-23T06:51:01.563Z HEARTBEAT
2026-09-23T06:56:01.565Z HEARTBEAT
2026-09-23T07:01:01.566Z HEARTBEAT
2026-09-23T07:06:01.567Z HEARTBEAT
2026-09-23T07:11:01.578Z HEARTBEAT
2026-09-23T07:16:01.592Z HEARTBEAT
2026-09-23T07:21:01.607Z HEARTBEAT
2026-09-23T07:26:01.614Z HEARTBEAT
2026-09-23T07:31:01.624Z HEARTBEAT
2026-09-23T07:36:01.624Z HEARTBEAT
2026-09-23T07:41:01.630Z HEARTBEAT
2026-09-23T07:46:01.633Z HEARTBEAT
2026-09-23T07:51:01.647Z HEARTBEAT
2026-09-23T07:54:09.193Z cycle: 16 pending, 1 due
2026-09-23T07:54:10.198Z OK 聚变矿源虫 刷新时间已到 (201)
2026-09-23T07:56:01.649Z HEARTBEAT
2026-09-23T08:01:01.658Z HEARTBEAT
2026-09-23T08:06:01.671Z HEARTBEAT
2026-09-23T08:11:01.682Z HEARTBEAT
2026-09-23T08:16:01.689Z HEARTBEAT
2026-09-23T08:21:01.690Z HEARTBEAT
2026-09-23T08:24:09.337Z cycle: 15 pending, 1 due
2026-09-23T08:24:11.182Z OK 暴动矿源虫 已停止刷新 (201)
2026-09-23T08:26:01.701Z HEARTBEAT
2026-09-23T08:28:13.598Z cycle: 14 pending, 1 due
2026-09-23T08:28:14.270Z OK 神酒 刷新时间已到 (201)
2026-09-23T08:31:01.715Z HEARTBEAT
2026-09-23T08:36:01.730Z HEARTBEAT
2026-09-23T08:41:01.739Z HEARTBEAT
2026-09-23T08:46:01.741Z HEARTBEAT
2026-09-23T08:51:01.755Z HEARTBEAT
2026-09-23T08:54:09.767Z cycle: 13 pending, 1 due
2026-09-23T08:54:10.379Z OK 聚变矿源虫 已停止刷新 (201)
2026-09-23T08:56:01.763Z HEARTBEAT
2026-09-23T09:01:01.775Z HEARTBEAT
2026-09-23T09:06:01.787Z HEARTBEAT
2026-09-23T09:10:44.055Z cycle: 12 pending, 1 due
2026-09-23T09:10:44.837Z OK 海底精英怪 刷新时间已到 (201)
2026-09-23T09:11:01.786Z HEARTBEAT
2026-09-23T09:16:01.799Z HEARTBEAT
2026-09-23T09:21:01.804Z HEARTBEAT
2026-09-23T09:26:01.818Z HEARTBEAT
2026-09-23T09:31:01.829Z HEARTBEAT
2026-09-23T09:36:01.836Z HEARTBEAT
2026-09-23T09:41:01.844Z HEARTBEAT
2026-09-23T09:46:01.852Z HEARTBEAT
2026-09-23T09:51:01.866Z HEARTBEAT
2026-09-23T09:56:01.878Z HEARTBEAT
2026-09-23T10:01:01.884Z HEARTBEAT
2026-09-23T10:06:01.890Z HEARTBEAT
2026-09-23T10:10:40.886Z cycle: 12 pending, 1 due
2026-09-23T10:10:41.702Z OK 海底精英怪 已停止刷新 (201)
2026-09-23T10:11:01.899Z HEARTBEAT
2026-09-23T10:16:01.910Z HEARTBEAT
2026-09-23T10:21:01.911Z HEARTBEAT
2026-09-23T10:26:01.913Z HEARTBEAT
2026-09-23T10:28:41.446Z cycle: 13 pending, 1 due
2026-09-23T10:28:42.309Z OK 神酒 已停止刷新 (201)
2026-09-23T10:31:01.921Z HEARTBEAT
2026-09-23T10:36:01.931Z HEARTBEAT
2026-09-23T10:41:01.936Z HEARTBEAT
2026-09-23T10:46:01.951Z HEARTBEAT
2026-09-23T10:49:11.626Z cycle: 12 pending, 1 due
2026-09-23T10:49:12.560Z OK 钻头 物资已刷新 (201)
2026-09-23T10:51:01.959Z HEARTBEAT
2026-09-23T10:56:01.964Z HEARTBEAT
2026-09-23T11:01:01.976Z HEARTBEAT
2026-09-23T11:06:01.981Z HEARTBEAT
2026-09-23T11:11:01.983Z HEARTBEAT
2026-09-23T11:16:01.988Z HEARTBEAT
2026-09-23T11:21:01.994Z HEARTBEAT
2026-09-23T11:26:01.997Z HEARTBEAT
2026-09-23T11:31:01.997Z HEARTBEAT
2026-09-23T11:36:02.001Z HEARTBEAT
2026-09-23T11:41:02.011Z HEARTBEAT
2026-09-23T11:46:02.012Z HEARTBEAT
2026-09-23T11:51:02.017Z HEARTBEAT
2026-09-23T11:56:02.030Z HEARTBEAT
2026-09-23T12:01:02.043Z HEARTBEAT
2026-09-23T12:06:02.051Z HEARTBEAT
2026-09-23T12:11:02.058Z HEARTBEAT
2026-09-23T12:16:02.062Z HEARTBEAT
2026-09-23T12:21:02.068Z HEARTBEAT
2026-09-23T12:26:02.068Z HEARTBEAT
2026-09-23T12:31:02.068Z HEARTBEAT
2026-09-23T12:36:02.078Z HEARTBEAT
2026-09-23T12:41:02.084Z HEARTBEAT
2026-09-23T12:46:02.095Z HEARTBEAT
2026-09-23T12:51:02.103Z HEARTBEAT
2026-09-23T12:56:02.118Z HEARTBEAT
2026-09-23T13:01:02.123Z HEARTBEAT
2026-09-23T13:06:02.134Z HEARTBEAT
2026-09-23T13:08:43.634Z cycle: 17 pending, 1 due
2026-09-23T13:08:45.397Z OK 龟壳珍宝 刷新时间已到 (201)
2026-09-23T13:11:02.140Z HEARTBEAT
2026-09-23T13:12:13.756Z cycle: 16 pending, 1 due
2026-09-23T13:12:14.430Z OK 龟壳珍宝 分身2 刷新时间已到 (201)
2026-09-23T13:16:02.142Z HEARTBEAT
2026-09-23T13:21:02.154Z HEARTBEAT
2026-09-23T13:26:02.159Z HEARTBEAT
2026-09-23T13:27:43.942Z cycle: 15 pending, 1 due
2026-09-23T13:27:47.375Z OK 大企鹅 刷新时间已到 (201)
2026-09-23T13:31:02.171Z HEARTBEAT
2026-09-23T13:36:02.180Z HEARTBEAT
2026-09-23T13:41:02.193Z HEARTBEAT
2026-09-23T13:41:24.351Z fetch retry 1: fetch failed
2026-09-23T13:41:35.033Z fetch retry 2: fetch failed
2026-09-23T13:41:54.289Z fetch retry 1: fetch failed
2026-09-23T13:42:04.983Z fetch retry 2: fetch failed
2026-09-23T13:46:02.198Z HEARTBEAT
2026-09-23T13:51:02.209Z HEARTBEAT
2026-09-23T13:56:02.213Z HEARTBEAT
2026-09-23T14:01:02.227Z HEARTBEAT
2026-09-23T14:06:02.239Z HEARTBEAT
2026-09-23T14:11:02.245Z HEARTBEAT
2026-09-23T14:16:02.245Z HEARTBEAT
2026-09-23T14:21:00.939Z HEARTBEAT
2026-09-23T14:24:13.835Z cycle: 14 pending, 1 due
2026-09-23T14:24:14.562Z OK 矿源巨蝎 刷新时间已到 (201)
2026-09-23T14:26:00.950Z HEARTBEAT
2026-09-23T14:31:00.966Z HEARTBEAT
2026-09-23T14:36:00.965Z HEARTBEAT
2026-09-23T14:41:00.967Z HEARTBEAT
2026-09-23T14:46:00.968Z HEARTBEAT
2026-09-23T14:51:00.975Z HEARTBEAT
2026-09-23T14:56:00.976Z HEARTBEAT
2026-09-23T15:01:00.990Z HEARTBEAT
2026-09-23T15:05:14.022Z cycle: 13 pending, 1 due
2026-09-23T15:05:14.967Z OK 真龙宝藏 刷新时间已到 (201)
2026-09-23T15:06:00.992Z HEARTBEAT
2026-09-23T15:11:01.004Z HEARTBEAT
2026-09-23T15:16:01.015Z HEARTBEAT
2026-09-23T15:21:01.017Z HEARTBEAT
2026-09-23T15:26:01.020Z HEARTBEAT
2026-09-23T15:31:01.023Z HEARTBEAT
2026-09-23T15:36:01.037Z HEARTBEAT
2026-09-23T15:41:01.050Z HEARTBEAT
2026-09-23T15:46:01.052Z HEARTBEAT
2026-09-23T15:51:01.054Z HEARTBEAT
2026-09-23T15:56:01.063Z HEARTBEAT
2026-09-23T16:01:01.070Z HEARTBEAT
2026-09-23T16:06:01.079Z HEARTBEAT
2026-09-23T16:11:01.090Z HEARTBEAT
2026-09-23T16:16:01.102Z HEARTBEAT
2026-09-23T16:21:01.102Z HEARTBEAT
2026-09-23T16:26:01.106Z HEARTBEAT
2026-09-23T16:31:01.114Z HEARTBEAT
2026-09-23T16:36:01.120Z HEARTBEAT
2026-09-23T16:41:01.133Z HEARTBEAT
2026-09-23T16:46:01.134Z HEARTBEAT
2026-09-23T16:51:01.140Z HEARTBEAT
2026-09-23T16:56:01.140Z HEARTBEAT
2026-09-23T17:01:01.142Z HEARTBEAT
2026-09-23T17:06:01.146Z HEARTBEAT
2026-09-23T17:08:46.058Z cycle: 12 pending, 1 due
2026-09-23T17:08:46.675Z OK 龟壳珍宝 已停止刷新 (201)
2026-09-23T17:11:01.160Z HEARTBEAT
2026-09-23T17:16:01.163Z HEARTBEAT
2026-09-23T17:21:01.178Z HEARTBEAT
2026-09-23T17:26:01.184Z HEARTBEAT
2026-09-23T17:27:46.239Z cycle: 11 pending, 1 due
2026-09-23T17:27:47.085Z OK 大企鹅 已停止刷新 (201)
2026-09-23T17:31:01.184Z HEARTBEAT
2026-09-23T17:36:01.193Z HEARTBEAT
2026-09-23T17:41:01.202Z HEARTBEAT
2026-09-23T17:46:01.203Z HEARTBEAT
2026-09-23T17:51:01.206Z HEARTBEAT
2026-09-23T23:30:31.222Z === daemon starting ===
2026-09-23T23:30:31.227Z push daemon started (single instance)
2026-09-23T23:31:02.347Z cycle: 20 pending, 3 due
2026-09-23T23:31:03.172Z OK 大贝壳 分身1 刷新时间已到 (201)
2026-09-23T23:31:03.643Z OK 大贝壳 分身3 刷新时间已到 (201)
2026-09-23T23:31:04.068Z OK 大企鹅 刷新时间已到 (201)
2026-09-23T23:35:31.236Z HEARTBEAT
2026-09-23T23:40:31.238Z HEARTBEAT
2026-09-23T23:45:31.244Z HEARTBEAT
2026-09-23T23:50:31.244Z HEARTBEAT
2026-09-23T23:55:31.259Z HEARTBEAT
2026-09-24T00:00:31.270Z HEARTBEAT
2026-09-24T00:05:31.281Z HEARTBEAT
2026-09-24T00:10:31.293Z HEARTBEAT
2026-09-24T00:15:31.298Z HEARTBEAT
2026-09-24T00:20:31.300Z HEARTBEAT
2026-09-24T00:25:31.303Z HEARTBEAT
2026-09-24T00:30:31.315Z HEARTBEAT
2026-09-24T00:35:31.323Z HEARTBEAT
2026-09-24T00:40:31.333Z HEARTBEAT
2026-09-24T00:45:31.334Z HEARTBEAT
2026-09-24T00:50:31.335Z HEARTBEAT
2026-09-24T00:51:02.853Z cycle: 17 pending, 1 due
2026-09-24T00:51:03.637Z OK 芙蕾雅宝箱 刷新时间已到 (201)
2026-09-24T00:55:31.340Z HEARTBEAT
2026-09-24T01:00:31.347Z HEARTBEAT
2026-09-24T01:05:31.354Z HEARTBEAT
2026-09-24T01:10:31.362Z HEARTBEAT
2026-09-24T01:15:31.375Z HEARTBEAT
2026-09-24T01:20:31.382Z HEARTBEAT
2026-09-24T01:25:31.396Z HEARTBEAT
2026-09-24T01:27:33.594Z cycle: 18 pending, 1 due
2026-09-24T01:27:34.419Z OK 芙蕾雅宝箱 刷新时间已到 (201)
2026-09-24T01:30:31.403Z HEARTBEAT
2026-09-24T01:35:31.412Z HEARTBEAT
2026-09-24T01:40:31.424Z HEARTBEAT
2026-09-24T01:45:31.431Z HEARTBEAT
2026-09-24T01:50:31.432Z HEARTBEAT
2026-09-24T01:55:31.445Z HEARTBEAT
2026-09-24T02:00:31.450Z HEARTBEAT
2026-09-24T02:05:31.465Z HEARTBEAT
2026-09-24T02:10:31.470Z HEARTBEAT
2026-09-24T02:10:34.322Z cycle: 17 pending, 1 due
2026-09-24T02:10:34.949Z OK 大贝壳 已停止刷新 (201)
2026-09-24T02:15:31.482Z HEARTBEAT
2026-09-24T02:20:31.496Z HEARTBEAT
2026-09-24T02:25:31.498Z HEARTBEAT
2026-09-24T02:30:31.507Z HEARTBEAT
2026-09-24T02:35:31.514Z HEARTBEAT
2026-09-24T02:40:31.522Z HEARTBEAT
2026-09-24T02:45:31.534Z HEARTBEAT
2026-09-24T02:50:31.549Z HEARTBEAT
2026-09-24T02:55:31.557Z HEARTBEAT
2026-09-24T02:57:34.908Z cycle: 18 pending, 1 due
2026-09-24T02:57:35.470Z OK 大贝壳 分身1 已停止刷新 (201)
2026-09-24T03:00:04.961Z cycle: 17 pending, 1 due
2026-09-24T03:00:05.537Z OK 大贝壳 分身3 已停止刷新 (201)
2026-09-24T03:00:31.558Z HEARTBEAT
2026-09-24T03:05:31.571Z HEARTBEAT
2026-09-24T03:10:31.572Z HEARTBEAT
2026-09-24T03:15:31.587Z HEARTBEAT
2026-09-24T03:15:35.223Z cycle: 18 pending, 1 due
2026-09-24T03:15:35.870Z OK 大企鹅 已停止刷新 (201)
2026-09-24T03:20:31.590Z HEARTBEAT
2026-09-24T03:25:31.596Z HEARTBEAT
2026-09-24T03:30:31.601Z HEARTBEAT
2026-09-24T03:35:31.610Z HEARTBEAT
2026-09-24T03:40:31.621Z HEARTBEAT
2026-09-24T03:45:31.624Z HEARTBEAT
2026-09-24T03:50:31.639Z HEARTBEAT
2026-09-24T03:55:31.652Z HEARTBEAT
2026-09-24T04:00:31.663Z HEARTBEAT
2026-09-24T04:05:31.665Z HEARTBEAT
2026-09-24T04:10:31.669Z HEARTBEAT
2026-09-24T04:15:31.670Z HEARTBEAT
2026-09-24T04:20:31.673Z HEARTBEAT
2026-09-24T04:25:31.676Z HEARTBEAT
2026-09-24T04:30:31.679Z HEARTBEAT
2026-09-24T04:35:31.680Z HEARTBEAT
2026-09-24T04:40:31.688Z HEARTBEAT
2026-09-24T04:45:31.702Z HEARTBEAT
2026-09-24T04:50:31.707Z HEARTBEAT
2026-09-24T04:51:06.731Z cycle: 21 pending, 1 due
2026-09-24T04:51:07.441Z OK 芙蕾雅宝箱 已停止刷新 (201)
2026-09-24T04:55:31.722Z HEARTBEAT
2026-09-24T05:00:31.733Z HEARTBEAT
2026-09-24T05:05:31.738Z HEARTBEAT
2026-09-24T05:10:31.751Z HEARTBEAT
2026-09-24T05:15:31.756Z HEARTBEAT
2026-09-24T05:15:41.045Z cycle: 20 pending, 1 due
2026-09-24T05:15:41.731Z OK 真龙宝藏 分身1 刷新时间已到 (201)
2026-09-24T05:20:31.759Z HEARTBEAT
2026-09-24T05:25:31.758Z HEARTBEAT
2026-09-24T05:27:37.085Z cycle: 19 pending, 1 due
2026-09-24T05:27:37.913Z OK 芙蕾雅宝箱 已停止刷新 (201)
2026-09-24T05:29:41.137Z cycle: 18 pending, 1 due
2026-09-24T05:29:42.233Z OK 真龙宝藏 刷新时间已到 (201)
2026-09-24T05:30:31.759Z HEARTBEAT
2026-09-24T05:35:31.769Z HEARTBEAT
2026-09-24T05:40:31.784Z HEARTBEAT
2026-09-24T05:42:07.263Z cycle: 17 pending, 1 due
2026-09-24T05:42:08.778Z OK 真龙宝藏 分身2 刷新时间已到 (201)
2026-09-24T05:45:31.798Z HEARTBEAT
2026-09-24T05:50:31.800Z HEARTBEAT
2026-09-24T05:55:31.805Z HEARTBEAT
2026-09-24T06:00:31.812Z HEARTBEAT
2026-09-24T06:05:31.810Z HEARTBEAT
2026-09-24T06:10:31.815Z HEARTBEAT
2026-09-24T06:15:31.818Z HEARTBEAT
2026-09-24T06:20:31.820Z HEARTBEAT
2026-09-24T06:25:31.820Z HEARTBEAT
2026-09-24T06:30:31.821Z HEARTBEAT
2026-09-24T06:35:31.820Z HEARTBEAT
2026-09-24T06:40:31.837Z HEARTBEAT
2026-09-24T06:40:42.135Z cycle: 17 pending, 1 due
2026-09-24T06:40:43.077Z OK 暴动矿源虫 刷新时间已到 (201)
2026-09-24T06:45:31.840Z HEARTBEAT
2026-09-24T06:49:42.275Z cycle: 16 pending, 1 due
2026-09-24T06:49:43.733Z OK 钻头 物资已刷新 (201)
2026-09-24T06:50:31.845Z HEARTBEAT
2026-09-24T06:55:31.859Z HEARTBEAT
2026-09-24T07:00:08.337Z cycle: 15 pending, 1 due
2026-09-24T07:00:09.037Z OK 神酒 刷新时间已到 (201)
2026-09-24T07:00:31.870Z HEARTBEAT
2026-09-24T07:05:31.880Z HEARTBEAT
2026-09-24T07:10:31.883Z HEARTBEAT
2026-09-24T07:15:31.884Z HEARTBEAT
2026-09-24T07:20:31.896Z HEARTBEAT
2026-09-24T07:25:31.907Z HEARTBEAT
2026-09-24T07:30:31.917Z HEARTBEAT
2026-09-24T07:35:31.928Z HEARTBEAT
2026-09-24T07:40:31.934Z HEARTBEAT
2026-09-24T07:45:31.936Z HEARTBEAT
2026-09-24T07:50:31.940Z HEARTBEAT
2026-09-24T07:55:31.953Z HEARTBEAT
2026-09-24T08:00:31.957Z HEARTBEAT
2026-09-24T08:05:31.963Z HEARTBEAT
2026-09-24T08:10:31.966Z HEARTBEAT
2026-09-24T08:15:31.974Z HEARTBEAT
2026-09-24T08:20:31.988Z HEARTBEAT
2026-09-24T08:25:31.998Z HEARTBEAT
2026-09-24T08:30:32.006Z HEARTBEAT
2026-09-24T08:35:32.014Z HEARTBEAT
2026-09-24T08:40:32.014Z HEARTBEAT
2026-09-24T08:40:39.966Z cycle: 23 pending, 1 due
2026-09-24T08:40:40.622Z OK 暴动矿源虫 已停止刷新 (201)
2026-09-24T08:45:32.017Z HEARTBEAT
2026-09-24T08:50:32.029Z HEARTBEAT
2026-09-24T08:55:32.045Z HEARTBEAT
2026-09-24T09:00:14.434Z cycle: 22 pending, 1 due
2026-09-24T09:00:15.063Z OK 神酒 已停止刷新 (201)
2026-09-24T09:00:32.045Z HEARTBEAT
2026-09-24T09:05:32.060Z HEARTBEAT
2026-09-24T09:10:32.069Z HEARTBEAT
2026-09-24T09:15:32.082Z HEARTBEAT
2026-09-24T09:20:32.094Z HEARTBEAT
2026-09-24T09:25:32.102Z HEARTBEAT
2026-09-24T09:30:32.109Z HEARTBEAT
2026-09-24T09:35:32.108Z HEARTBEAT
2026-09-24T09:40:32.111Z HEARTBEAT
2026-09-24T09:45:32.111Z HEARTBEAT
2026-09-24T09:48:15.128Z cycle: 23 pending, 1 due
2026-09-24T09:48:15.897Z OK 真龙宝藏 刷新时间已到 (201)
2026-09-24T09:50:32.112Z HEARTBEAT
2026-09-24T09:55:32.113Z HEARTBEAT
2026-09-24T10:00:32.126Z HEARTBEAT
2026-09-24T10:05:32.128Z HEARTBEAT
2026-09-24T10:07:11.250Z cycle: 22 pending, 1 due
2026-09-24T10:07:13.088Z OK 夕阳花 刷新时间已到 (201)
2026-09-24T10:10:32.137Z HEARTBEAT
2026-09-24T10:13:11.596Z cycle: 21 pending, 1 due
2026-09-24T10:13:12.275Z OK 龟壳珍宝 刷新时间已到 (201)
2026-09-24T10:15:32.147Z HEARTBEAT
2026-09-24T10:18:11.607Z cycle: 20 pending, 1 due
2026-09-24T10:18:12.340Z OK 真龙宝藏 刷新时间已到 (201)
2026-09-24T10:20:32.155Z HEARTBEAT
2026-09-24T10:20:41.720Z cycle: 19 pending, 1 due
2026-09-24T10:20:42.342Z OK 芙蕾雅宝箱 刷新时间已到 (201)
2026-09-24T10:24:41.716Z cycle: 18 pending, 1 due
2026-09-24T10:24:42.346Z OK 龟壳珍宝 刷新时间已到 (201)
2026-09-24T10:25:15.925Z cycle: 17 pending, 1 due
2026-09-24T10:25:16.553Z OK 龟壳珍宝 分身6 刷新时间已到 (201)
2026-09-24T10:25:32.160Z HEARTBEAT
2026-09-24T10:30:32.172Z HEARTBEAT
2026-09-24T10:35:32.177Z HEARTBEAT
2026-09-24T10:40:32.183Z HEARTBEAT
2026-09-24T10:45:32.190Z HEARTBEAT
2026-09-24T10:50:32.189Z HEARTBEAT
2026-09-24T10:55:32.193Z HEARTBEAT
2026-09-24T11:00:32.202Z HEARTBEAT
2026-09-24T11:05:32.214Z HEARTBEAT
2026-09-24T11:06:42.213Z cycle: 19 pending, 1 due
2026-09-24T11:06:42.835Z OK 真龙宝藏 分身1 刷新时间已到 (201)
2026-09-24T11:10:32.220Z HEARTBEAT
2026-09-24T11:15:32.233Z HEARTBEAT
2026-09-24T11:20:32.243Z HEARTBEAT
2026-09-24T11:21:42.379Z cycle: 20 pending, 1 due
2026-09-24T11:21:43.233Z OK 钻头 物资已刷新 (201)
2026-09-24T11:25:32.258Z HEARTBEAT
2026-09-24T11:30:32.259Z HEARTBEAT
2026-09-24T11:35:32.272Z HEARTBEAT
2026-09-24T11:40:32.285Z HEARTBEAT
2026-09-24T11:45:32.299Z HEARTBEAT
2026-09-24T11:50:32.302Z HEARTBEAT
2026-09-24T11:55:32.311Z HEARTBEAT
2026-09-24T12:00:32.314Z HEARTBEAT
2026-09-24T12:05:32.315Z HEARTBEAT
2026-09-24T12:10:32.321Z HEARTBEAT
2026-09-24T12:12:43.193Z cycle: 21 pending, 1 due
2026-09-24T12:12:44.098Z OK 钻头 物资已刷新 (201)
2026-09-24T12:15:32.325Z HEARTBEAT
2026-09-24T12:20:32.336Z HEARTBEAT
2026-09-24T12:25:32.340Z HEARTBEAT
2026-09-24T12:30:32.349Z HEARTBEAT
2026-09-24T12:35:32.355Z HEARTBEAT
2026-09-24T12:40:32.368Z HEARTBEAT
2026-09-24T12:45:32.375Z HEARTBEAT
2026-09-24T12:50:32.386Z HEARTBEAT
2026-09-24T12:55:13.756Z cycle: 22 pending, 1 due
2026-09-24T12:55:14.397Z OK 大贝壳 刷新时间已到 (201)
2026-09-24T12:55:32.392Z HEARTBEAT
2026-09-24T13:00:32.400Z HEARTBEAT
2026-09-24T13:05:32.412Z HEARTBEAT
2026-09-24T13:10:32.419Z HEARTBEAT
2026-09-24T13:15:32.427Z HEARTBEAT
2026-09-24T13:20:32.435Z HEARTBEAT
2026-09-24T13:25:32.440Z HEARTBEAT
2026-09-24T13:30:32.449Z HEARTBEAT
2026-09-24T13:35:32.449Z HEARTBEAT
2026-09-24T13:40:32.448Z HEARTBEAT
2026-09-24T13:45:32.450Z HEARTBEAT
2026-09-24T13:45:44.478Z cycle: 22 pending, 1 due
2026-09-24T13:45:45.439Z OK 钻头 物资已刷新 (201)
2026-09-24T13:48:14.493Z cycle: 21 pending, 1 due
2026-09-24T13:48:15.336Z OK 真龙宝藏 已停止刷新 (201)
2026-09-24T13:50:32.450Z HEARTBEAT
2026-09-24T13:55:32.455Z HEARTBEAT
2026-09-24T14:00:32.458Z HEARTBEAT
2026-09-24T14:05:32.464Z HEARTBEAT
2026-09-24T14:07:15.045Z cycle: 20 pending, 1 due
2026-09-24T14:07:16.527Z OK 夕阳花 已停止刷新 (201)
2026-09-24T14:10:32.479Z HEARTBEAT
2026-09-24T14:13:14.870Z cycle: 19 pending, 1 due
2026-09-24T14:13:15.681Z OK 龟壳珍宝 已停止刷新 (201)
2026-09-24T14:15:32.482Z HEARTBEAT
2026-09-24T14:15:44.877Z cycle: 18 pending, 1 due
2026-09-24T14:15:46.460Z OK 钻头 物资已刷新 (201)
2026-09-24T14:20:32.490Z HEARTBEAT
2026-09-24T14:25:15.696Z cycle: 18 pending, 1 due
2026-09-24T14:25:16.314Z OK 龟壳珍宝 分身6 已停止刷新 (201)
2026-09-24T14:25:32.492Z HEARTBEAT
2026-09-24T14:30:32.491Z HEARTBEAT
2026-09-24T14:35:32.492Z HEARTBEAT
2026-09-24T14:40:32.497Z HEARTBEAT
2026-09-24T14:41:45.327Z cycle: 18 pending, 1 due
2026-09-24T14:41:45.965Z OK 芙蕾雅宝箱 刷新时间已到 (201)
2026-09-24T14:45:32.499Z HEARTBEAT
2026-09-24T14:50:32.511Z HEARTBEAT
2026-09-24T14:55:32.516Z HEARTBEAT
2026-09-24T15:00:32.521Z HEARTBEAT
2026-09-24T15:05:32.531Z HEARTBEAT
2026-09-24T15:06:15.769Z cycle: 18 pending, 1 due
2026-09-24T15:06:16.411Z OK 真龙宝藏 分身1 已停止刷新 (201)
2026-09-24T15:10:32.536Z HEARTBEAT
2026-09-24T15:15:32.540Z HEARTBEAT
2026-09-24T15:20:32.543Z HEARTBEAT
2026-09-24T15:25:32.556Z HEARTBEAT
2026-09-24T15:30:32.560Z HEARTBEAT
2026-09-24T15:35:16.421Z cycle: 17 pending, 1 due
2026-09-24T15:35:17.260Z OK 真龙宝藏 刷新时间已到 (201)
2026-09-24T15:35:32.569Z HEARTBEAT
2026-09-24T15:40:32.581Z HEARTBEAT
2026-09-24T15:45:32.582Z HEARTBEAT
2026-09-24T15:50:32.585Z HEARTBEAT
2026-09-24T15:55:32.596Z HEARTBEAT
2026-09-24T16:00:32.608Z HEARTBEAT
2026-09-24T16:05:32.621Z HEARTBEAT
2026-09-24T16:10:32.626Z HEARTBEAT
2026-09-24T16:15:32.632Z HEARTBEAT
2026-09-24T16:16:17.264Z cycle: 19 pending, 1 due
2026-09-24T16:16:17.884Z OK 钻头 物资已刷新 (201)
2026-09-24T16:20:20.898Z cycle: 18 pending, 1 due
2026-09-24T16:20:21.539Z OK 龟壳珍宝 刷新时间已到 (201)
2026-09-24T16:20:32.639Z HEARTBEAT
2026-09-24T16:25:32.649Z HEARTBEAT
2026-09-24T16:30:32.653Z HEARTBEAT
2026-09-24T16:35:32.654Z HEARTBEAT
2026-09-24T16:40:32.668Z HEARTBEAT
2026-09-24T16:45:32.682Z HEARTBEAT
2026-09-24T16:48:47.901Z cycle: 17 pending, 1 due
2026-09-24T16:48:49.806Z OK 大贝壳 刷新时间已到 (201)
2026-09-24T16:50:32.691Z HEARTBEAT
2026-09-24T16:55:32.692Z HEARTBEAT
2026-09-24T17:00:32.694Z HEARTBEAT
2026-09-24T17:05:32.698Z HEARTBEAT
2026-09-24T17:10:32.711Z HEARTBEAT
2026-09-24T17:15:32.721Z HEARTBEAT
2026-09-24T17:20:32.723Z HEARTBEAT
2026-09-24T17:25:32.727Z HEARTBEAT
2026-09-24T17:30:32.727Z HEARTBEAT
2026-09-24T17:35:32.730Z HEARTBEAT
2026-09-24T17:40:32.739Z HEARTBEAT
2026-09-24T17:45:32.745Z HEARTBEAT
2026-09-24T17:50:32.748Z HEARTBEAT
2026-09-24T17:55:32.757Z HEARTBEAT
2026-09-24T18:00:32.765Z HEARTBEAT
2026-09-24T18:05:32.779Z HEARTBEAT
2026-09-24T18:10:32.782Z HEARTBEAT
2026-09-24T18:13:48.637Z cycle: 18 pending, 1 due
2026-09-24T18:13:49.386Z OK 芙蕾雅宝箱 刷新时间已到 (201)
2026-09-24T18:15:32.788Z HEARTBEAT
2026-09-24T18:20:32.800Z HEARTBEAT
2026-09-24T18:25:32.813Z HEARTBEAT
2026-09-24T18:30:32.814Z HEARTBEAT
2026-09-24T18:35:32.816Z HEARTBEAT
2026-09-24T18:40:32.824Z HEARTBEAT
2026-09-24T18:45:32.824Z HEARTBEAT
2026-09-24T18:50:32.835Z HEARTBEAT
2026-09-24T18:55:32.838Z HEARTBEAT
2026-09-25T00:22:26.713Z === daemon starting ===
2026-09-25T00:22:26.719Z push daemon started (single instance)
2026-09-25T00:22:59.012Z cycle: 27 pending, 4 due
2026-09-25T00:22:59.677Z OK 真龙宝藏 分身7 刷新时间已到 (201)
2026-09-25T00:23:00.037Z OK 大企鹅 已停止刷新 (201)
2026-09-25T00:23:00.411Z OK 远古花苞 已停止刷新 (201)
2026-09-25T00:23:00.776Z OK 大企鹅 分身3 刷新时间已到 (201)
2026-09-25T00:27:26.720Z HEARTBEAT
2026-09-25T00:32:26.725Z HEARTBEAT
2026-09-25T00:37:26.736Z HEARTBEAT
2026-09-25T00:41:57.501Z cycle: 20 pending, 1 due
2026-09-25T00:41:58.136Z OK 暴动矿源虫 已停止刷新 (201)
2026-09-25T00:42:26.741Z HEARTBEAT
2026-09-25T00:45:01.582Z cycle: 19 pending, 1 due
2026-09-25T00:45:02.363Z OK 霜冻龙涎草 刷新时间已到 (201)
2026-09-25T00:47:26.752Z HEARTBEAT
2026-09-25T00:48:31.484Z cycle: 18 pending, 1 due
2026-09-25T00:48:32.150Z OK 大贝壳 已停止刷新 (201)
2026-09-25T00:52:26.754Z HEARTBEAT
2026-09-25T00:57:26.758Z HEARTBEAT
2026-09-25T01:02:26.766Z HEARTBEAT
2026-09-25T01:07:26.772Z HEARTBEAT
2026-09-25T01:12:26.776Z HEARTBEAT
2026-09-25T01:17:26.783Z HEARTBEAT
2026-09-25T01:18:27.988Z cycle: 17 pending, 1 due
2026-09-25T01:18:28.609Z OK 龟壳珍宝 已停止刷新 (201)
2026-09-25T01:22:26.783Z HEARTBEAT
2026-09-25T01:27:26.789Z HEARTBEAT
2026-09-25T01:32:26.797Z HEARTBEAT
2026-09-25T01:37:26.804Z HEARTBEAT
2026-09-25T01:42:26.819Z HEARTBEAT
2026-09-25T01:45:58.258Z cycle: 16 pending, 1 due
2026-09-25T01:45:58.902Z OK 芙蕾雅宝箱 已停止刷新 (201)
2026-09-25T01:47:26.833Z HEARTBEAT
2026-09-25T01:52:26.848Z HEARTBEAT
2026-09-25T01:57:26.855Z HEARTBEAT
2026-09-25T02:02:26.861Z HEARTBEAT
2026-09-25T02:07:26.874Z HEARTBEAT
2026-09-25T02:12:26.874Z HEARTBEAT
2026-09-25T02:12:28.715Z cycle: 15 pending, 1 due
2026-09-25T02:12:29.508Z OK 真龙宝藏 刷新时间已到 (201)
2026-09-25T02:17:26.889Z HEARTBEAT
2026-09-25T02:22:26.904Z HEARTBEAT
2026-09-25T02:27:26.917Z HEARTBEAT
2026-09-25T02:32:26.919Z HEARTBEAT
2026-09-25T02:37:26.927Z HEARTBEAT
2026-09-25T02:42:26.940Z HEARTBEAT
2026-09-25T02:47:26.955Z HEARTBEAT
2026-09-25T02:52:26.968Z HEARTBEAT
2026-09-25T02:57:26.972Z HEARTBEAT
2026-09-25T03:02:26.980Z HEARTBEAT
2026-09-25T03:07:26.981Z HEARTBEAT
2026-09-25T03:12:26.992Z HEARTBEAT
2026-09-25T03:17:27.003Z HEARTBEAT
2026-09-25T03:20:59.745Z cycle: 14 pending, 1 due
2026-09-25T03:21:00.422Z OK 真龙宝藏 已停止刷新 (201)
2026-09-25T03:22:27.013Z HEARTBEAT
2026-09-25T03:24:59.788Z cycle: 14 pending, 1 due
2026-09-25T03:25:00.439Z OK 真龙宝藏 分身7 已停止刷新 (201)
2026-09-25T03:27:27.019Z HEARTBEAT
2026-09-25T03:32:27.027Z HEARTBEAT
2026-09-25T03:37:27.039Z HEARTBEAT
2026-09-25T03:42:27.040Z HEARTBEAT
2026-09-25T03:47:27.040Z HEARTBEAT
2026-09-25T03:52:27.047Z HEARTBEAT
2026-09-25T03:57:27.049Z HEARTBEAT
2026-09-25T04:02:27.064Z HEARTBEAT
2026-09-25T04:07:27.065Z HEARTBEAT
2026-09-25T04:08:34.432Z cycle: 13 pending, 1 due
2026-09-25T04:08:35.055Z OK 钻头 物资已刷新 (201)
2026-09-25T04:12:00.661Z cycle: 12 pending, 1 due
2026-09-25T04:12:01.446Z OK 大企鹅 分身3 已停止刷新 (201)
2026-09-25T04:12:27.069Z HEARTBEAT
2026-09-25T04:17:27.071Z HEARTBEAT
2026-09-25T04:22:27.076Z HEARTBEAT
2026-09-25T04:27:27.079Z HEARTBEAT
2026-09-25T04:32:27.092Z HEARTBEAT
2026-09-25T04:37:27.100Z HEARTBEAT
2026-09-25T04:42:27.110Z HEARTBEAT
2026-09-25T04:47:27.112Z HEARTBEAT
2026-09-25T04:52:27.114Z HEARTBEAT
2026-09-25T04:57:27.123Z HEARTBEAT
2026-09-25T05:02:27.130Z HEARTBEAT
2026-09-25T05:07:27.145Z HEARTBEAT
2026-09-25T05:12:27.155Z HEARTBEAT
2026-09-25T05:17:27.156Z HEARTBEAT
2026-09-25T05:22:27.163Z HEARTBEAT
2026-09-25T05:27:27.168Z HEARTBEAT
2026-09-25T05:32:27.179Z HEARTBEAT
2026-09-25T05:37:27.183Z HEARTBEAT
2026-09-25T05:42:27.190Z HEARTBEAT
2026-09-25T05:47:27.202Z HEARTBEAT
2026-09-25T05:52:27.213Z HEARTBEAT
2026-09-25T05:57:27.227Z HEARTBEAT
2026-09-25T06:02:06.162Z cycle: 18 pending, 1 due
2026-09-25T06:02:06.837Z OK 钻头 物资已刷新 (201)
2026-09-25T06:02:27.235Z HEARTBEAT
2026-09-25T06:07:27.239Z HEARTBEAT
2026-09-25T06:12:27.247Z HEARTBEAT
2026-09-25T06:12:32.514Z cycle: 18 pending, 1 due
2026-09-25T06:12:33.663Z OK 真龙宝藏 已停止刷新 (201)
2026-09-25T06:14:36.357Z cycle: 17 pending, 1 due
2026-09-25T06:14:36.925Z OK 松露 物资已刷新 (201)
2026-09-25T06:17:27.255Z HEARTBEAT
2026-09-25T06:22:27.253Z HEARTBEAT
2026-09-25T06:23:36.518Z cycle: 18 pending, 1 due
2026-09-25T06:23:37.174Z OK 龟壳珍宝 刷新时间已到 (201)
2026-09-25T06:27:27.269Z HEARTBEAT
2026-09-25T06:32:27.281Z HEARTBEAT
2026-09-25T06:37:27.282Z HEARTBEAT
2026-09-25T06:42:27.294Z HEARTBEAT
2026-09-25T06:45:03.063Z cycle: 19 pending, 1 due
2026-09-25T06:45:03.626Z OK 霜冻龙涎草 已停止刷新 (201)
2026-09-25T06:47:27.303Z HEARTBEAT
2026-09-25T06:52:27.305Z HEARTBEAT
2026-09-25T06:57:27.310Z HEARTBEAT
2026-09-25T07:02:27.317Z HEARTBEAT
2026-09-25T07:07:27.319Z HEARTBEAT
2026-09-25T07:12:27.329Z HEARTBEAT
2026-09-25T07:17:27.344Z HEARTBEAT
2026-09-25T07:22:27.344Z HEARTBEAT
2026-09-25T07:27:27.357Z HEARTBEAT
2026-09-25T07:32:27.371Z HEARTBEAT
2026-09-25T07:37:27.373Z HEARTBEAT
2026-09-25T07:37:33.869Z cycle: 18 pending, 1 due
2026-09-25T07:37:34.520Z OK 黑曜石宝箱 刷新时间已到 (201)
2026-09-25T07:41:03.931Z cycle: 17 pending, 1 due
2026-09-25T07:41:04.553Z OK 黑曜石宝箱 分身1 刷新时间已到 (201)
2026-09-25T07:42:27.384Z HEARTBEAT
2026-09-25T07:47:27.396Z HEARTBEAT
2026-09-25T07:52:27.395Z HEARTBEAT
2026-09-25T07:57:27.408Z HEARTBEAT
2026-09-25T08:02:27.417Z HEARTBEAT
2026-09-25T08:07:27.425Z HEARTBEAT
2026-09-25T08:12:27.438Z HEARTBEAT
2026-09-25T08:17:27.452Z HEARTBEAT
2026-09-25T08:22:27.458Z HEARTBEAT
2026-09-25T08:27:27.470Z HEARTBEAT
2026-09-25T08:32:27.484Z HEARTBEAT
2026-09-25T08:34:34.647Z cycle: 16 pending, 1 due
2026-09-25T08:34:35.243Z OK 大贝壳 刷新时间已到 (201)
2026-09-25T08:37:27.494Z HEARTBEAT
2026-09-25T08:37:38.678Z cycle: 15 pending, 1 due
2026-09-25T08:37:39.339Z OK 黑曜石宝箱 已停止刷新 (201)
2026-09-25T08:40:38.703Z cycle: 16 pending, 1 due
2026-09-25T08:40:39.497Z OK 黑曜石宝箱 分身1 已停止刷新 (201)
2026-09-25T08:42:27.505Z HEARTBEAT
2026-09-25T08:45:04.742Z cycle: 15 pending, 1 due
2026-09-25T08:45:05.423Z OK 黑曜石宝箱 分身2 刷新时间已到 (201)
2026-09-25T08:47:27.512Z HEARTBEAT
2026-09-25T08:52:27.518Z HEARTBEAT
2026-09-25T08:57:27.529Z HEARTBEAT
2026-09-25T09:02:27.541Z HEARTBEAT
2026-09-25T09:07:27.556Z HEARTBEAT
2026-09-25T09:12:27.557Z HEARTBEAT
2026-09-25T09:17:27.571Z HEARTBEAT
2026-09-25T09:22:27.573Z HEARTBEAT
2026-09-25T09:27:27.587Z HEARTBEAT
2026-09-25T09:32:27.595Z HEARTBEAT
2026-09-25T09:37:27.605Z HEARTBEAT
2026-09-25T09:42:27.609Z HEARTBEAT
2026-09-25T09:45:05.724Z cycle: 16 pending, 1 due
2026-09-25T09:45:06.518Z OK 黑曜石宝箱 分身2 已停止刷新 (201)
2026-09-25T09:47:27.620Z HEARTBEAT
2026-09-25T09:52:27.630Z HEARTBEAT
2026-09-25T09:57:27.640Z HEARTBEAT
2026-09-25T10:02:27.650Z HEARTBEAT
2026-09-25T10:07:27.663Z HEARTBEAT
2026-09-25T10:12:27.677Z HEARTBEAT
2026-09-25T10:17:27.683Z HEARTBEAT
2026-09-25T10:19:36.242Z cycle: 15 pending, 1 due
2026-09-25T10:19:37.069Z OK 夕阳花 刷新时间已到 (201)
2026-09-25T10:22:27.696Z HEARTBEAT
2026-09-25T10:23:36.477Z cycle: 14 pending, 1 due
2026-09-25T10:23:37.128Z OK 龟壳珍宝 已停止刷新 (201)
2026-09-25T10:27:27.708Z HEARTBEAT
2026-09-25T10:32:27.710Z HEARTBEAT
2026-09-25T10:37:27.719Z HEARTBEAT
2026-09-25T10:40:36.748Z cycle: 13 pending, 1 due
2026-09-25T10:40:37.510Z OK 龟壳珍宝 刷新时间已到 (201)
2026-09-25T10:42:27.732Z HEARTBEAT
2026-09-25T10:47:27.741Z HEARTBEAT
2026-09-25T10:49:10.772Z cycle: 14 pending, 1 due
2026-09-25T10:49:11.777Z OK 龟壳珍宝 分身9 刷新时间已到 (201)
2026-09-25T10:52:27.753Z HEARTBEAT
2026-09-25T10:57:27.762Z HEARTBEAT
2026-09-25T11:02:27.762Z HEARTBEAT
2026-09-25T11:07:27.765Z HEARTBEAT
2026-09-25T11:12:27.773Z HEARTBEAT
2026-09-25T11:17:27.777Z HEARTBEAT
2026-09-25T11:22:27.790Z HEARTBEAT
2026-09-25T11:27:27.792Z HEARTBEAT
2026-09-25T11:32:27.799Z HEARTBEAT
2026-09-25T11:37:27.807Z HEARTBEAT
2026-09-25T11:42:27.820Z HEARTBEAT
2026-09-25T11:47:27.821Z HEARTBEAT
2026-09-25T11:52:27.830Z HEARTBEAT
2026-09-25T11:57:27.839Z HEARTBEAT
2026-09-25T12:02:27.848Z HEARTBEAT
2026-09-25T12:07:27.861Z HEARTBEAT
2026-09-25T12:12:27.866Z HEARTBEAT
2026-09-25T12:17:27.869Z HEARTBEAT
2026-09-25T12:22:27.870Z HEARTBEAT
2026-09-25T12:27:27.883Z HEARTBEAT
2026-09-25T12:32:27.892Z HEARTBEAT
2026-09-25T12:34:12.118Z cycle: 13 pending, 1 due
2026-09-25T12:34:12.787Z OK 大贝壳 已停止刷新 (201)
2026-09-25T12:37:27.898Z HEARTBEAT
2026-09-25T12:42:27.911Z HEARTBEAT
2026-09-25T12:47:27.914Z HEARTBEAT
2026-09-25T12:47:38.255Z cycle: 12 pending, 1 due
2026-09-25T12:47:39.201Z OK 真龙宝藏 刷新时间已到 (201)
2026-09-25T12:52:27.921Z HEARTBEAT
2026-09-25T12:57:27.928Z HEARTBEAT
2026-09-25T13:02:27.939Z HEARTBEAT
2026-09-25T13:07:27.950Z HEARTBEAT
2026-09-25T13:12:27.959Z HEARTBEAT
2026-09-25T13:17:27.967Z HEARTBEAT
2026-09-25T13:22:27.968Z HEARTBEAT
2026-09-25T13:27:27.969Z HEARTBEAT
2026-09-25T13:32:27.975Z HEARTBEAT
2026-09-25T13:37:27.977Z HEARTBEAT
2026-09-25T13:42:27.982Z HEARTBEAT
2026-09-25T13:47:27.994Z HEARTBEAT
2026-09-25T13:52:27.999Z HEARTBEAT
2026-09-25T13:57:28.008Z HEARTBEAT
2026-09-25T14:02:28.009Z HEARTBEAT
2026-09-25T14:07:28.018Z HEARTBEAT
2026-09-25T14:12:28.033Z HEARTBEAT
2026-09-25T14:17:26.843Z HEARTBEAT
2026-09-25T14:19:38.549Z cycle: 11 pending, 1 due
2026-09-25T14:19:40.172Z OK 夕阳花 已停止刷新 (201)
2026-09-25T14:22:26.853Z HEARTBEAT
2026-09-25T14:27:26.859Z HEARTBEAT
2026-09-25T14:32:26.863Z HEARTBEAT
2026-09-25T14:37:26.867Z HEARTBEAT
2026-09-25T14:40:09.605Z cycle: 10 pending, 1 due
2026-09-25T14:40:10.256Z OK 龟壳珍宝 已停止刷新 (201)
2026-09-25T14:42:26.882Z HEARTBEAT
2026-09-25T14:47:26.895Z HEARTBEAT
2026-09-25T14:49:08.873Z cycle: 9 pending, 1 due
2026-09-25T14:49:10.046Z OK 龟壳珍宝 分身9 已停止刷新 (201)
2026-09-25T14:52:26.907Z HEARTBEAT
2026-09-25T14:57:26.910Z HEARTBEAT
2026-09-25T15:02:26.921Z HEARTBEAT
2026-09-25T15:07:26.928Z HEARTBEAT
2026-09-25T15:12:26.934Z HEARTBEAT
2026-09-25T15:17:26.934Z HEARTBEAT
2026-09-25T15:22:26.947Z HEARTBEAT
2026-09-25T15:27:26.949Z HEARTBEAT
2026-09-25T15:32:26.959Z HEARTBEAT
2026-09-25T15:37:26.962Z HEARTBEAT
2026-09-25T15:42:26.971Z HEARTBEAT
2026-09-25T15:47:26.973Z HEARTBEAT
2026-09-25T15:52:26.978Z HEARTBEAT
2026-09-25T15:57:26.978Z HEARTBEAT
2026-09-25T16:02:26.980Z HEARTBEAT
2026-09-25T16:07:26.992Z HEARTBEAT
2026-09-25T16:12:27.006Z HEARTBEAT
2026-09-25T16:17:27.009Z HEARTBEAT
2026-09-25T16:22:27.011Z HEARTBEAT
2026-09-25T16:27:27.016Z HEARTBEAT
2026-09-25T16:32:27.026Z HEARTBEAT
2026-09-25T16:37:27.028Z HEARTBEAT
2026-09-25T16:42:27.032Z HEARTBEAT
2026-09-25T16:47:11.178Z cycle: 8 pending, 1 due
2026-09-25T16:47:11.978Z OK 真龙宝藏 已停止刷新 (201)
2026-09-25T16:47:27.043Z HEARTBEAT
2026-09-25T16:52:27.045Z HEARTBEAT
2026-09-25T16:57:27.051Z HEARTBEAT
2026-09-25T17:02:27.053Z HEARTBEAT
2026-09-25T23:21:17.753Z === daemon starting ===
2026-09-25T23:21:17.760Z push daemon started (single instance)
2026-09-25T23:21:49.186Z cycle: 32 pending, 1 due
2026-09-25T23:21:49.810Z OK 勇猛勋章 刷新时间已到 (201)
2026-09-25T23:26:17.762Z HEARTBEAT
2026-09-25T23:31:17.768Z HEARTBEAT
2026-09-25T23:36:17.768Z HEARTBEAT
2026-09-25T23:41:17.777Z HEARTBEAT
2026-09-25T23:46:17.784Z HEARTBEAT
2026-09-25T23:51:17.797Z HEARTBEAT
2026-09-25T23:56:17.810Z HEARTBEAT
2026-09-26T00:01:17.815Z HEARTBEAT
2026-09-26T00:06:17.827Z HEARTBEAT
2026-09-26T00:11:17.831Z HEARTBEAT
2026-09-26T00:16:17.844Z HEARTBEAT
2026-09-26T00:21:17.845Z HEARTBEAT
2026-09-26T00:26:17.852Z HEARTBEAT
2026-09-26T00:31:17.858Z HEARTBEAT
2026-09-26T00:36:17.871Z HEARTBEAT
2026-09-26T00:41:17.872Z HEARTBEAT
2026-09-26T00:46:17.886Z HEARTBEAT
2026-09-26T00:51:17.899Z HEARTBEAT
2026-09-26T00:56:17.907Z HEARTBEAT
2026-09-26T01:01:17.913Z HEARTBEAT
2026-09-26T01:06:17.917Z HEARTBEAT
2026-09-26T01:11:17.924Z HEARTBEAT
2026-09-26T01:16:17.930Z HEARTBEAT
2026-09-26T01:21:17.933Z HEARTBEAT
2026-09-26T01:21:54.226Z cycle: 28 pending, 1 due
2026-09-26T01:21:54.906Z OK 天空岛精英怪 刷新时间已到 (201)
2026-09-26T01:26:17.943Z HEARTBEAT
2026-09-26T01:29:21.435Z cycle: 27 pending, 1 due
2026-09-26T01:29:22.324Z OK 瓦雷亚宝箱 刷新时间已到 (201)
2026-09-26T01:31:17.954Z HEARTBEAT
2026-09-26T01:36:17.961Z HEARTBEAT
2026-09-26T01:41:17.973Z HEARTBEAT
2026-09-26T01:46:17.981Z HEARTBEAT
2026-09-26T01:51:17.981Z HEARTBEAT
2026-09-26T01:56:17.984Z HEARTBEAT
2026-09-26T02:01:17.984Z HEARTBEAT
2026-09-26T02:01:25.056Z cycle: 28 pending, 1 due
2026-09-26T02:01:25.902Z OK 大企鹅 已停止刷新 (201)
2026-09-26T02:04:50.665Z cycle: 27 pending, 1 due
2026-09-26T02:04:51.267Z OK 淘气仙灵 刷新时间已到 (201)
2026-09-26T02:06:17.991Z HEARTBEAT
2026-09-26T02:11:18.001Z HEARTBEAT
2026-09-26T02:16:18.007Z HEARTBEAT
2026-09-26T02:21:18.014Z HEARTBEAT
2026-09-26T02:21:50.896Z cycle: 26 pending, 1 due
2026-09-26T02:21:51.726Z OK 天空岛精英怪 已停止刷新 (201)
2026-09-26T02:26:18.018Z HEARTBEAT
2026-09-26T02:29:20.985Z cycle: 25 pending, 1 due
2026-09-26T02:29:21.641Z OK 瓦雷亚宝箱 已停止刷新 (201)
2026-09-26T02:31:18.022Z HEARTBEAT
2026-09-26T02:36:18.037Z HEARTBEAT
2026-09-26T02:41:18.041Z HEARTBEAT
2026-09-26T02:46:18.051Z HEARTBEAT
2026-09-26T02:51:18.062Z HEARTBEAT
2026-09-26T02:56:18.065Z HEARTBEAT
2026-09-26T03:00:55.481Z cycle: 26 pending, 1 due
2026-09-26T03:00:56.254Z OK 勇猛勋章 已停止刷新 (201)
2026-09-26T03:01:18.069Z HEARTBEAT
2026-09-26T03:06:18.073Z HEARTBEAT
2026-09-26T03:11:18.074Z HEARTBEAT
2026-09-26T03:16:18.087Z HEARTBEAT
2026-09-26T03:21:18.096Z HEARTBEAT
2026-09-26T03:26:18.108Z HEARTBEAT
2026-09-26T03:31:18.112Z HEARTBEAT
2026-09-26T03:31:22.112Z cycle: 25 pending, 1 due
2026-09-26T03:31:22.911Z OK 弥莲 刷新时间已到 (201)
2026-09-26T03:36:18.126Z HEARTBEAT
2026-09-26T03:41:18.134Z HEARTBEAT
2026-09-26T03:42:22.207Z cycle: 24 pending, 1 due
2026-09-26T03:42:22.785Z OK 淘气仙灵 分身1 刷新时间已到 (201)
2026-09-26T03:42:52.152Z cycle: 23 pending, 1 due
2026-09-26T03:42:52.757Z OK 淘气仙灵 分身2 刷新时间已到 (201)
2026-09-26T03:43:22.211Z cycle: 22 pending, 2 due
2026-09-26T03:43:22.796Z OK 淘气仙灵 分身3 刷新时间已到 (201)
2026-09-26T03:43:23.173Z OK 淘气仙灵 分身4 刷新时间已到 (201)
2026-09-26T03:43:52.194Z cycle: 20 pending, 1 due
2026-09-26T03:43:52.739Z OK 淘气仙灵 分身5 刷新时间已到 (201)
2026-09-26T03:45:22.405Z cycle: 19 pending, 1 due
2026-09-26T03:45:23.062Z OK 大贝壳 刷新时间已到 (201)
2026-09-26T03:46:18.139Z HEARTBEAT
2026-09-26T03:51:18.142Z HEARTBEAT
2026-09-26T03:56:18.153Z HEARTBEAT
2026-09-26T04:01:18.160Z HEARTBEAT
2026-09-26T04:04:26.472Z cycle: 21 pending, 1 due
2026-09-26T04:04:27.096Z OK 淘气仙灵 已停止刷新 (201)
2026-09-26T04:06:18.165Z HEARTBEAT
2026-09-26T04:07:52.505Z cycle: 21 pending, 1 due
2026-09-26T04:07:53.146Z OK 钻头 分身2 物资已刷新 (201)
2026-09-26T04:11:18.178Z HEARTBEAT
2026-09-26T04:16:18.179Z HEARTBEAT
2026-09-26T04:21:18.180Z HEARTBEAT
2026-09-26T04:26:18.183Z HEARTBEAT
2026-09-26T04:31:18.188Z HEARTBEAT
2026-09-26T04:36:18.193Z HEARTBEAT
2026-09-26T04:41:18.198Z HEARTBEAT
2026-09-26T04:46:18.208Z HEARTBEAT
2026-09-26T04:51:18.223Z HEARTBEAT
2026-09-26T04:56:18.237Z HEARTBEAT
2026-09-26T05:00:23.274Z cycle: 20 pending, 1 due
2026-09-26T05:00:23.963Z OK 钻头 物资已刷新 (201)
2026-09-26T05:01:18.244Z HEARTBEAT
2026-09-26T05:06:18.257Z HEARTBEAT
2026-09-26T05:11:18.260Z HEARTBEAT
2026-09-26T05:16:18.274Z HEARTBEAT
2026-09-26T05:21:18.274Z HEARTBEAT
2026-09-26T05:26:18.280Z HEARTBEAT
2026-09-26T05:31:18.283Z HEARTBEAT
2026-09-26T05:36:18.294Z HEARTBEAT
2026-09-26T05:36:53.968Z cycle: 20 pending, 2 due
2026-09-26T05:36:54.829Z OK 淘气仙灵 分身1 刷新时间已到 (201)
2026-09-26T05:36:55.322Z OK 淘气仙灵 分身2 刷新时间已到 (201)
2026-09-26T05:41:18.302Z HEARTBEAT
2026-09-26T05:46:18.305Z HEARTBEAT
2026-09-26T05:51:18.318Z HEARTBEAT
2026-09-26T05:56:18.321Z HEARTBEAT
2026-09-26T06:01:18.324Z HEARTBEAT
2026-09-26T06:02:24.186Z cycle: 18 pending, 1 due
2026-09-26T06:02:24.857Z OK 芙蕾雅宝箱 刷新时间已到 (201)
2026-09-26T06:06:18.337Z HEARTBEAT
2026-09-26T06:11:18.340Z HEARTBEAT
2026-09-26T06:16:18.353Z HEARTBEAT
2026-09-26T06:21:18.366Z HEARTBEAT
2026-09-26T06:26:18.366Z HEARTBEAT
2026-09-26T06:26:58.849Z cycle: 21 pending, 1 due
2026-09-26T06:26:59.496Z OK 钻头 物资已刷新 (201)
2026-09-26T06:31:18.369Z HEARTBEAT
2026-09-26T06:36:18.377Z HEARTBEAT
2026-09-26T06:41:18.390Z HEARTBEAT
2026-09-26T06:46:18.401Z HEARTBEAT
2026-09-26T06:51:18.409Z HEARTBEAT
2026-09-26T06:56:18.422Z HEARTBEAT
2026-09-26T07:01:18.430Z HEARTBEAT
2026-09-26T07:06:18.439Z HEARTBEAT
2026-09-26T07:11:18.450Z HEARTBEAT
2026-09-26T07:16:18.453Z HEARTBEAT
2026-09-26T07:21:18.455Z HEARTBEAT
2026-09-26T07:23:55.432Z cycle: 30 pending, 1 due
2026-09-26T07:23:56.123Z OK 深海珊瑚 刷新时间已到 (201)
2026-09-26T07:26:18.457Z HEARTBEAT
2026-09-26T07:31:18.466Z HEARTBEAT
2026-09-26T07:36:18.469Z HEARTBEAT
2026-09-26T07:41:18.481Z HEARTBEAT
2026-09-26T07:45:25.766Z cycle: 36 pending, 1 due
2026-09-26T07:45:26.674Z OK 大贝壳 已停止刷新 (201)
2026-09-26T07:46:18.486Z HEARTBEAT
2026-09-26T07:51:18.491Z HEARTBEAT
2026-09-26T07:56:18.494Z HEARTBEAT
2026-09-26T08:01:18.499Z HEARTBEAT
2026-09-26T08:04:26.014Z cycle: 37 pending, 1 due
2026-09-26T08:04:27.613Z OK 芙蕾雅宝箱 刷新时间已到 (201)
2026-09-26T08:06:18.501Z HEARTBEAT
2026-09-26T08:06:26.093Z cycle: 36 pending, 1 due
2026-09-26T08:06:26.748Z OK 芙蕾雅宝箱 分身6 刷新时间已到 (201)
2026-09-26T08:10:25.923Z cycle: 39 pending, 2 due
2026-09-26T08:10:26.564Z OK 龙涎草 刷新时间已到 (201)
2026-09-26T08:10:27.117Z OK 钻头 物资已刷新 (201)
2026-09-26T08:11:18.513Z HEARTBEAT
2026-09-26T08:16:18.526Z HEARTBEAT
2026-09-26T08:21:18.532Z HEARTBEAT
2026-09-26T08:26:18.547Z HEARTBEAT
2026-09-26T08:31:18.549Z HEARTBEAT
2026-09-26T08:36:18.553Z HEARTBEAT
2026-09-26T08:41:18.565Z HEARTBEAT
2026-09-26T08:41:26.360Z cycle: 38 pending, 1 due
2026-09-26T08:41:27.134Z OK 柱子法师 刷新时间已到 (201)
2026-09-26T08:46:18.573Z HEARTBEAT
2026-09-26T08:47:56.475Z cycle: 37 pending, 1 due
2026-09-26T08:47:58.057Z OK 龟壳珍宝 刷新时间已到 (201)
2026-09-26T08:48:56.395Z cycle: 36 pending, 1 due
2026-09-26T08:48:56.945Z OK 龟壳珍宝 分身9 刷新时间已到 (201)
2026-09-26T08:51:18.575Z HEARTBEAT
2026-09-26T08:56:18.578Z HEARTBEAT
2026-09-26T09:01:18.583Z HEARTBEAT
2026-09-26T09:06:18.596Z HEARTBEAT
2026-09-26T09:11:00.912Z cycle: 35 pending, 1 due
2026-09-26T09:11:02.729Z OK 柱子法师 已停止刷新 (201)
2026-09-26T09:11:18.609Z HEARTBEAT
2026-09-26T09:16:18.622Z HEARTBEAT
2026-09-26T09:16:56.860Z cycle: 34 pending, 1 due
2026-09-26T09:16:57.517Z OK 龟壳珍宝 分身5 刷新时间已到 (201)
2026-09-26T09:18:26.911Z cycle: 33 pending, 1 due
2026-09-26T09:18:29.017Z OK 龟壳珍宝 分身6 刷新时间已到 (201)
2026-09-26T09:21:18.635Z HEARTBEAT
2026-09-26T09:22:56.893Z cycle: 32 pending, 1 due
2026-09-26T09:22:57.712Z OK 龟壳珍宝 分身7 刷新时间已到 (201)
2026-09-26T09:24:57.097Z cycle: 31 pending, 1 due
2026-09-26T09:24:57.694Z OK 龟壳珍宝 刷新时间已到 (201)
2026-09-26T09:26:18.649Z HEARTBEAT
2026-09-26T09:31:18.653Z HEARTBEAT
2026-09-26T09:31:31.275Z cycle: 30 pending, 1 due
2026-09-26T09:31:32.069Z OK 弥莲 已停止刷新 (201)
2026-09-26T09:31:57.049Z cycle: 29 pending, 1 due
2026-09-26T09:31:57.826Z OK 龟壳珍宝 分身3 刷新时间已到 (201)
2026-09-26T09:36:18.657Z HEARTBEAT
2026-09-26T09:36:57.177Z cycle: 28 pending, 1 due
2026-09-26T09:36:58.000Z OK 龟壳珍宝 分身1 刷新时间已到 (201)
2026-09-26T09:41:18.657Z HEARTBEAT
2026-09-26T09:46:18.659Z HEARTBEAT
2026-09-26T09:51:18.668Z HEARTBEAT
2026-09-26T09:56:18.669Z HEARTBEAT
2026-09-26T09:59:57.562Z cycle: 27 pending, 1 due
2026-09-26T09:59:58.188Z OK 芙蕾雅宝箱 分身1 刷新时间已到 (201)
2026-09-26T10:01:18.680Z HEARTBEAT
2026-09-26T10:02:27.706Z cycle: 26 pending, 1 due
2026-09-26T10:02:28.388Z OK 芙蕾雅宝箱 已停止刷新 (201)
2026-09-26T10:06:01.625Z cycle: 25 pending, 1 due
2026-09-26T10:06:02.259Z OK 钻头 物资已刷新 (201)
2026-09-26T10:06:18.680Z HEARTBEAT
2026-09-26T10:06:57.664Z cycle: 24 pending, 1 due
2026-09-26T10:06:58.277Z OK 芙蕾雅宝箱 分身3 刷新时间已到 (201)
2026-09-26T10:09:31.938Z cycle: 23 pending, 1 due
2026-09-26T10:09:32.754Z OK 芙蕾雅宝箱 分身4 刷新时间已到 (201)
2026-09-26T10:11:18.682Z HEARTBEAT
2026-09-26T10:16:18.689Z HEARTBEAT
2026-09-26T10:21:18.690Z HEARTBEAT
2026-09-26T10:26:18.701Z HEARTBEAT
2026-09-26T10:31:18.711Z HEARTBEAT
2026-09-26T10:36:18.715Z HEARTBEAT
2026-09-26T10:41:18.719Z HEARTBEAT
2026-09-26T10:46:18.728Z HEARTBEAT
2026-09-26T10:51:18.732Z HEARTBEAT
2026-09-26T10:56:18.736Z HEARTBEAT
2026-09-26T11:01:18.739Z HEARTBEAT
2026-09-26T11:06:18.750Z HEARTBEAT
2026-09-26T11:11:18.752Z HEARTBEAT
2026-09-26T11:16:18.763Z HEARTBEAT
2026-09-26T11:21:18.765Z HEARTBEAT
2026-09-26T11:26:18.777Z HEARTBEAT
2026-09-26T11:31:18.786Z HEARTBEAT
2026-09-26T11:36:18.800Z HEARTBEAT
2026-09-26T11:41:18.806Z HEARTBEAT
2026-09-26T11:46:18.808Z HEARTBEAT
2026-09-26T11:51:18.816Z HEARTBEAT
2026-09-26T11:56:18.822Z HEARTBEAT
2026-09-26T12:01:18.824Z HEARTBEAT
2026-09-26T12:04:29.558Z cycle: 28 pending, 1 due
2026-09-26T12:04:30.251Z OK 芙蕾雅宝箱 已停止刷新 (201)
2026-09-26T12:06:03.632Z cycle: 27 pending, 1 due
2026-09-26T12:06:04.460Z OK 芙蕾雅宝箱 分身6 已停止刷新 (201)
2026-09-26T12:06:18.826Z HEARTBEAT
2026-09-26T12:11:18.827Z HEARTBEAT
2026-09-26T12:16:18.835Z HEARTBEAT
2026-09-26T12:21:18.847Z HEARTBEAT
2026-09-26T12:26:18.858Z HEARTBEAT
2026-09-26T12:31:18.863Z HEARTBEAT
2026-09-26T12:33:29.956Z cycle: 26 pending, 1 due
2026-09-26T12:33:30.767Z OK 龟壳珍宝 分身6 刷新时间已到 (201)
2026-09-26T12:35:29.900Z cycle: 25 pending, 1 due
2026-09-26T12:35:31.363Z OK 龟壳珍宝 分身5 刷新时间已到 (201)
2026-09-26T12:36:18.868Z HEARTBEAT
2026-09-26T12:41:18.881Z HEARTBEAT
2026-09-26T12:43:29.993Z cycle: 24 pending, 1 due
2026-09-26T12:43:30.778Z OK 龟壳珍宝 分身2 刷新时间已到 (201)
2026-09-26T12:46:18.891Z HEARTBEAT
2026-09-26T12:51:18.897Z HEARTBEAT
2026-09-26T12:56:18.907Z HEARTBEAT
2026-09-26T13:01:18.916Z HEARTBEAT
2026-09-26T13:04:04.343Z cycle: 25 pending, 1 due
2026-09-26T13:04:05.187Z OK 龟壳珍宝 分身3 刷新时间已到 (201)
2026-09-26T13:06:18.922Z HEARTBEAT
2026-09-26T13:06:34.348Z cycle: 24 pending, 1 due
2026-09-26T13:06:34.965Z OK 龟壳珍宝 分身1 刷新时间已到 (201)
2026-09-26T13:11:18.936Z HEARTBEAT
2026-09-26T13:16:18.939Z HEARTBEAT
2026-09-26T13:17:40.802Z fetch retry 1: fetch failed
2026-09-26T13:17:51.541Z fetch retry 2: fetch failed
2026-09-26T13:21:18.947Z HEARTBEAT
2026-09-26T13:24:00.735Z cycle: 24 pending, 1 due
2026-09-26T13:24:01.412Z OK 深海珊瑚 已停止刷新 (201)
2026-09-26T13:25:04.619Z cycle: 23 pending, 1 due
2026-09-26T13:25:05.250Z OK 龟壳珍宝 已停止刷新 (201)
2026-09-26T13:26:18.958Z HEARTBEAT
2026-09-26T13:31:18.963Z HEARTBEAT
2026-09-26T13:36:18.965Z HEARTBEAT
2026-09-26T13:41:18.969Z HEARTBEAT
2026-09-26T13:46:18.975Z HEARTBEAT
2026-09-26T13:51:18.983Z HEARTBEAT
2026-09-26T13:56:18.989Z HEARTBEAT
2026-09-26T14:00:01.256Z cycle: 21 pending, 1 due
2026-09-26T14:00:02.073Z OK 芙蕾雅宝箱 分身1 已停止刷新 (201)
2026-09-26T14:01:18.998Z HEARTBEAT
2026-09-26T14:06:19.007Z HEARTBEAT
2026-09-26T14:11:19.011Z HEARTBEAT
2026-09-26T14:16:17.143Z HEARTBEAT
2026-09-26T14:21:17.158Z HEARTBEAT
2026-09-26T14:23:59.685Z cycle: 20 pending, 1 due
2026-09-26T14:24:00.358Z OK 龟壳珍宝 刷新时间已到 (201)
2026-09-26T14:26:17.168Z HEARTBEAT
2026-09-26T14:31:17.176Z HEARTBEAT
2026-09-26T14:36:17.178Z HEARTBEAT
2026-09-26T14:41:17.193Z HEARTBEAT
2026-09-26T14:46:17.193Z HEARTBEAT
2026-09-26T14:51:17.196Z HEARTBEAT
2026-09-26T14:52:00.635Z cycle: 24 pending, 1 due
2026-09-26T14:52:01.612Z OK 龟壳珍宝 分身9 刷新时间已到 (201)
2026-09-26T14:56:17.199Z HEARTBEAT
2026-09-26T15:01:17.211Z HEARTBEAT
2026-09-26T15:06:17.213Z HEARTBEAT
2026-09-26T15:10:31.219Z cycle: 23 pending, 1 due
2026-09-26T15:10:32.400Z OK 芙蕾雅宝箱 刷新时间已到 (201)
2026-09-26T15:11:17.221Z HEARTBEAT
2026-09-26T15:12:30.876Z cycle: 22 pending, 1 due
2026-09-26T15:12:32.663Z OK 芙蕾雅宝箱 分身4 刷新时间已到 (201)
2026-09-26T15:16:17.229Z HEARTBEAT
2026-09-26T15:21:17.244Z HEARTBEAT
2026-09-26T15:26:17.250Z HEARTBEAT
2026-09-26T15:31:17.262Z HEARTBEAT
2026-09-26T15:36:17.262Z HEARTBEAT
2026-09-26T15:41:17.273Z HEARTBEAT
2026-09-26T15:46:17.287Z HEARTBEAT
2026-09-26T15:51:17.290Z HEARTBEAT
2026-09-26T15:56:17.301Z HEARTBEAT
2026-09-26T16:01:17.310Z HEARTBEAT
2026-09-26T16:06:17.312Z HEARTBEAT
2026-09-27T00:20:00.526Z === daemon starting ===
2026-09-27T00:20:00.535Z push daemon started (single instance)
2026-09-27T00:25:00.533Z HEARTBEAT
2026-09-27T00:30:00.546Z HEARTBEAT
2026-09-27T00:35:00.557Z HEARTBEAT
2026-09-27T00:40:00.559Z HEARTBEAT
2026-09-27T00:45:00.561Z HEARTBEAT
2026-09-27T00:50:00.560Z HEARTBEAT
2026-09-27T00:55:00.565Z HEARTBEAT
2026-09-27T01:00:00.580Z HEARTBEAT
2026-09-27T01:05:00.581Z HEARTBEAT
2026-09-27T01:10:00.587Z HEARTBEAT
2026-09-27T01:15:00.593Z HEARTBEAT
2026-09-27T01:20:00.602Z HEARTBEAT
2026-09-27T01:25:00.607Z HEARTBEAT
2026-09-27T01:25:32.087Z cycle: 24 pending, 1 due
2026-09-27T01:25:32.925Z OK 芙蕾雅宝箱 已停止刷新 (201)
2026-09-27T01:26:36.314Z cycle: 23 pending, 1 due
2026-09-27T01:26:36.972Z OK 芙蕾雅宝箱 分身5 刷新时间已到 (201)
